id,platform,source_id,source_url,source_title,source_account,source_date,event,scraped_at,comment_id,parent_id,is_reply,author_hash,text_raw,like_count,published_at,author_followers
IGX_000001,instagram,Dd2SQsGB4Lm,https://www.instagram.com/p/Dd2SQsGB4Lm/,"Benarkah kondisi karhutla di Kalimantan masih bisa disebut normal? Coba lihat gambaran dari udara ini! Pada 23 September 2026, Kepala BNPB Suharyanto melaporkan dalam rapat terbatas bersama Presiden b",sumardionogeologist7,2026-09-28T22:44:19Z,karhutla_kalimantan,2026-09-29,18474935998115610,,False,83cdb3c91e,normal eh normal buat ditanami sawit,277,2026-09-28T23:06:39Z,
IGX_000002,instagram,Dd2SQsGB4Lm,https://www.instagram.com/p/Dd2SQsGB4Lm/,"Benarkah kondisi karhutla di Kalimantan masih bisa disebut normal? Coba lihat gambaran dari udara ini! Pada 23 September 2026, Kepala BNPB Suharyanto melaporkan dalam rapat terbatas bersama Presiden b",sumardionogeologist7,2026-09-28T22:44:19Z,karhutla_kalimantan,2026-09-29,18158663659441845,,False,19c3c3a6c0,miris sama pejabat sekarang begitu takutnya membuka kenyataan kerusakan alam keracunan mbg penanganan bencana alam yang tidak merata asal bapak senang ternyata jauh lebih penting yang dikorbankan rakyatnya hewan2 habitat dihutan pohon2 yang menjadi sumber kehidupan manusia,230,2026-09-28T23:57:42Z,
IGX_000003,instagram,Dd2SQsGB4Lm,https://www.instagram.com/p/Dd2SQsGB4Lm/,"Benarkah kondisi karhutla di Kalimantan masih bisa disebut normal? Coba lihat gambaran dari udara ini! Pada 23 September 2026, Kepala BNPB Suharyanto melaporkan dalam rapat terbatas bersama Presiden b",sumardionogeologist7,2026-09-28T22:44:19Z,karhutla_kalimantan,2026-09-29,18628179694031074,,False,9acc117c33,trimakasih orang baik,13,2026-09-29T05:20:34Z,
IGX_000004,instagram,Dd2SQsGB4Lm,https://www.instagram.com/p/Dd2SQsGB4Lm/,"Benarkah kondisi karhutla di Kalimantan masih bisa disebut normal? Coba lihat gambaran dari udara ini! Pada 23 September 2026, Kepala BNPB Suharyanto melaporkan dalam rapat terbatas bersama Presiden b",sumardionogeologist7,2026-09-28T22:44:19Z,karhutla_kalimantan,2026-09-29,18482885689107244,,False,965e81eef1,sungguh presiden jajarannya dan pemilihnya akan dimintai pertanggungjawaban,15,2026-09-29T09:53:04Z,
IGX_000005,instagram,Dd2SQsGB4Lm,https://www.instagram.com/p/Dd2SQsGB4Lm/,"Benarkah kondisi karhutla di Kalimantan masih bisa disebut normal? Coba lihat gambaran dari udara ini! Pada 23 September 2026, Kepala BNPB Suharyanto melaporkan dalam rapat terbatas bersama Presiden b",sumardionogeologist7,2026-09-28T22:44:19Z,karhutla_kalimantan,2026-09-29,18490976920104514,,False,859f2b9887,kami aceh sudah rasa kata2 baik baik saja jilat,8,2026-09-29T09:53:30Z,
IGX_000006,instagram,Dd2SQsGB4Lm,https://www.instagram.com/p/Dd2SQsGB4Lm/,"Benarkah kondisi karhutla di Kalimantan masih bisa disebut normal? Coba lihat gambaran dari udara ini! Pada 23 September 2026, Kepala BNPB Suharyanto melaporkan dalam rapat terbatas bersama Presiden b",sumardionogeologist7,2026-09-28T22:44:19Z,karhutla_kalimantan,2026-09-29,17945614911345219,,False,d0a3589e67,saya mendapat laporan,9,2026-09-29T08:53:30Z,
IGX_000007,instagram,Dd2SQsGB4Lm,https://www.instagram.com/p/Dd2SQsGB4Lm/,"Benarkah kondisi karhutla di Kalimantan masih bisa disebut normal? Coba lihat gambaran dari udara ini! Pada 23 September 2026, Kepala BNPB Suharyanto melaporkan dalam rapat terbatas bersama Presiden b",sumardionogeologist7,2026-09-28T22:44:19Z,karhutla_kalimantan,2026-09-29,18215994871359404,,False,58490d5afd,mari buka hati kemudian membuka mata dan mengucapkan dengan laporan yang benar dengan mulut karena masyarakat yang mendengar tidak buta tuli dan tidak bodoh,55,2026-09-29T02:50:45Z,
IGX_000008,instagram,Dd2SQsGB4Lm,https://www.instagram.com/p/Dd2SQsGB4Lm/,"Benarkah kondisi karhutla di Kalimantan masih bisa disebut normal? Coba lihat gambaran dari udara ini! Pada 23 September 2026, Kepala BNPB Suharyanto melaporkan dalam rapat terbatas bersama Presiden b",sumardionogeologist7,2026-09-28T22:44:19Z,karhutla_kalimantan,2026-09-29,18417054109155616,,False,b3373d5f94,negri lucu gini dengan presiden aja dibohongi,44,2026-09-29T02:21:02Z,
IGX_000009,instagram,Dd2SQsGB4Lm,https://www.instagram.com/p/Dd2SQsGB4Lm/,"Benarkah kondisi karhutla di Kalimantan masih bisa disebut normal? Coba lihat gambaran dari udara ini! Pada 23 September 2026, Kepala BNPB Suharyanto melaporkan dalam rapat terbatas bersama Presiden b",sumardionogeologist7,2026-09-28T22:44:19Z,karhutla_kalimantan,2026-09-29,17921443092222348,,False,a4e1525ecc,coba liat nanti apakah bakal di tanami lagi pohon yang seharusnya atau jadi sawit,26,2026-09-29T05:19:04Z,
IGX_000010,instagram,Dd2SQsGB4Lm,https://www.instagram.com/p/Dd2SQsGB4Lm/,"Benarkah kondisi karhutla di Kalimantan masih bisa disebut normal? Coba lihat gambaran dari udara ini! Pada 23 September 2026, Kepala BNPB Suharyanto melaporkan dalam rapat terbatas bersama Presiden b",sumardionogeologist7,2026-09-28T22:44:19Z,karhutla_kalimantan,2026-09-29,17948927958313577,,False,86eebef919,untuk mengamankan posisi segala macam cara di lakukan untuk menjilat,38,2026-09-28T23:54:00Z,
IGX_000011,instagram,Dd2SQsGB4Lm,https://www.instagram.com/p/Dd2SQsGB4Lm/,"Benarkah kondisi karhutla di Kalimantan masih bisa disebut normal? Coba lihat gambaran dari udara ini! Pada 23 September 2026, Kepala BNPB Suharyanto melaporkan dalam rapat terbatas bersama Presiden b",sumardionogeologist7,2026-09-28T22:44:19Z,karhutla_kalimantan,2026-09-29,18116775145983870,,False,5a804490b0,mungkin belom ganti kacamata soalnnya minusnnya nambah keknnya,11,2026-09-29T01:54:28Z,
IGX_000012,instagram,Dd2SQsGB4Lm,https://www.instagram.com/p/Dd2SQsGB4Lm/,"Benarkah kondisi karhutla di Kalimantan masih bisa disebut normal? Coba lihat gambaran dari udara ini! Pada 23 September 2026, Kepala BNPB Suharyanto melaporkan dalam rapat terbatas bersama Presiden b",sumardionogeologist7,2026-09-28T22:44:19Z,karhutla_kalimantan,2026-09-29,18120009293513525,,False,e68c08a73f,buta,2,2026-09-29T11:44:05Z,
IGX_000013,instagram,Dd2SQsGB4Lm,https://www.instagram.com/p/Dd2SQsGB4Lm/,"Benarkah kondisi karhutla di Kalimantan masih bisa disebut normal? Coba lihat gambaran dari udara ini! Pada 23 September 2026, Kepala BNPB Suharyanto melaporkan dalam rapat terbatas bersama Presiden b",sumardionogeologist7,2026-09-28T22:44:19Z,karhutla_kalimantan,2026-09-29,18110165527886641,,False,da667953df,saat nya pla,3,2026-09-29T08:14:18Z,
IGX_000014,instagram,Dd2SQsGB4Lm,https://www.instagram.com/p/Dd2SQsGB4Lm/,"Benarkah kondisi karhutla di Kalimantan masih bisa disebut normal? Coba lihat gambaran dari udara ini! Pada 23 September 2026, Kepala BNPB Suharyanto melaporkan dalam rapat terbatas bersama Presiden b",sumardionogeologist7,2026-09-28T22:44:19Z,karhutla_kalimantan,2026-09-29,17904153045591090,,False,1b43465f7e,berat2,3,2026-09-29T09:51:11Z,
IGX_000015,instagram,Dd2SQsGB4Lm,https://www.instagram.com/p/Dd2SQsGB4Lm/,"Benarkah kondisi karhutla di Kalimantan masih bisa disebut normal? Coba lihat gambaran dari udara ini! Pada 23 September 2026, Kepala BNPB Suharyanto melaporkan dalam rapat terbatas bersama Presiden b",sumardionogeologist7,2026-09-28T22:44:19Z,karhutla_kalimantan,2026-09-29,18355986802169731,,False,825ea895d0,mana sawitnya,3,2026-09-29T08:43:03Z,
IGX_000016,instagram,Dd2SQsGB4Lm,https://www.instagram.com/p/Dd2SQsGB4Lm/,"Benarkah kondisi karhutla di Kalimantan masih bisa disebut normal? Coba lihat gambaran dari udara ini! Pada 23 September 2026, Kepala BNPB Suharyanto melaporkan dalam rapat terbatas bersama Presiden b",sumardionogeologist7,2026-09-28T22:44:19Z,karhutla_kalimantan,2026-09-29,18114788767996862,,False,e49b3cc88c,tak lama lagi akan kembali menghijau kokk,1,2026-09-29T02:42:20Z,
IGX_000017,instagram,Dd2SQsGB4Lm,https://www.instagram.com/p/Dd2SQsGB4Lm/,"Benarkah kondisi karhutla di Kalimantan masih bisa disebut normal? Coba lihat gambaran dari udara ini! Pada 23 September 2026, Kepala BNPB Suharyanto melaporkan dalam rapat terbatas bersama Presiden b",sumardionogeologist7,2026-09-28T22:44:19Z,karhutla_kalimantan,2026-09-29,18023505188871930,,False,ef3b467fe5,pura2 tidak tahu,1,2026-09-29T09:57:27Z,
IGX_000018,instagram,Dd2SQsGB4Lm,https://www.instagram.com/p/Dd2SQsGB4Lm/,"Benarkah kondisi karhutla di Kalimantan masih bisa disebut normal? Coba lihat gambaran dari udara ini! Pada 23 September 2026, Kepala BNPB Suharyanto melaporkan dalam rapat terbatas bersama Presiden b",sumardionogeologist7,2026-09-28T22:44:19Z,karhutla_kalimantan,2026-09-29,18499685392100430,,False,979fbef401,saya dapat laporan,1,2026-09-29T11:56:21Z,
IGX_000019,instagram,Dd2SQsGB4Lm,https://www.instagram.com/p/Dd2SQsGB4Lm/,"Benarkah kondisi karhutla di Kalimantan masih bisa disebut normal? Coba lihat gambaran dari udara ini! Pada 23 September 2026, Kepala BNPB Suharyanto melaporkan dalam rapat terbatas bersama Presiden b",sumardionogeologist7,2026-09-28T22:44:19Z,karhutla_kalimantan,2026-09-29,18108990191522223,,False,6d8d101d15,njir gw kira scan mau berubah jadi ultraman,1,2026-09-29T12:13:59Z,
IGX_000020,instagram,Dd2SQsGB4Lm,https://www.instagram.com/p/Dd2SQsGB4Lm/,"Benarkah kondisi karhutla di Kalimantan masih bisa disebut normal? Coba lihat gambaran dari udara ini! Pada 23 September 2026, Kepala BNPB Suharyanto melaporkan dalam rapat terbatas bersama Presiden b",sumardionogeologist7,2026-09-28T22:44:19Z,karhutla_kalimantan,2026-09-29,18029538533910168,,False,a0014d37a4,waktunya sawit beraksi nyawit nyawit kontol,1,2026-09-29T10:00:16Z,
IGX_000021,instagram,Dd2SQsGB4Lm,https://www.instagram.com/p/Dd2SQsGB4Lm/,"Benarkah kondisi karhutla di Kalimantan masih bisa disebut normal? Coba lihat gambaran dari udara ini! Pada 23 September 2026, Kepala BNPB Suharyanto melaporkan dalam rapat terbatas bersama Presiden b",sumardionogeologist7,2026-09-28T22:44:19Z,karhutla_kalimantan,2026-09-29,18497392396099074,,False,654f168628,tahu apa itu kontol g,14,2026-09-29T05:51:59Z,
IGX_000022,instagram,Dd2SQsGB4Lm,https://www.instagram.com/p/Dd2SQsGB4Lm/,"Benarkah kondisi karhutla di Kalimantan masih bisa disebut normal? Coba lihat gambaran dari udara ini! Pada 23 September 2026, Kepala BNPB Suharyanto melaporkan dalam rapat terbatas bersama Presiden b",sumardionogeologist7,2026-09-28T22:44:19Z,karhutla_kalimantan,2026-09-29,18125419540859904,,False,7194b81c71,tertawa presiden nya d loloin anak buahnya,2,2026-09-29T11:39:15Z,
IGX_000023,instagram,Dd2SQsGB4Lm,https://www.instagram.com/p/Dd2SQsGB4Lm/,"Benarkah kondisi karhutla di Kalimantan masih bisa disebut normal? Coba lihat gambaran dari udara ini! Pada 23 September 2026, Kepala BNPB Suharyanto melaporkan dalam rapat terbatas bersama Presiden b",sumardionogeologist7,2026-09-28T22:44:19Z,karhutla_kalimantan,2026-09-29,18108964892594400,,False,b1c20d4cd1,pasti ai toh presiden dan para menteri dan pejabat lainnya bilang tidak separah itu jangan begitu lah kemarin mereka datang loh tidak pakai masker lagi,3,2026-09-29T01:51:05Z,
IGX_000024,instagram,Dd2SQsGB4Lm,https://www.instagram.com/p/Dd2SQsGB4Lm/,"Benarkah kondisi karhutla di Kalimantan masih bisa disebut normal? Coba lihat gambaran dari udara ini! Pada 23 September 2026, Kepala BNPB Suharyanto melaporkan dalam rapat terbatas bersama Presiden b",sumardionogeologist7,2026-09-28T22:44:19Z,karhutla_kalimantan,2026-09-29,18406829722088853,,False,26ff445b8b,laporan yang penting bapak senang,1,2026-09-29T09:59:04Z,
IGX_000025,instagram,Dd2SQsGB4Lm,https://www.instagram.com/p/Dd2SQsGB4Lm/,"Benarkah kondisi karhutla di Kalimantan masih bisa disebut normal? Coba lihat gambaran dari udara ini! Pada 23 September 2026, Kepala BNPB Suharyanto melaporkan dalam rapat terbatas bersama Presiden b",sumardionogeologist7,2026-09-28T22:44:19Z,karhutla_kalimantan,2026-09-29,18134837563729022,,False,bbca3b3f29,calon lahan sawit,0,2026-09-29T04:44:01Z,
IGX_000026,instagram,Dd2SQsGB4Lm,https://www.instagram.com/p/Dd2SQsGB4Lm/,"Benarkah kondisi karhutla di Kalimantan masih bisa disebut normal? Coba lihat gambaran dari udara ini! Pada 23 September 2026, Kepala BNPB Suharyanto melaporkan dalam rapat terbatas bersama Presiden b",sumardionogeologist7,2026-09-28T22:44:19Z,karhutla_kalimantan,2026-09-29,18219105469342564,,False,9300bdce3f,melek bro lu di tipu mentri susah amat sih cek lapangan dapat berita a1,2,2026-09-29T10:54:56Z,
IGX_000027,instagram,Dd2SQsGB4Lm,https://www.instagram.com/p/Dd2SQsGB4Lm/,"Benarkah kondisi karhutla di Kalimantan masih bisa disebut normal? Coba lihat gambaran dari udara ini! Pada 23 September 2026, Kepala BNPB Suharyanto melaporkan dalam rapat terbatas bersama Presiden b",sumardionogeologist7,2026-09-28T22:44:19Z,karhutla_kalimantan,2026-09-29,18124798765896920,,False,29eb1d2e46,ckup kasih data dan laporan palsu presiden ya iya2 ja la wong presinnta gmpang di bodohi ma bawahannya,2,2026-09-29T02:20:10Z,
IGX_000028,instagram,Dd2SQsGB4Lm,https://www.instagram.com/p/Dd2SQsGB4Lm/,"Benarkah kondisi karhutla di Kalimantan masih bisa disebut normal? Coba lihat gambaran dari udara ini! Pada 23 September 2026, Kepala BNPB Suharyanto melaporkan dalam rapat terbatas bersama Presiden b",sumardionogeologist7,2026-09-28T22:44:19Z,karhutla_kalimantan,2026-09-29,18269012875306132,,False,fcc4f1ecd4,prabowo adalah presiden paling sering di bohongi bawahannya,6,2026-09-29T02:39:30Z,
IGX_000029,instagram,Dd2SQsGB4Lm,https://www.instagram.com/p/Dd2SQsGB4Lm/,"Benarkah kondisi karhutla di Kalimantan masih bisa disebut normal? Coba lihat gambaran dari udara ini! Pada 23 September 2026, Kepala BNPB Suharyanto melaporkan dalam rapat terbatas bersama Presiden b",sumardionogeologist7,2026-09-28T22:44:19Z,karhutla_kalimantan,2026-09-29,18140590816578334,,False,0dfc4d734a,semua perbuatan akan di balas di akhirat bersenang senang lah di dunia wahai mafia kelak siksaan abadi menanti,11,2026-09-29T00:31:21Z,
IGX_000030,instagram,Dd2SQsGB4Lm,https://www.instagram.com/p/Dd2SQsGB4Lm/,"Benarkah kondisi karhutla di Kalimantan masih bisa disebut normal? Coba lihat gambaran dari udara ini! Pada 23 September 2026, Kepala BNPB Suharyanto melaporkan dalam rapat terbatas bersama Presiden b",sumardionogeologist7,2026-09-28T22:44:19Z,karhutla_kalimantan,2026-09-29,18137008933627843,,False,dc120c2d2c,pejabat sekarang kbnyakan nipu kyk kjadian lapas kmaren sudah lama masyarkat dibodohin pejabat yang rakus harta,3,2026-09-29T02:41:13Z,
IGX_000031,instagram,Dd2SQsGB4Lm,https://www.instagram.com/p/Dd2SQsGB4Lm/,"Benarkah kondisi karhutla di Kalimantan masih bisa disebut normal? Coba lihat gambaran dari udara ini! Pada 23 September 2026, Kepala BNPB Suharyanto melaporkan dalam rapat terbatas bersama Presiden b",sumardionogeologist7,2026-09-28T22:44:19Z,karhutla_kalimantan,2026-09-29,18350787832222788,,False,f6ff3c8020,yang bilang normal colok matanya hahah,5,2026-09-28T23:47:10Z,
IGX_000032,instagram,Dd2SQsGB4Lm,https://www.instagram.com/p/Dd2SQsGB4Lm/,"Benarkah kondisi karhutla di Kalimantan masih bisa disebut normal? Coba lihat gambaran dari udara ini! Pada 23 September 2026, Kepala BNPB Suharyanto melaporkan dalam rapat terbatas bersama Presiden b",sumardionogeologist7,2026-09-28T22:44:19Z,karhutla_kalimantan,2026-09-29,18124438072681200,,False,c7d2206a00,tidak tahu harus gimana lagi,0,2026-09-29T07:58:19Z,
IGX_000033,instagram,Dd2SQsGB4Lm,https://www.instagram.com/p/Dd2SQsGB4Lm/,"Benarkah kondisi karhutla di Kalimantan masih bisa disebut normal? Coba lihat gambaran dari udara ini! Pada 23 September 2026, Kepala BNPB Suharyanto melaporkan dalam rapat terbatas bersama Presiden b",sumardionogeologist7,2026-09-28T22:44:19Z,karhutla_kalimantan,2026-09-29,18166752835482628,,False,00247cd069,itu tahu dia pura2 gatau penjahat aslinya ya prabowo sendiri ingat dia adalah pelanggar ham pernah kabur ke yordania apa yang kalian harapkan dari mantan penjahat,1,2026-09-29T07:59:34Z,
IGX_000034,instagram,Dd2SQsGB4Lm,https://www.instagram.com/p/Dd2SQsGB4Lm/,"Benarkah kondisi karhutla di Kalimantan masih bisa disebut normal? Coba lihat gambaran dari udara ini! Pada 23 September 2026, Kepala BNPB Suharyanto melaporkan dalam rapat terbatas bersama Presiden b",sumardionogeologist7,2026-09-28T22:44:19Z,karhutla_kalimantan,2026-09-29,18107450414524428,,False,b9a9823bc3,agar tidak sia sia mari kita tanam sawit by prabs,0,2026-09-29T07:25:20Z,
IGX_000035,instagram,Dd2SQsGB4Lm,https://www.instagram.com/p/Dd2SQsGB4Lm/,"Benarkah kondisi karhutla di Kalimantan masih bisa disebut normal? Coba lihat gambaran dari udara ini! Pada 23 September 2026, Kepala BNPB Suharyanto melaporkan dalam rapat terbatas bersama Presiden b",sumardionogeologist7,2026-09-28T22:44:19Z,karhutla_kalimantan,2026-09-29,18130020190690629,,False,67736ca522,ehh coba pingin tahu deh anggaran tenda bencana bnpb tuh berapa yah sama tidak yah antara harga d rab dan harga real d bengkel tenda nya sama penasaran setiap bencana itu mereka tenda yang lama atw tenda baru ya,0,2026-09-29T12:19:52Z,
IGX_000036,instagram,Dd2SQsGB4Lm,https://www.instagram.com/p/Dd2SQsGB4Lm/,"Benarkah kondisi karhutla di Kalimantan masih bisa disebut normal? Coba lihat gambaran dari udara ini! Pada 23 September 2026, Kepala BNPB Suharyanto melaporkan dalam rapat terbatas bersama Presiden b",sumardionogeologist7,2026-09-28T22:44:19Z,karhutla_kalimantan,2026-09-29,18336274528277221,,False,3dd3207c93,mau d jadiin lahan pribadi pak wowo kah,0,2026-09-29T12:19:39Z,
IGX_000037,instagram,Dd2SQsGB4Lm,https://www.instagram.com/p/Dd2SQsGB4Lm/,"Benarkah kondisi karhutla di Kalimantan masih bisa disebut normal? Coba lihat gambaran dari udara ini! Pada 23 September 2026, Kepala BNPB Suharyanto melaporkan dalam rapat terbatas bersama Presiden b",sumardionogeologist7,2026-09-28T22:44:19Z,karhutla_kalimantan,2026-09-29,17920348458231077,,False,ee9c3307a5,normal menurut pak wow,0,2026-09-29T12:19:22Z,
IGX_000038,instagram,Dd2SQsGB4Lm,https://www.instagram.com/p/Dd2SQsGB4Lm/,"Benarkah kondisi karhutla di Kalimantan masih bisa disebut normal? Coba lihat gambaran dari udara ini! Pada 23 September 2026, Kepala BNPB Suharyanto melaporkan dalam rapat terbatas bersama Presiden b",sumardionogeologist7,2026-09-28T22:44:19Z,karhutla_kalimantan,2026-09-29,17962046352207204,,False,ebd89cd969,bnpb penjilat asal bapak senang asala dana cair,0,2026-09-29T12:19:12Z,
IGX_000039,instagram,Dd2SQsGB4Lm,https://www.instagram.com/p/Dd2SQsGB4Lm/,"Benarkah kondisi karhutla di Kalimantan masih bisa disebut normal? Coba lihat gambaran dari udara ini! Pada 23 September 2026, Kepala BNPB Suharyanto melaporkan dalam rapat terbatas bersama Presiden b",sumardionogeologist7,2026-09-28T22:44:19Z,karhutla_kalimantan,2026-09-29,18123945061857465,,False,c4373a4b8e,normal ketika api sudah padam pasti langsung di tanami sawit jadi terlihat hijau kembali,0,2026-09-29T12:19:09Z,
IGX_000040,instagram,Dd2SQsGB4Lm,https://www.instagram.com/p/Dd2SQsGB4Lm/,"Benarkah kondisi karhutla di Kalimantan masih bisa disebut normal? Coba lihat gambaran dari udara ini! Pada 23 September 2026, Kepala BNPB Suharyanto melaporkan dalam rapat terbatas bersama Presiden b",sumardionogeologist7,2026-09-28T22:44:19Z,karhutla_kalimantan,2026-09-29,18110938643140253,,False,98ef4fea41,buka mata loe,0,2026-09-29T12:18:50Z,
IGX_000041,instagram,Dd2SQsGB4Lm,https://www.instagram.com/p/Dd2SQsGB4Lm/,"Benarkah kondisi karhutla di Kalimantan masih bisa disebut normal? Coba lihat gambaran dari udara ini! Pada 23 September 2026, Kepala BNPB Suharyanto melaporkan dalam rapat terbatas bersama Presiden b",sumardionogeologist7,2026-09-28T22:44:19Z,karhutla_kalimantan,2026-09-29,17889850059458306,,False,95a3e11cd2,sesuai harapan si pemilik hgu lahan,0,2026-09-29T12:18:46Z,
IGX_000042,instagram,Dd2SQsGB4Lm,https://www.instagram.com/p/Dd2SQsGB4Lm/,"Benarkah kondisi karhutla di Kalimantan masih bisa disebut normal? Coba lihat gambaran dari udara ini! Pada 23 September 2026, Kepala BNPB Suharyanto melaporkan dalam rapat terbatas bersama Presiden b",sumardionogeologist7,2026-09-28T22:44:19Z,karhutla_kalimantan,2026-09-29,18341205868270849,,False,9d28afadc1,presiden republik indonesia tutup mata dia lebih percaya sama laporan kroninya presiden paling buruk,0,2026-09-29T12:18:34Z,
IGX_000043,instagram,Dd2SQsGB4Lm,https://www.instagram.com/p/Dd2SQsGB4Lm/,"Benarkah kondisi karhutla di Kalimantan masih bisa disebut normal? Coba lihat gambaran dari udara ini! Pada 23 September 2026, Kepala BNPB Suharyanto melaporkan dalam rapat terbatas bersama Presiden b",sumardionogeologist7,2026-09-28T22:44:19Z,karhutla_kalimantan,2026-09-29,18130393594673981,,False,d3f3a47bbb,mereka tuh mau menanam sawit,0,2026-09-29T12:17:39Z,
IGX_000044,instagram,Dd2SQsGB4Lm,https://www.instagram.com/p/Dd2SQsGB4Lm/,"Benarkah kondisi karhutla di Kalimantan masih bisa disebut normal? Coba lihat gambaran dari udara ini! Pada 23 September 2026, Kepala BNPB Suharyanto melaporkan dalam rapat terbatas bersama Presiden b",sumardionogeologist7,2026-09-28T22:44:19Z,karhutla_kalimantan,2026-09-29,18126083782865071,,False,6bc9ff67b3,dan wowo masih bingung siapa pelaku nya,0,2026-09-29T12:17:35Z,
IGX_000045,instagram,Dd2SQsGB4Lm,https://www.instagram.com/p/Dd2SQsGB4Lm/,"Benarkah kondisi karhutla di Kalimantan masih bisa disebut normal? Coba lihat gambaran dari udara ini! Pada 23 September 2026, Kepala BNPB Suharyanto melaporkan dalam rapat terbatas bersama Presiden b",sumardionogeologist7,2026-09-28T22:44:19Z,karhutla_kalimantan,2026-09-29,18177043777429353,,False,8b07c98c8a,apakah pemerintah termasuk kaum yakjuj makjuj,0,2026-09-29T12:16:49Z,
IGX_000046,instagram,Dd2SQsGB4Lm,https://www.instagram.com/p/Dd2SQsGB4Lm/,"Benarkah kondisi karhutla di Kalimantan masih bisa disebut normal? Coba lihat gambaran dari udara ini! Pada 23 September 2026, Kepala BNPB Suharyanto melaporkan dalam rapat terbatas bersama Presiden b",sumardionogeologist7,2026-09-28T22:44:19Z,karhutla_kalimantan,2026-09-29,18112167911590987,,False,f889a88479,anj berapa hektare lahan yang terbakar,0,2026-09-29T12:16:41Z,
IGX_000047,instagram,Dd2SQsGB4Lm,https://www.instagram.com/p/Dd2SQsGB4Lm/,"Benarkah kondisi karhutla di Kalimantan masih bisa disebut normal? Coba lihat gambaran dari udara ini! Pada 23 September 2026, Kepala BNPB Suharyanto melaporkan dalam rapat terbatas bersama Presiden b",sumardionogeologist7,2026-09-28T22:44:19Z,karhutla_kalimantan,2026-09-29,18103440818204871,,False,50768ca915,jt sawit ya biji satu,0,2026-09-29T12:16:23Z,
IGX_000048,instagram,Dd2SQsGB4Lm,https://www.instagram.com/p/Dd2SQsGB4Lm/,"Benarkah kondisi karhutla di Kalimantan masih bisa disebut normal? Coba lihat gambaran dari udara ini! Pada 23 September 2026, Kepala BNPB Suharyanto melaporkan dalam rapat terbatas bersama Presiden b",sumardionogeologist7,2026-09-28T22:44:19Z,karhutla_kalimantan,2026-09-29,18632140201054440,,False,bfb4afddfc,memang kita punya presiden,0,2026-09-29T12:16:02Z,
IGX_000049,instagram,Dd2SQsGB4Lm,https://www.instagram.com/p/Dd2SQsGB4Lm/,"Benarkah kondisi karhutla di Kalimantan masih bisa disebut normal? Coba lihat gambaran dari udara ini! Pada 23 September 2026, Kepala BNPB Suharyanto melaporkan dalam rapat terbatas bersama Presiden b",sumardionogeologist7,2026-09-28T22:44:19Z,karhutla_kalimantan,2026-09-29,18111921611332573,,False,cdbe1a045f,pernah lihat yang sudah ada tanaman sawitnya dibawah sawitnya ada rumput masih utuh loh pdhal yang disekelilingnya sudah hangus ahsudahlahh,0,2026-09-29T12:15:47Z,
IGX_000050,instagram,Dd2SQsGB4Lm,https://www.instagram.com/p/Dd2SQsGB4Lm/,"Benarkah kondisi karhutla di Kalimantan masih bisa disebut normal? Coba lihat gambaran dari udara ini! Pada 23 September 2026, Kepala BNPB Suharyanto melaporkan dalam rapat terbatas bersama Presiden b",sumardionogeologist7,2026-09-28T22:44:19Z,karhutla_kalimantan,2026-09-29,17972377842149974,,False,af6f320acc,kita hanya komen melihat dan tidak akan pernah berbuat karena apa kita penakut,0,2026-09-29T12:15:25Z,
IGX_000051,instagram,Dd2SQsGB4Lm,https://www.instagram.com/p/Dd2SQsGB4Lm/,"Benarkah kondisi karhutla di Kalimantan masih bisa disebut normal? Coba lihat gambaran dari udara ini! Pada 23 September 2026, Kepala BNPB Suharyanto melaporkan dalam rapat terbatas bersama Presiden b",sumardionogeologist7,2026-09-28T22:44:19Z,karhutla_kalimantan,2026-09-29,18118749278297020,,False,0a90138670,sudah cocok jadi hutan sawit,0,2026-09-29T12:15:01Z,
IGX_000052,instagram,Dd2SQsGB4Lm,https://www.instagram.com/p/Dd2SQsGB4Lm/,"Benarkah kondisi karhutla di Kalimantan masih bisa disebut normal? Coba lihat gambaran dari udara ini! Pada 23 September 2026, Kepala BNPB Suharyanto melaporkan dalam rapat terbatas bersama Presiden b",sumardionogeologist7,2026-09-28T22:44:19Z,karhutla_kalimantan,2026-09-29,18118076908983160,,False,a5bc45f53e,dengarkah,0,2026-09-29T12:13:57Z,
IGX_000053,instagram,Dd2SQsGB4Lm,https://www.instagram.com/p/Dd2SQsGB4Lm/,"Benarkah kondisi karhutla di Kalimantan masih bisa disebut normal? Coba lihat gambaran dari udara ini! Pada 23 September 2026, Kepala BNPB Suharyanto melaporkan dalam rapat terbatas bersama Presiden b",sumardionogeologist7,2026-09-28T22:44:19Z,karhutla_kalimantan,2026-09-29,18161780587505920,,False,7becea02f8,tag orgnya yang nyebut ini normal paok,0,2026-09-29T12:13:49Z,
IGX_000054,instagram,Dd2SQsGB4Lm,https://www.instagram.com/p/Dd2SQsGB4Lm/,"Benarkah kondisi karhutla di Kalimantan masih bisa disebut normal? Coba lihat gambaran dari udara ini! Pada 23 September 2026, Kepala BNPB Suharyanto melaporkan dalam rapat terbatas bersama Presiden b",sumardionogeologist7,2026-09-28T22:44:19Z,karhutla_kalimantan,2026-09-29,17916034086259136,,False,88c3c765f9,tag aiman,0,2026-09-29T12:13:36Z,
IGX_000055,instagram,Dd2SQsGB4Lm,https://www.instagram.com/p/Dd2SQsGB4Lm/,"Benarkah kondisi karhutla di Kalimantan masih bisa disebut normal? Coba lihat gambaran dari udara ini! Pada 23 September 2026, Kepala BNPB Suharyanto melaporkan dalam rapat terbatas bersama Presiden b",sumardionogeologist7,2026-09-28T22:44:19Z,karhutla_kalimantan,2026-09-29,18074038238725319,,False,b31ceefd48,kek nya ada yang salah ama elu deh coba klarifikasi,0,2026-09-29T12:13:04Z,
IGX_000056,instagram,Dd2SQsGB4Lm,https://www.instagram.com/p/Dd2SQsGB4Lm/,"Benarkah kondisi karhutla di Kalimantan masih bisa disebut normal? Coba lihat gambaran dari udara ini! Pada 23 September 2026, Kepala BNPB Suharyanto melaporkan dalam rapat terbatas bersama Presiden b",sumardionogeologist7,2026-09-28T22:44:19Z,karhutla_kalimantan,2026-09-29,17966215350190381,,False,7d26fcafb8,bnpb kebanyakan nyawit,0,2026-09-29T12:12:59Z,
IGX_000057,instagram,Dd2SQsGB4Lm,https://www.instagram.com/p/Dd2SQsGB4Lm/,"Benarkah kondisi karhutla di Kalimantan masih bisa disebut normal? Coba lihat gambaran dari udara ini! Pada 23 September 2026, Kepala BNPB Suharyanto melaporkan dalam rapat terbatas bersama Presiden b",sumardionogeologist7,2026-09-28T22:44:19Z,karhutla_kalimantan,2026-09-29,17987022507073586,,False,9940986c9a,seharusnya juga presiden turun dong ke daerah2 liat warga sekitar nya apalagi sekarng jaman sudah modern ega ada alasan dia sampai ega tahu senengnya gendon aja sih di istana,0,2026-09-29T12:12:47Z,
IGX_000058,instagram,Dd2SQsGB4Lm,https://www.instagram.com/p/Dd2SQsGB4Lm/,"Benarkah kondisi karhutla di Kalimantan masih bisa disebut normal? Coba lihat gambaran dari udara ini! Pada 23 September 2026, Kepala BNPB Suharyanto melaporkan dalam rapat terbatas bersama Presiden b",sumardionogeologist7,2026-09-28T22:44:19Z,karhutla_kalimantan,2026-09-29,18230983117324881,,False,5384bfcdf4,semua pinter bohong negara apa ini,0,2026-09-29T12:12:45Z,
IGX_000059,instagram,Dd2SQsGB4Lm,https://www.instagram.com/p/Dd2SQsGB4Lm/,"Benarkah kondisi karhutla di Kalimantan masih bisa disebut normal? Coba lihat gambaran dari udara ini! Pada 23 September 2026, Kepala BNPB Suharyanto melaporkan dalam rapat terbatas bersama Presiden b",sumardionogeologist7,2026-09-28T22:44:19Z,karhutla_kalimantan,2026-09-29,18094970549396649,,False,013a33c1b3,inodonesia kalau tidak aneh ya tidak normal,0,2026-09-29T12:12:33Z,
IGX_000060,instagram,Dd2SQsGB4Lm,https://www.instagram.com/p/Dd2SQsGB4Lm/,"Benarkah kondisi karhutla di Kalimantan masih bisa disebut normal? Coba lihat gambaran dari udara ini! Pada 23 September 2026, Kepala BNPB Suharyanto melaporkan dalam rapat terbatas bersama Presiden b",sumardionogeologist7,2026-09-28T22:44:19Z,karhutla_kalimantan,2026-09-29,17946434187300068,,False,5e6db49946,mereka akan mndapat ganjarannya di akhirat,0,2026-09-29T12:12:13Z,
IGX_000061,instagram,Dd2SQsGB4Lm,https://www.instagram.com/p/Dd2SQsGB4Lm/,"Benarkah kondisi karhutla di Kalimantan masih bisa disebut normal? Coba lihat gambaran dari udara ini! Pada 23 September 2026, Kepala BNPB Suharyanto melaporkan dalam rapat terbatas bersama Presiden b",sumardionogeologist7,2026-09-28T22:44:19Z,karhutla_kalimantan,2026-09-29,17903822034350648,,False,6621cf765d,siap pak sudah ready ni tinggal bibit ny aj,0,2026-09-29T12:11:56Z,
IGX_000062,instagram,Dd2SQsGB4Lm,https://www.instagram.com/p/Dd2SQsGB4Lm/,"Benarkah kondisi karhutla di Kalimantan masih bisa disebut normal? Coba lihat gambaran dari udara ini! Pada 23 September 2026, Kepala BNPB Suharyanto melaporkan dalam rapat terbatas bersama Presiden b",sumardionogeologist7,2026-09-28T22:44:19Z,karhutla_kalimantan,2026-09-29,18143355247579934,,False,6db4553e3e,ngurusi weteng kabeh mas dadi normal,0,2026-09-29T12:11:50Z,
IGX_000063,instagram,Dd2SQsGB4Lm,https://www.instagram.com/p/Dd2SQsGB4Lm/,"Benarkah kondisi karhutla di Kalimantan masih bisa disebut normal? Coba lihat gambaran dari udara ini! Pada 23 September 2026, Kepala BNPB Suharyanto melaporkan dalam rapat terbatas bersama Presiden b",sumardionogeologist7,2026-09-28T22:44:19Z,karhutla_kalimantan,2026-09-29,17998723311035332,,False,6d65bc3e80,hanya orang goblok yang gampang dikibuli,0,2026-09-29T12:11:48Z,
IGX_000064,instagram,Dd2SQsGB4Lm,https://www.instagram.com/p/Dd2SQsGB4Lm/,"Benarkah kondisi karhutla di Kalimantan masih bisa disebut normal? Coba lihat gambaran dari udara ini! Pada 23 September 2026, Kepala BNPB Suharyanto melaporkan dalam rapat terbatas bersama Presiden b",sumardionogeologist7,2026-09-28T22:44:19Z,karhutla_kalimantan,2026-09-29,18231547693325584,,False,e73600b197,buta tuli bodoh batu,0,2026-09-29T12:11:44Z,
IGX_000065,instagram,Dd2SQsGB4Lm,https://www.instagram.com/p/Dd2SQsGB4Lm/,"Benarkah kondisi karhutla di Kalimantan masih bisa disebut normal? Coba lihat gambaran dari udara ini! Pada 23 September 2026, Kepala BNPB Suharyanto melaporkan dalam rapat terbatas bersama Presiden b",sumardionogeologist7,2026-09-28T22:44:19Z,karhutla_kalimantan,2026-09-29,18107181647579868,,False,4f7ec0048f,di sengaja buat nyawit,0,2026-09-29T12:11:26Z,
IGX_000066,instagram,Dd2SQsGB4Lm,https://www.instagram.com/p/Dd2SQsGB4Lm/,"Benarkah kondisi karhutla di Kalimantan masih bisa disebut normal? Coba lihat gambaran dari udara ini! Pada 23 September 2026, Kepala BNPB Suharyanto melaporkan dalam rapat terbatas bersama Presiden b",sumardionogeologist7,2026-09-28T22:44:19Z,karhutla_kalimantan,2026-09-29,17934598311392298,,False,9f64c42d44,memang normal ini we normal seperti yang diinginkan like it suppose to be,0,2026-09-29T12:11:22Z,
IGX_000067,instagram,Dd2SQsGB4Lm,https://www.instagram.com/p/Dd2SQsGB4Lm/,"Benarkah kondisi karhutla di Kalimantan masih bisa disebut normal? Coba lihat gambaran dari udara ini! Pada 23 September 2026, Kepala BNPB Suharyanto melaporkan dalam rapat terbatas bersama Presiden b",sumardionogeologist7,2026-09-28T22:44:19Z,karhutla_kalimantan,2026-09-29,17982025763897656,,False,eeda8362bc,lebih baik hubungi kerajaan belanda kita mohon kerajaan belanda atau bangsa cina untuk mau menerima indonesia alias hindia belanda sebagai negara persemakmuran kerajaan belanda biar yang mimpin bule belanda dpr mpr bule belanda presidennya bule belanda polisi tentara hakim jaksa dokter nakes guru dosen bule belanda mereka kerjanya becus sudah terbukti kualitas eropa bangsa melayu 608l0k tidak becus kerjanya hapus ahama jadi negara sekuler seperti eropa utara cina jepang dutch netherlands usa unitedkingdom dutchsaveindonesia chinasaveindonesia,0,2026-09-29T12:11:13Z,
IGX_000068,instagram,Dd2SQsGB4Lm,https://www.instagram.com/p/Dd2SQsGB4Lm/,"Benarkah kondisi karhutla di Kalimantan masih bisa disebut normal? Coba lihat gambaran dari udara ini! Pada 23 September 2026, Kepala BNPB Suharyanto melaporkan dalam rapat terbatas bersama Presiden b",sumardionogeologist7,2026-09-28T22:44:19Z,karhutla_kalimantan,2026-09-29,18092157590185693,,False,cbdb1e5057,pemerintah bangsat kontol,0,2026-09-29T12:11:12Z,
IGX_000069,instagram,Dd2SQsGB4Lm,https://www.instagram.com/p/Dd2SQsGB4Lm/,"Benarkah kondisi karhutla di Kalimantan masih bisa disebut normal? Coba lihat gambaran dari udara ini! Pada 23 September 2026, Kepala BNPB Suharyanto melaporkan dalam rapat terbatas bersama Presiden b",sumardionogeologist7,2026-09-28T22:44:19Z,karhutla_kalimantan,2026-09-29,18101627792027082,,False,4934bddb84,sudah rata ya ok,0,2026-09-29T12:10:47Z,
IGX_000070,instagram,Dd2SQsGB4Lm,https://www.instagram.com/p/Dd2SQsGB4Lm/,"Benarkah kondisi karhutla di Kalimantan masih bisa disebut normal? Coba lihat gambaran dari udara ini! Pada 23 September 2026, Kepala BNPB Suharyanto melaporkan dalam rapat terbatas bersama Presiden b",sumardionogeologist7,2026-09-28T22:44:19Z,karhutla_kalimantan,2026-09-29,17990327199107410,,False,07a36f4e84,negeri para begundal sudah susah cara ngatasinya,0,2026-09-29T12:10:28Z,
IGX_000071,instagram,Dd2SQsGB4Lm,https://www.instagram.com/p/Dd2SQsGB4Lm/,"Benarkah kondisi karhutla di Kalimantan masih bisa disebut normal? Coba lihat gambaran dari udara ini! Pada 23 September 2026, Kepala BNPB Suharyanto melaporkan dalam rapat terbatas bersama Presiden b",sumardionogeologist7,2026-09-28T22:44:19Z,karhutla_kalimantan,2026-09-29,18000613433798514,,False,969668797b,speechless pokoknya,0,2026-09-29T12:10:25Z,
IGX_000072,instagram,Dd2SQsGB4Lm,https://www.instagram.com/p/Dd2SQsGB4Lm/,"Benarkah kondisi karhutla di Kalimantan masih bisa disebut normal? Coba lihat gambaran dari udara ini! Pada 23 September 2026, Kepala BNPB Suharyanto melaporkan dalam rapat terbatas bersama Presiden b",sumardionogeologist7,2026-09-28T22:44:19Z,karhutla_kalimantan,2026-09-29,17879009892548942,,False,abe4a6bdb0,kenapa pejabat sekarang susah sekali bicara jujur apa adanya kenapa harus menjilat,0,2026-09-29T12:09:44Z,
IGX_000073,instagram,Dd2SQsGB4Lm,https://www.instagram.com/p/Dd2SQsGB4Lm/,"Benarkah kondisi karhutla di Kalimantan masih bisa disebut normal? Coba lihat gambaran dari udara ini! Pada 23 September 2026, Kepala BNPB Suharyanto melaporkan dalam rapat terbatas bersama Presiden b",sumardionogeologist7,2026-09-28T22:44:19Z,karhutla_kalimantan,2026-09-29,18129947407748590,,False,9e3f2f1008,presilit nya mudah di kibuli,0,2026-09-29T12:09:36Z,
IGX_000074,instagram,Dd2SQsGB4Lm,https://www.instagram.com/p/Dd2SQsGB4Lm/,"Benarkah kondisi karhutla di Kalimantan masih bisa disebut normal? Coba lihat gambaran dari udara ini! Pada 23 September 2026, Kepala BNPB Suharyanto melaporkan dalam rapat terbatas bersama Presiden b",sumardionogeologist7,2026-09-28T22:44:19Z,karhutla_kalimantan,2026-09-29,17955624129254261,,False,66607af680,com5,0,2026-09-29T12:09:30Z,
IGX_000075,instagram,Dd2SQsGB4Lm,https://www.instagram.com/p/Dd2SQsGB4Lm/,"Benarkah kondisi karhutla di Kalimantan masih bisa disebut normal? Coba lihat gambaran dari udara ini! Pada 23 September 2026, Kepala BNPB Suharyanto melaporkan dalam rapat terbatas bersama Presiden b",sumardionogeologist7,2026-09-28T22:44:19Z,karhutla_kalimantan,2026-09-29,17958119322249159,,False,f9361d816f,presiden itu sangat mudah dikibulin pembantu nya,0,2026-09-29T12:09:20Z,
IGX_000076,instagram,Dd2SQsGB4Lm,https://www.instagram.com/p/Dd2SQsGB4Lm/,"Benarkah kondisi karhutla di Kalimantan masih bisa disebut normal? Coba lihat gambaran dari udara ini! Pada 23 September 2026, Kepala BNPB Suharyanto melaporkan dalam rapat terbatas bersama Presiden b",sumardionogeologist7,2026-09-28T22:44:19Z,karhutla_kalimantan,2026-09-29,18150689941526932,,False,56062e193a,seperti nya picek tuh matanya jelas2 parah seperti gini di bilang normal,0,2026-09-29T12:08:03Z,
IGX_000077,instagram,Dd2SQsGB4Lm,https://www.instagram.com/p/Dd2SQsGB4Lm/,"Benarkah kondisi karhutla di Kalimantan masih bisa disebut normal? Coba lihat gambaran dari udara ini! Pada 23 September 2026, Kepala BNPB Suharyanto melaporkan dalam rapat terbatas bersama Presiden b",sumardionogeologist7,2026-09-28T22:44:19Z,karhutla_kalimantan,2026-09-29,18161687005433882,,False,1b47dd4e47,normal ape kepalak otak kau berendam di septiteng,0,2026-09-29T12:08:02Z,
IGX_000078,instagram,Dd2SQsGB4Lm,https://www.instagram.com/p/Dd2SQsGB4Lm/,"Benarkah kondisi karhutla di Kalimantan masih bisa disebut normal? Coba lihat gambaran dari udara ini! Pada 23 September 2026, Kepala BNPB Suharyanto melaporkan dalam rapat terbatas bersama Presiden b",sumardionogeologist7,2026-09-28T22:44:19Z,karhutla_kalimantan,2026-09-29,18354011608219017,,False,89ebd3d02e,wajarr pejabat pemerintah indonesia memang tolol jabatan hasil jadi penjilat,0,2026-09-29T12:07:43Z,
IGX_000079,instagram,Dd2SQsGB4Lm,https://www.instagram.com/p/Dd2SQsGB4Lm/,"Benarkah kondisi karhutla di Kalimantan masih bisa disebut normal? Coba lihat gambaran dari udara ini! Pada 23 September 2026, Kepala BNPB Suharyanto melaporkan dalam rapat terbatas bersama Presiden b",sumardionogeologist7,2026-09-28T22:44:19Z,karhutla_kalimantan,2026-09-29,18045031232816121,,False,9c91e3cf7c,saya mendapat laporan,0,2026-09-29T12:07:23Z,
IGX_000080,instagram,Dd2SQsGB4Lm,https://www.instagram.com/p/Dd2SQsGB4Lm/,"Benarkah kondisi karhutla di Kalimantan masih bisa disebut normal? Coba lihat gambaran dari udara ini! Pada 23 September 2026, Kepala BNPB Suharyanto melaporkan dalam rapat terbatas bersama Presiden b",sumardionogeologist7,2026-09-28T22:44:19Z,karhutla_kalimantan,2026-09-29,18144352306569869,,False,fbc6e57118,badan nasional penjilat boboho,0,2026-09-29T12:07:16Z,
IGX_000081,instagram,Dd2SQsGB4Lm,https://www.instagram.com/p/Dd2SQsGB4Lm/,"Benarkah kondisi karhutla di Kalimantan masih bisa disebut normal? Coba lihat gambaran dari udara ini! Pada 23 September 2026, Kepala BNPB Suharyanto melaporkan dalam rapat terbatas bersama Presiden b",sumardionogeologist7,2026-09-28T22:44:19Z,karhutla_kalimantan,2026-09-29,18116436743004521,,False,f81745d744,hati2 nanti di teror,0,2026-09-29T12:07:05Z,
IGX_000082,instagram,Dd2SQsGB4Lm,https://www.instagram.com/p/Dd2SQsGB4Lm/,"Benarkah kondisi karhutla di Kalimantan masih bisa disebut normal? Coba lihat gambaran dari udara ini! Pada 23 September 2026, Kepala BNPB Suharyanto melaporkan dalam rapat terbatas bersama Presiden b",sumardionogeologist7,2026-09-28T22:44:19Z,karhutla_kalimantan,2026-09-29,18075995195422732,,False,3c1ffa9951,jangan tunjukkan seperti itu ke presiden dan pejabat dia hanya ingin mendengar yang baik baik bukan yang sebenarnya terjadi seperti kata pak pur mending langsung go media internasional,0,2026-09-29T12:07:05Z,
IGX_000083,instagram,Dd2SQsGB4Lm,https://www.instagram.com/p/Dd2SQsGB4Lm/,"Benarkah kondisi karhutla di Kalimantan masih bisa disebut normal? Coba lihat gambaran dari udara ini! Pada 23 September 2026, Kepala BNPB Suharyanto melaporkan dalam rapat terbatas bersama Presiden b",sumardionogeologist7,2026-09-28T22:44:19Z,karhutla_kalimantan,2026-09-29,17883223809688448,,False,5406be3983,saya mendapatkan laporan,0,2026-09-29T12:07:04Z,
IGX_000084,instagram,Dd2SQsGB4Lm,https://www.instagram.com/p/Dd2SQsGB4Lm/,"Benarkah kondisi karhutla di Kalimantan masih bisa disebut normal? Coba lihat gambaran dari udara ini! Pada 23 September 2026, Kepala BNPB Suharyanto melaporkan dalam rapat terbatas bersama Presiden b",sumardionogeologist7,2026-09-28T22:44:19Z,karhutla_kalimantan,2026-09-29,18626013112062220,,False,1e48767c8d,pejabat dan instansi negara ini bajingan harus dimusnahkan,0,2026-09-29T12:06:54Z,
IGX_000085,instagram,Dd2SQsGB4Lm,https://www.instagram.com/p/Dd2SQsGB4Lm/,"Benarkah kondisi karhutla di Kalimantan masih bisa disebut normal? Coba lihat gambaran dari udara ini! Pada 23 September 2026, Kepala BNPB Suharyanto melaporkan dalam rapat terbatas bersama Presiden b",sumardionogeologist7,2026-09-28T22:44:19Z,karhutla_kalimantan,2026-09-29,18145995133570389,,False,c49359c552,normal lah itu untuk pembukaan lahan baru,0,2026-09-29T12:06:24Z,
IGX_000086,instagram,Dd2SQsGB4Lm,https://www.instagram.com/p/Dd2SQsGB4Lm/,"Benarkah kondisi karhutla di Kalimantan masih bisa disebut normal? Coba lihat gambaran dari udara ini! Pada 23 September 2026, Kepala BNPB Suharyanto melaporkan dalam rapat terbatas bersama Presiden b",sumardionogeologist7,2026-09-28T22:44:19Z,karhutla_kalimantan,2026-09-29,18336158221275735,,False,378e21f69e,biasa laporan asal bapak senang memang penjilat semua,0,2026-09-29T12:05:27Z,
IGX_000087,instagram,Dd2SQsGB4Lm,https://www.instagram.com/p/Dd2SQsGB4Lm/,"Benarkah kondisi karhutla di Kalimantan masih bisa disebut normal? Coba lihat gambaran dari udara ini! Pada 23 September 2026, Kepala BNPB Suharyanto melaporkan dalam rapat terbatas bersama Presiden b",sumardionogeologist7,2026-09-28T22:44:19Z,karhutla_kalimantan,2026-09-29,18494838871099366,,False,ff1da28db7,dinegaraa tetangga semangat dengan menutupi kebusukan,0,2026-09-29T12:04:55Z,
IGX_000088,instagram,Dd2SQsGB4Lm,https://www.instagram.com/p/Dd2SQsGB4Lm/,"Benarkah kondisi karhutla di Kalimantan masih bisa disebut normal? Coba lihat gambaran dari udara ini! Pada 23 September 2026, Kepala BNPB Suharyanto melaporkan dalam rapat terbatas bersama Presiden b",sumardionogeologist7,2026-09-28T22:44:19Z,karhutla_kalimantan,2026-09-29,18113078750609652,,False,11142f80c6,apa yang mau diharap dari presiden yang hanya suka laporan bagus dan dijilat dia kalau dapat laporan buruk yang ngelapor bakal dipecat semua mentri dan bawahannya cuma bisa jaga diri masing2 soalnya sebagai pemimpin dia tidak bisa mencari jalan keluar semua maunya diurus bawahan aja,0,2026-09-29T12:04:28Z,
IGX_000089,instagram,Dd2SQsGB4Lm,https://www.instagram.com/p/Dd2SQsGB4Lm/,"Benarkah kondisi karhutla di Kalimantan masih bisa disebut normal? Coba lihat gambaran dari udara ini! Pada 23 September 2026, Kepala BNPB Suharyanto melaporkan dalam rapat terbatas bersama Presiden b",sumardionogeologist7,2026-09-28T22:44:19Z,karhutla_kalimantan,2026-09-29,17907937689510185,,False,abae9a5232,astaghfirullah,0,2026-09-29T12:04:19Z,
IGX_000090,instagram,Dd2SQsGB4Lm,https://www.instagram.com/p/Dd2SQsGB4Lm/,"Benarkah kondisi karhutla di Kalimantan masih bisa disebut normal? Coba lihat gambaran dari udara ini! Pada 23 September 2026, Kepala BNPB Suharyanto melaporkan dalam rapat terbatas bersama Presiden b",sumardionogeologist7,2026-09-28T22:44:19Z,karhutla_kalimantan,2026-09-29,17931343230404237,,False,5a7cd6924b,memang normalnya begitu kalau mau ditanami sawit,0,2026-09-29T12:03:32Z,
IGX_000091,instagram,Dd2SQsGB4Lm,https://www.instagram.com/p/Dd2SQsGB4Lm/,"Benarkah kondisi karhutla di Kalimantan masih bisa disebut normal? Coba lihat gambaran dari udara ini! Pada 23 September 2026, Kepala BNPB Suharyanto melaporkan dalam rapat terbatas bersama Presiden b",sumardionogeologist7,2026-09-28T22:44:19Z,karhutla_kalimantan,2026-09-29,18126584987504037,,False,217d96b04d,fix jadi sawit tidak bakal balik jadi hutan,0,2026-09-29T12:02:25Z,
IGX_000092,instagram,Dd2SQsGB4Lm,https://www.instagram.com/p/Dd2SQsGB4Lm/,"Benarkah kondisi karhutla di Kalimantan masih bisa disebut normal? Coba lihat gambaran dari udara ini! Pada 23 September 2026, Kepala BNPB Suharyanto melaporkan dalam rapat terbatas bersama Presiden b",sumardionogeologist7,2026-09-28T22:44:19Z,karhutla_kalimantan,2026-09-29,18114021665022900,,False,fdd64d9754,para pembantunya berlomba menjilat mereka rela mengorbankan rakyat kalimantan yang berjibaku akibat asap belum lagi tingkat kerusakan alam parah,0,2026-09-29T12:01:45Z,
IGX_000093,instagram,Dd2SQsGB4Lm,https://www.instagram.com/p/Dd2SQsGB4Lm/,"Benarkah kondisi karhutla di Kalimantan masih bisa disebut normal? Coba lihat gambaran dari udara ini! Pada 23 September 2026, Kepala BNPB Suharyanto melaporkan dalam rapat terbatas bersama Presiden b",sumardionogeologist7,2026-09-28T22:44:19Z,karhutla_kalimantan,2026-09-29,17908216152502337,,False,8c1c3afbcc,kami semua robot pak yang komen,0,2026-09-29T12:01:28Z,
IGX_000094,instagram,Dd2SQsGB4Lm,https://www.instagram.com/p/Dd2SQsGB4Lm/,"Benarkah kondisi karhutla di Kalimantan masih bisa disebut normal? Coba lihat gambaran dari udara ini! Pada 23 September 2026, Kepala BNPB Suharyanto melaporkan dalam rapat terbatas bersama Presiden b",sumardionogeologist7,2026-09-28T22:44:19Z,karhutla_kalimantan,2026-09-29,17977053215924599,,False,82b4d86c33,presiden gapunya siapa siapa lagi gaes minta di tindak tegas di cari pelakunya tidak ada pergerakan minta cari tahu kondisi nya gmn skrg juga di bohongi oleh bnpb sekarang rakyat juga sudah tidak percaya lagi sama presidennya sendiri apa yang kita harapkan dari negara ini sekarang bapak sudah hancur lebur memaksa karena bersihkan negara yang kotor negara yang sudah sakit makin sakit gabisa sembuh semoga bapak sehat dan selalu kuat menghadapi semua,0,2026-09-29T12:01:18Z,
IGX_000095,instagram,Dd2SQsGB4Lm,https://www.instagram.com/p/Dd2SQsGB4Lm/,"Benarkah kondisi karhutla di Kalimantan masih bisa disebut normal? Coba lihat gambaran dari udara ini! Pada 23 September 2026, Kepala BNPB Suharyanto melaporkan dalam rapat terbatas bersama Presiden b",sumardionogeologist7,2026-09-28T22:44:19Z,karhutla_kalimantan,2026-09-29,18144393199605873,,False,fec3e213c0,penjilat wowo semua asal wowo senang,0,2026-09-29T12:01:15Z,
IGX_000096,instagram,Dd2SQsGB4Lm,https://www.instagram.com/p/Dd2SQsGB4Lm/,"Benarkah kondisi karhutla di Kalimantan masih bisa disebut normal? Coba lihat gambaran dari udara ini! Pada 23 September 2026, Kepala BNPB Suharyanto melaporkan dalam rapat terbatas bersama Presiden b",sumardionogeologist7,2026-09-28T22:44:19Z,karhutla_kalimantan,2026-09-29,18071130956726623,,False,1d7489aeae,bener2 gila ya rakusnya tikus negri ini,0,2026-09-29T12:01:10Z,
IGX_000097,instagram,Dd2SQsGB4Lm,https://www.instagram.com/p/Dd2SQsGB4Lm/,"Benarkah kondisi karhutla di Kalimantan masih bisa disebut normal? Coba lihat gambaran dari udara ini! Pada 23 September 2026, Kepala BNPB Suharyanto melaporkan dalam rapat terbatas bersama Presiden b",sumardionogeologist7,2026-09-28T22:44:19Z,karhutla_kalimantan,2026-09-29,18411210244085701,,False,9513586b08,sudah ngk ada bisa d percaya percaya sama alloh aj,0,2026-09-29T12:00:56Z,
IGX_000098,instagram,Dd2SQsGB4Lm,https://www.instagram.com/p/Dd2SQsGB4Lm/,"Benarkah kondisi karhutla di Kalimantan masih bisa disebut normal? Coba lihat gambaran dari udara ini! Pada 23 September 2026, Kepala BNPB Suharyanto melaporkan dalam rapat terbatas bersama Presiden b",sumardionogeologist7,2026-09-28T22:44:19Z,karhutla_kalimantan,2026-09-29,18085919327305250,,False,dfa5db944b,binatang semua emng,0,2026-09-29T12:00:05Z,
IGX_000099,instagram,Dd2SQsGB4Lm,https://www.instagram.com/p/Dd2SQsGB4Lm/,"Benarkah kondisi karhutla di Kalimantan masih bisa disebut normal? Coba lihat gambaran dari udara ini! Pada 23 September 2026, Kepala BNPB Suharyanto melaporkan dalam rapat terbatas bersama Presiden b",sumardionogeologist7,2026-09-28T22:44:19Z,karhutla_kalimantan,2026-09-29,17967875907158320,,False,6225be40af,sudah bersih tinggal di tanami sawit mantap sekali setiap yang hilang rumahnya hilang airnya rusak udaranya dan hancur ekosistemnya akan meminta pertanggungjawaban,0,2026-09-29T11:59:41Z,
IGX_000100,instagram,Dd2SQsGB4Lm,https://www.instagram.com/p/Dd2SQsGB4Lm/,"Benarkah kondisi karhutla di Kalimantan masih bisa disebut normal? Coba lihat gambaran dari udara ini! Pada 23 September 2026, Kepala BNPB Suharyanto melaporkan dalam rapat terbatas bersama Presiden b",sumardionogeologist7,2026-09-28T22:44:19Z,karhutla_kalimantan,2026-09-29,18009275654968384,,False,bcf1dd862c,bakar terus biar menyala api kuburan kalian pas mati,0,2026-09-29T11:59:31Z,
IGX_000101,instagram,Dd2SQsGB4Lm,https://www.instagram.com/p/Dd2SQsGB4Lm/,"Benarkah kondisi karhutla di Kalimantan masih bisa disebut normal? Coba lihat gambaran dari udara ini! Pada 23 September 2026, Kepala BNPB Suharyanto melaporkan dalam rapat terbatas bersama Presiden b",sumardionogeologist7,2026-09-28T22:44:19Z,karhutla_kalimantan,2026-09-29,17911892250288156,,False,1c442ee239,matanya pecah kali normal apanya daglog,0,2026-09-29T11:59:27Z,
IGX_000102,instagram,Dd2SQsGB4Lm,https://www.instagram.com/p/Dd2SQsGB4Lm/,"Benarkah kondisi karhutla di Kalimantan masih bisa disebut normal? Coba lihat gambaran dari udara ini! Pada 23 September 2026, Kepala BNPB Suharyanto melaporkan dalam rapat terbatas bersama Presiden b",sumardionogeologist7,2026-09-28T22:44:19Z,karhutla_kalimantan,2026-09-29,18140163976721215,,False,05a90f8fb1,bapak presiden dan senang banget misi sukses siap ditanami pohon sawit pak kalau matalu picek ya,0,2026-09-29T11:59:25Z,
IGX_000103,instagram,Dd2SQsGB4Lm,https://www.instagram.com/p/Dd2SQsGB4Lm/,"Benarkah kondisi karhutla di Kalimantan masih bisa disebut normal? Coba lihat gambaran dari udara ini! Pada 23 September 2026, Kepala BNPB Suharyanto melaporkan dalam rapat terbatas bersama Presiden b",sumardionogeologist7,2026-09-28T22:44:19Z,karhutla_kalimantan,2026-09-29,17908840197481703,,False,146cd77504,otak sawit,0,2026-09-29T11:59:14Z,
IGX_000104,instagram,Dd2SQsGB4Lm,https://www.instagram.com/p/Dd2SQsGB4Lm/,"Benarkah kondisi karhutla di Kalimantan masih bisa disebut normal? Coba lihat gambaran dari udara ini! Pada 23 September 2026, Kepala BNPB Suharyanto melaporkan dalam rapat terbatas bersama Presiden b",sumardionogeologist7,2026-09-28T22:44:19Z,karhutla_kalimantan,2026-09-29,18132712861708416,,False,e8cb655ff8,tahun semuanya pohon sawit,0,2026-09-29T11:57:36Z,
IGX_000105,instagram,Dd2SQsGB4Lm,https://www.instagram.com/p/Dd2SQsGB4Lm/,"Benarkah kondisi karhutla di Kalimantan masih bisa disebut normal? Coba lihat gambaran dari udara ini! Pada 23 September 2026, Kepala BNPB Suharyanto melaporkan dalam rapat terbatas bersama Presiden b",sumardionogeologist7,2026-09-28T22:44:19Z,karhutla_kalimantan,2026-09-29,18631342210052353,,False,99b16059a7,para bajingan berdasi pembohong semua,0,2026-09-29T11:56:29Z,
IGX_000106,instagram,Dd2SQsGB4Lm,https://www.instagram.com/p/Dd2SQsGB4Lm/,"Benarkah kondisi karhutla di Kalimantan masih bisa disebut normal? Coba lihat gambaran dari udara ini! Pada 23 September 2026, Kepala BNPB Suharyanto melaporkan dalam rapat terbatas bersama Presiden b",sumardionogeologist7,2026-09-28T22:44:19Z,karhutla_kalimantan,2026-09-29,17864867958676053,,False,b99998d717,efek salah pilih pemimpin,0,2026-09-29T11:56:09Z,
IGX_000107,instagram,Dd2SQsGB4Lm,https://www.instagram.com/p/Dd2SQsGB4Lm/,"Benarkah kondisi karhutla di Kalimantan masih bisa disebut normal? Coba lihat gambaran dari udara ini! Pada 23 September 2026, Kepala BNPB Suharyanto melaporkan dalam rapat terbatas bersama Presiden b",sumardionogeologist7,2026-09-28T22:44:19Z,karhutla_kalimantan,2026-09-29,18113056982469265,,False,559a1c8d1b,banyak anak buah prabowo yang bikin laporan asal bapak senang ya gini jadinya,0,2026-09-29T11:55:18Z,
IGX_000108,instagram,Dd2SQsGB4Lm,https://www.instagram.com/p/Dd2SQsGB4Lm/,"Benarkah kondisi karhutla di Kalimantan masih bisa disebut normal? Coba lihat gambaran dari udara ini! Pada 23 September 2026, Kepala BNPB Suharyanto melaporkan dalam rapat terbatas bersama Presiden b",sumardionogeologist7,2026-09-28T22:44:19Z,karhutla_kalimantan,2026-09-29,18105113315249249,,False,cf978248ff,president nya sangat mudah d bohongi,0,2026-09-29T11:55:18Z,
IGX_000109,instagram,Dd2SQsGB4Lm,https://www.instagram.com/p/Dd2SQsGB4Lm/,"Benarkah kondisi karhutla di Kalimantan masih bisa disebut normal? Coba lihat gambaran dari udara ini! Pada 23 September 2026, Kepala BNPB Suharyanto melaporkan dalam rapat terbatas bersama Presiden b",sumardionogeologist7,2026-09-28T22:44:19Z,karhutla_kalimantan,2026-09-29,17910036246556776,,False,97591e6375,stop laporan yang dikondisikan kepada atasan dan atasan banyak banyak ninjau langsung,0,2026-09-29T11:54:52Z,
IGX_000110,instagram,Dd2SQsGB4Lm,https://www.instagram.com/p/Dd2SQsGB4Lm/,"Benarkah kondisi karhutla di Kalimantan masih bisa disebut normal? Coba lihat gambaran dari udara ini! Pada 23 September 2026, Kepala BNPB Suharyanto melaporkan dalam rapat terbatas bersama Presiden b",sumardionogeologist7,2026-09-28T22:44:19Z,karhutla_kalimantan,2026-09-29,18630673753006826,,False,8593b1eb30,memang boleh nerbangin dron di atas tanah milik pemerintah,0,2026-09-29T11:54:16Z,
IGX_000111,instagram,Dd2SQsGB4Lm,https://www.instagram.com/p/Dd2SQsGB4Lm/,"Benarkah kondisi karhutla di Kalimantan masih bisa disebut normal? Coba lihat gambaran dari udara ini! Pada 23 September 2026, Kepala BNPB Suharyanto melaporkan dalam rapat terbatas bersama Presiden b",sumardionogeologist7,2026-09-28T22:44:19Z,karhutla_kalimantan,2026-09-29,18163575757499047,,False,cf6cb7887d,presidene goblog,0,2026-09-29T11:53:48Z,
IGX_000112,instagram,Dd2SQsGB4Lm,https://www.instagram.com/p/Dd2SQsGB4Lm/,"Benarkah kondisi karhutla di Kalimantan masih bisa disebut normal? Coba lihat gambaran dari udara ini! Pada 23 September 2026, Kepala BNPB Suharyanto melaporkan dalam rapat terbatas bersama Presiden b",sumardionogeologist7,2026-09-28T22:44:19Z,karhutla_kalimantan,2026-09-29,18012007910967961,,False,7e367e6afe,ya memang normal kok mata perih kena penyakit pernapasan kecelakaan lalu lintas karena jarak pandang rendah yang tidak normal itu kalau dengan adanya kabut asap tidak terjadi hal2 diatas,0,2026-09-29T11:53:20Z,
IGX_000113,instagram,Dd2SQsGB4Lm,https://www.instagram.com/p/Dd2SQsGB4Lm/,"Benarkah kondisi karhutla di Kalimantan masih bisa disebut normal? Coba lihat gambaran dari udara ini! Pada 23 September 2026, Kepala BNPB Suharyanto melaporkan dalam rapat terbatas bersama Presiden b",sumardionogeologist7,2026-09-28T22:44:19Z,karhutla_kalimantan,2026-09-29,18117563570057867,,False,a0cc3c5558,maka terbitlah sawit,0,2026-09-29T11:53:11Z,
IGX_000114,instagram,Dd2SQsGB4Lm,https://www.instagram.com/p/Dd2SQsGB4Lm/,"Benarkah kondisi karhutla di Kalimantan masih bisa disebut normal? Coba lihat gambaran dari udara ini! Pada 23 September 2026, Kepala BNPB Suharyanto melaporkan dalam rapat terbatas bersama Presiden b",sumardionogeologist7,2026-09-28T22:44:19Z,karhutla_kalimantan,2026-09-29,18030171746887717,,False,56bd594d39,prayindonesia,0,2026-09-29T11:52:54Z,
IGX_000115,instagram,Dd2SQsGB4Lm,https://www.instagram.com/p/Dd2SQsGB4Lm/,"Benarkah kondisi karhutla di Kalimantan masih bisa disebut normal? Coba lihat gambaran dari udara ini! Pada 23 September 2026, Kepala BNPB Suharyanto melaporkan dalam rapat terbatas bersama Presiden b",sumardionogeologist7,2026-09-28T22:44:19Z,karhutla_kalimantan,2026-09-29,18133884124656251,,False,993384ee83,negara kontol presiden kontol,0,2026-09-29T11:52:19Z,
IGX_000116,instagram,Dd2SQsGB4Lm,https://www.instagram.com/p/Dd2SQsGB4Lm/,"Benarkah kondisi karhutla di Kalimantan masih bisa disebut normal? Coba lihat gambaran dari udara ini! Pada 23 September 2026, Kepala BNPB Suharyanto melaporkan dalam rapat terbatas bersama Presiden b",sumardionogeologist7,2026-09-28T22:44:19Z,karhutla_kalimantan,2026-09-29,17905122975566661,,False,d109306bfb,presiden terbang ke luar negeri bisa terbang ke kalimantan kyknya sangat susah yaa,0,2026-09-29T11:52:01Z,
IGX_000117,instagram,Dd2SQsGB4Lm,https://www.instagram.com/p/Dd2SQsGB4Lm/,"Benarkah kondisi karhutla di Kalimantan masih bisa disebut normal? Coba lihat gambaran dari udara ini! Pada 23 September 2026, Kepala BNPB Suharyanto melaporkan dalam rapat terbatas bersama Presiden b",sumardionogeologist7,2026-09-28T22:44:19Z,karhutla_kalimantan,2026-09-29,18168115360485527,,False,6c3794058f,yang aneh ny presiden nerima laporan tnp cek ricek keadaan sbnrnya,0,2026-09-29T11:51:38Z,
IGX_000118,instagram,Dd2SQsGB4Lm,https://www.instagram.com/p/Dd2SQsGB4Lm/,"Benarkah kondisi karhutla di Kalimantan masih bisa disebut normal? Coba lihat gambaran dari udara ini! Pada 23 September 2026, Kepala BNPB Suharyanto melaporkan dalam rapat terbatas bersama Presiden b",sumardionogeologist7,2026-09-28T22:44:19Z,karhutla_kalimantan,2026-09-29,17961745689234472,,False,d109306bfb,bnpb sebut ini ai,0,2026-09-29T11:51:25Z,
IGX_000119,instagram,Dd2SQsGB4Lm,https://www.instagram.com/p/Dd2SQsGB4Lm/,"Benarkah kondisi karhutla di Kalimantan masih bisa disebut normal? Coba lihat gambaran dari udara ini! Pada 23 September 2026, Kepala BNPB Suharyanto melaporkan dalam rapat terbatas bersama Presiden b",sumardionogeologist7,2026-09-28T22:44:19Z,karhutla_kalimantan,2026-09-29,18117477518071373,,False,4eb2d713e9,bnpb tidak kerja berarti,0,2026-09-29T11:51:12Z,
IGX_000120,instagram,Dd2SQsGB4Lm,https://www.instagram.com/p/Dd2SQsGB4Lm/,"Benarkah kondisi karhutla di Kalimantan masih bisa disebut normal? Coba lihat gambaran dari udara ini! Pada 23 September 2026, Kepala BNPB Suharyanto melaporkan dalam rapat terbatas bersama Presiden b",sumardionogeologist7,2026-09-28T22:44:19Z,karhutla_kalimantan,2026-09-29,18160366018493695,,False,6cb5e073e7,emng sdm rendah,0,2026-09-29T11:51:11Z,
IGX_000121,instagram,Dd2SQsGB4Lm,https://www.instagram.com/p/Dd2SQsGB4Lm/,"Benarkah kondisi karhutla di Kalimantan masih bisa disebut normal? Coba lihat gambaran dari udara ini! Pada 23 September 2026, Kepala BNPB Suharyanto melaporkan dalam rapat terbatas bersama Presiden b",sumardionogeologist7,2026-09-28T22:44:19Z,karhutla_kalimantan,2026-09-29,17902266915595626,,False,a459c37f9c,saya bantu tag bapak presiden,0,2026-09-29T11:50:59Z,
IGX_000122,instagram,Dd2SQsGB4Lm,https://www.instagram.com/p/Dd2SQsGB4Lm/,"Benarkah kondisi karhutla di Kalimantan masih bisa disebut normal? Coba lihat gambaran dari udara ini! Pada 23 September 2026, Kepala BNPB Suharyanto melaporkan dalam rapat terbatas bersama Presiden b",sumardionogeologist7,2026-09-28T22:44:19Z,karhutla_kalimantan,2026-09-29,17983909629072894,,False,c576c9bbab,pemerintahan durjana,0,2026-09-29T11:50:37Z,
IGX_000123,instagram,Dd2SQsGB4Lm,https://www.instagram.com/p/Dd2SQsGB4Lm/,"Benarkah kondisi karhutla di Kalimantan masih bisa disebut normal? Coba lihat gambaran dari udara ini! Pada 23 September 2026, Kepala BNPB Suharyanto melaporkan dalam rapat terbatas bersama Presiden b",sumardionogeologist7,2026-09-28T22:44:19Z,karhutla_kalimantan,2026-09-29,18126712336848391,,False,1487343e3e,japri aja kalau sosmed dihide ibu ted,0,2026-09-29T11:50:27Z,
IGX_000124,instagram,Dd2SQsGB4Lm,https://www.instagram.com/p/Dd2SQsGB4Lm/,"Benarkah kondisi karhutla di Kalimantan masih bisa disebut normal? Coba lihat gambaran dari udara ini! Pada 23 September 2026, Kepala BNPB Suharyanto melaporkan dalam rapat terbatas bersama Presiden b",sumardionogeologist7,2026-09-28T22:44:19Z,karhutla_kalimantan,2026-09-29,18017339654932848,,False,bb8cd260d7,kita tidak punya presiden,0,2026-09-29T11:49:40Z,
IGX_000125,instagram,Dd2SQsGB4Lm,https://www.instagram.com/p/Dd2SQsGB4Lm/,"Benarkah kondisi karhutla di Kalimantan masih bisa disebut normal? Coba lihat gambaran dari udara ini! Pada 23 September 2026, Kepala BNPB Suharyanto melaporkan dalam rapat terbatas bersama Presiden b",sumardionogeologist7,2026-09-28T22:44:19Z,karhutla_kalimantan,2026-09-29,18197232337387520,,False,7e06fcce0a,baru satu realitas dn yang lain masih ratusan laporan palsu,0,2026-09-29T11:49:33Z,
IGX_000126,instagram,Dd2SQsGB4Lm,https://www.instagram.com/p/Dd2SQsGB4Lm/,"Benarkah kondisi karhutla di Kalimantan masih bisa disebut normal? Coba lihat gambaran dari udara ini! Pada 23 September 2026, Kepala BNPB Suharyanto melaporkan dalam rapat terbatas bersama Presiden b",sumardionogeologist7,2026-09-28T22:44:19Z,karhutla_kalimantan,2026-09-29,18098601026436925,,False,1390245b9c,secara terang terangan hutan ingin dialihfungsikan,0,2026-09-29T11:49:22Z,
IGX_000127,instagram,Dd2SQsGB4Lm,https://www.instagram.com/p/Dd2SQsGB4Lm/,"Benarkah kondisi karhutla di Kalimantan masih bisa disebut normal? Coba lihat gambaran dari udara ini! Pada 23 September 2026, Kepala BNPB Suharyanto melaporkan dalam rapat terbatas bersama Presiden b",sumardionogeologist7,2026-09-28T22:44:19Z,karhutla_kalimantan,2026-09-29,18131735284661387,,False,03c47f4a67,kepemimpinan terburuk dalam sejarah indo,0,2026-09-29T11:49:20Z,
IGX_000128,instagram,Dd2SQsGB4Lm,https://www.instagram.com/p/Dd2SQsGB4Lm/,"Benarkah kondisi karhutla di Kalimantan masih bisa disebut normal? Coba lihat gambaran dari udara ini! Pada 23 September 2026, Kepala BNPB Suharyanto melaporkan dalam rapat terbatas bersama Presiden b",sumardionogeologist7,2026-09-28T22:44:19Z,karhutla_kalimantan,2026-09-29,18073757345474137,,False,add4b700a7,tenggelamnya kapal bekas ratusan siswa keracunan kebakaran hutan korupsi gempa dan banjir bandang rupiah anjlok dan napi kelas kakap dapat fasilitas mewah semangat terus sehat selalu kalian sudah kuat banget senang bisa satu negara dengan kalian semua,0,2026-09-29T11:48:30Z,
IGX_000129,instagram,Dd2SQsGB4Lm,https://www.instagram.com/p/Dd2SQsGB4Lm/,"Benarkah kondisi karhutla di Kalimantan masih bisa disebut normal? Coba lihat gambaran dari udara ini! Pada 23 September 2026, Kepala BNPB Suharyanto melaporkan dalam rapat terbatas bersama Presiden b",sumardionogeologist7,2026-09-28T22:44:19Z,karhutla_kalimantan,2026-09-29,17867249307660742,,False,19ae2e7c46,percuma paling nanti dituduh kameranya jelek,0,2026-09-29T11:48:24Z,
IGX_000130,instagram,Dd2SQsGB4Lm,https://www.instagram.com/p/Dd2SQsGB4Lm/,"Benarkah kondisi karhutla di Kalimantan masih bisa disebut normal? Coba lihat gambaran dari udara ini! Pada 23 September 2026, Kepala BNPB Suharyanto melaporkan dalam rapat terbatas bersama Presiden b",sumardionogeologist7,2026-09-28T22:44:19Z,karhutla_kalimantan,2026-09-29,18092279612167817,,False,ca3d5d2345,tolonglah jangan jadi penjilat murahan rakyat kau korbankan tp elo takut kehilangan jabatan seolah olah semuanya baik baik saja pret sudah,0,2026-09-29T11:48:17Z,
IGX_000131,instagram,Dd2SQsGB4Lm,https://www.instagram.com/p/Dd2SQsGB4Lm/,"Benarkah kondisi karhutla di Kalimantan masih bisa disebut normal? Coba lihat gambaran dari udara ini! Pada 23 September 2026, Kepala BNPB Suharyanto melaporkan dalam rapat terbatas bersama Presiden b",sumardionogeologist7,2026-09-28T22:44:19Z,karhutla_kalimantan,2026-09-29,18108307454522182,,False,1238610bac,oknum di pemerintahan kita kebanyakan manusia nya yang kagak ada otak lekassembuhkalimantan,0,2026-09-29T11:48:06Z,
IGX_000132,instagram,Dd2SQsGB4Lm,https://www.instagram.com/p/Dd2SQsGB4Lm/,"Benarkah kondisi karhutla di Kalimantan masih bisa disebut normal? Coba lihat gambaran dari udara ini! Pada 23 September 2026, Kepala BNPB Suharyanto melaporkan dalam rapat terbatas bersama Presiden b",sumardionogeologist7,2026-09-28T22:44:19Z,karhutla_kalimantan,2026-09-29,18020678348722705,,False,28c472e6ee,pemimpin negara saat ini emng tolol gaada otaknya apa lagi pejabat2nya harusnya masuk rsj,0,2026-09-29T11:47:49Z,
IGX_000133,instagram,Dd2SQsGB4Lm,https://www.instagram.com/p/Dd2SQsGB4Lm/,"Benarkah kondisi karhutla di Kalimantan masih bisa disebut normal? Coba lihat gambaran dari udara ini! Pada 23 September 2026, Kepala BNPB Suharyanto melaporkan dalam rapat terbatas bersama Presiden b",sumardionogeologist7,2026-09-28T22:44:19Z,karhutla_kalimantan,2026-09-29,18007739783985549,,False,d277af440f,memang susah ikan busuk dari kepala apalagi kaki tangan badan nya,0,2026-09-29T11:47:28Z,
IGX_000134,instagram,Dd2SQsGB4Lm,https://www.instagram.com/p/Dd2SQsGB4Lm/,"Benarkah kondisi karhutla di Kalimantan masih bisa disebut normal? Coba lihat gambaran dari udara ini! Pada 23 September 2026, Kepala BNPB Suharyanto melaporkan dalam rapat terbatas bersama Presiden b",sumardionogeologist7,2026-09-28T22:44:19Z,karhutla_kalimantan,2026-09-29,18112676015162464,,False,6b47da9161,dan sekarang program pemerintah untuk pelatihan ispo telah berjalan menanam sawit,0,2026-09-29T11:46:53Z,
IGX_000135,instagram,Dd2SQsGB4Lm,https://www.instagram.com/p/Dd2SQsGB4Lm/,"Benarkah kondisi karhutla di Kalimantan masih bisa disebut normal? Coba lihat gambaran dari udara ini! Pada 23 September 2026, Kepala BNPB Suharyanto melaporkan dalam rapat terbatas bersama Presiden b",sumardionogeologist7,2026-09-28T22:44:19Z,karhutla_kalimantan,2026-09-29,18023451125915481,,False,5672645960,normal mereka rata2 dapat data hanya dari kertas yang di rekayasa bukan data opname dari lapangan secara langsung,0,2026-09-29T11:46:00Z,
IGX_000136,instagram,Dd2SQsGB4Lm,https://www.instagram.com/p/Dd2SQsGB4Lm/,"Benarkah kondisi karhutla di Kalimantan masih bisa disebut normal? Coba lihat gambaran dari udara ini! Pada 23 September 2026, Kepala BNPB Suharyanto melaporkan dalam rapat terbatas bersama Presiden b",sumardionogeologist7,2026-09-28T22:44:19Z,karhutla_kalimantan,2026-09-29,18133098748779262,,False,a1e8a404b5,hutan di babat habis keuntunganya bukan untuk rakyat dan negara yang menikmati para kapitalis,0,2026-09-29T11:45:59Z,
IGX_000137,instagram,Dd2SQsGB4Lm,https://www.instagram.com/p/Dd2SQsGB4Lm/,"Benarkah kondisi karhutla di Kalimantan masih bisa disebut normal? Coba lihat gambaran dari udara ini! Pada 23 September 2026, Kepala BNPB Suharyanto melaporkan dalam rapat terbatas bersama Presiden b",sumardionogeologist7,2026-09-28T22:44:19Z,karhutla_kalimantan,2026-09-29,18094783847550513,,False,f1bfe02e0d,sudah rata tinggal ditanam sawit,0,2026-09-29T11:45:15Z,
IGX_000138,instagram,Dd2SQsGB4Lm,https://www.instagram.com/p/Dd2SQsGB4Lm/,"Benarkah kondisi karhutla di Kalimantan masih bisa disebut normal? Coba lihat gambaran dari udara ini! Pada 23 September 2026, Kepala BNPB Suharyanto melaporkan dalam rapat terbatas bersama Presiden b",sumardionogeologist7,2026-09-28T22:44:19Z,karhutla_kalimantan,2026-09-29,18113015905943488,,False,60edce86b8,matanya katarak mendekati buta jadi lihat apapun berkabut makanya bilang normal,0,2026-09-29T11:45:09Z,
IGX_000139,instagram,Dd2SQsGB4Lm,https://www.instagram.com/p/Dd2SQsGB4Lm/,"Benarkah kondisi karhutla di Kalimantan masih bisa disebut normal? Coba lihat gambaran dari udara ini! Pada 23 September 2026, Kepala BNPB Suharyanto melaporkan dalam rapat terbatas bersama Presiden b",sumardionogeologist7,2026-09-28T22:44:19Z,karhutla_kalimantan,2026-09-29,18467837839141509,,False,953b696b60,saya mendapat laporan,0,2026-09-29T11:45:08Z,
IGX_000140,instagram,Dd2SQsGB4Lm,https://www.instagram.com/p/Dd2SQsGB4Lm/,"Benarkah kondisi karhutla di Kalimantan masih bisa disebut normal? Coba lihat gambaran dari udara ini! Pada 23 September 2026, Kepala BNPB Suharyanto melaporkan dalam rapat terbatas bersama Presiden b",sumardionogeologist7,2026-09-28T22:44:19Z,karhutla_kalimantan,2026-09-29,17948909109056774,,False,41004e72e9,presiden di kasih laporan palsu terus oe,0,2026-09-29T11:44:58Z,
IGX_000141,instagram,Dd2SQsGB4Lm,https://www.instagram.com/p/Dd2SQsGB4Lm/,"Benarkah kondisi karhutla di Kalimantan masih bisa disebut normal? Coba lihat gambaran dari udara ini! Pada 23 September 2026, Kepala BNPB Suharyanto melaporkan dalam rapat terbatas bersama Presiden b",sumardionogeologist7,2026-09-28T22:44:19Z,karhutla_kalimantan,2026-09-29,18030583607902974,,False,0e0125d3de,semua badan pemerintah sekarang tidak bisa dipercaya bahkan kementrian agama sekalipun,0,2026-09-29T11:44:33Z,
IGX_000142,instagram,Dd2SQsGB4Lm,https://www.instagram.com/p/Dd2SQsGB4Lm/,"Benarkah kondisi karhutla di Kalimantan masih bisa disebut normal? Coba lihat gambaran dari udara ini! Pada 23 September 2026, Kepala BNPB Suharyanto melaporkan dalam rapat terbatas bersama Presiden b",sumardionogeologist7,2026-09-28T22:44:19Z,karhutla_kalimantan,2026-09-29,18011278988956075,,False,425d327973,tiap hari ada aja gebrakannya,0,2026-09-29T11:44:29Z,
IGX_000143,instagram,Dd2SQsGB4Lm,https://www.instagram.com/p/Dd2SQsGB4Lm/,"Benarkah kondisi karhutla di Kalimantan masih bisa disebut normal? Coba lihat gambaran dari udara ini! Pada 23 September 2026, Kepala BNPB Suharyanto melaporkan dalam rapat terbatas bersama Presiden b",sumardionogeologist7,2026-09-28T22:44:19Z,karhutla_kalimantan,2026-09-29,18343506715270379,,False,399b23a512,up,0,2026-09-29T11:44:07Z,
IGX_000144,instagram,Dd2SQsGB4Lm,https://www.instagram.com/p/Dd2SQsGB4Lm/,"Benarkah kondisi karhutla di Kalimantan masih bisa disebut normal? Coba lihat gambaran dari udara ini! Pada 23 September 2026, Kepala BNPB Suharyanto melaporkan dalam rapat terbatas bersama Presiden b",sumardionogeologist7,2026-09-28T22:44:19Z,karhutla_kalimantan,2026-09-29,18103211102196815,,False,b052e8d208,astaghfirullah halazim,0,2026-09-29T11:44:05Z,
IGX_000145,instagram,Dd2SQsGB4Lm,https://www.instagram.com/p/Dd2SQsGB4Lm/,"Benarkah kondisi karhutla di Kalimantan masih bisa disebut normal? Coba lihat gambaran dari udara ini! Pada 23 September 2026, Kepala BNPB Suharyanto melaporkan dalam rapat terbatas bersama Presiden b",sumardionogeologist7,2026-09-28T22:44:19Z,karhutla_kalimantan,2026-09-29,18096794375421770,,False,cc8b418722,sekelas orang nomer gampang banget ya dibegoin,0,2026-09-29T11:43:50Z,
IGX_000146,instagram,Dd2SQsGB4Lm,https://www.instagram.com/p/Dd2SQsGB4Lm/,"Benarkah kondisi karhutla di Kalimantan masih bisa disebut normal? Coba lihat gambaran dari udara ini! Pada 23 September 2026, Kepala BNPB Suharyanto melaporkan dalam rapat terbatas bersama Presiden b",sumardionogeologist7,2026-09-28T22:44:19Z,karhutla_kalimantan,2026-09-29,18075372611541306,,False,dfc7b2087c,buat sawit itu ag elah masih aja d bahas,0,2026-09-29T11:43:29Z,
IGX_000147,instagram,Dd2SQsGB4Lm,https://www.instagram.com/p/Dd2SQsGB4Lm/,"Benarkah kondisi karhutla di Kalimantan masih bisa disebut normal? Coba lihat gambaran dari udara ini! Pada 23 September 2026, Kepala BNPB Suharyanto melaporkan dalam rapat terbatas bersama Presiden b",sumardionogeologist7,2026-09-28T22:44:19Z,karhutla_kalimantan,2026-09-29,17972399952171144,,False,d58b4f37ea,pejabat sekarang kok abs,0,2026-09-29T11:43:27Z,
IGX_000148,instagram,Dd2SQsGB4Lm,https://www.instagram.com/p/Dd2SQsGB4Lm/,"Benarkah kondisi karhutla di Kalimantan masih bisa disebut normal? Coba lihat gambaran dari udara ini! Pada 23 September 2026, Kepala BNPB Suharyanto melaporkan dalam rapat terbatas bersama Presiden b",sumardionogeologist7,2026-09-28T22:44:19Z,karhutla_kalimantan,2026-09-29,18209852215367176,,False,9bed70fe2b,ah aman itu mah tidak separah yang d posting sosmed ko kata mereka melapor,0,2026-09-29T11:43:25Z,
IGX_000149,instagram,Dd2SQsGB4Lm,https://www.instagram.com/p/Dd2SQsGB4Lm/,"Benarkah kondisi karhutla di Kalimantan masih bisa disebut normal? Coba lihat gambaran dari udara ini! Pada 23 September 2026, Kepala BNPB Suharyanto melaporkan dalam rapat terbatas bersama Presiden b",sumardionogeologist7,2026-09-28T22:44:19Z,karhutla_kalimantan,2026-09-29,17968963374158337,,False,e3adc12b2e,asal bapak senang,0,2026-09-29T11:43:01Z,
IGX_000150,instagram,Dd2SQsGB4Lm,https://www.instagram.com/p/Dd2SQsGB4Lm/,"Benarkah kondisi karhutla di Kalimantan masih bisa disebut normal? Coba lihat gambaran dari udara ini! Pada 23 September 2026, Kepala BNPB Suharyanto melaporkan dalam rapat terbatas bersama Presiden b",sumardionogeologist7,2026-09-28T22:44:19Z,karhutla_kalimantan,2026-09-29,17939503593365482,,False,72c9b87e66,kami dijambi pun kabut bukan ny hilang malah makin parah,0,2026-09-29T11:42:48Z,
IGX_000151,instagram,Dd2SQsGB4Lm,https://www.instagram.com/p/Dd2SQsGB4Lm/,"Benarkah kondisi karhutla di Kalimantan masih bisa disebut normal? Coba lihat gambaran dari udara ini! Pada 23 September 2026, Kepala BNPB Suharyanto melaporkan dalam rapat terbatas bersama Presiden b",sumardionogeologist7,2026-09-28T22:44:19Z,karhutla_kalimantan,2026-09-29,17912864589282132,,False,9c8fd672d8,habiskan saja hutannya jangan sisakan sedikitpun biar hialng semua satwa liar yang ada dihutan kalimantan paru paru dunia apanya bulshit nanti kalau kekeringan melanda jangan salahkan alam seperti kemarin antri galon dikote pontianak air asin pas tentara jepang datang nginap dikote pontianak mereka datang memadamkan api terima kasih om jepang padahal dahulu mereka terkenal karena kejadian tragedi mandor namun mereka tetap datang menolong,0,2026-09-29T11:42:36Z,
IGX_000152,instagram,Dd2SQsGB4Lm,https://www.instagram.com/p/Dd2SQsGB4Lm/,"Benarkah kondisi karhutla di Kalimantan masih bisa disebut normal? Coba lihat gambaran dari udara ini! Pada 23 September 2026, Kepala BNPB Suharyanto melaporkan dalam rapat terbatas bersama Presiden b",sumardionogeologist7,2026-09-28T22:44:19Z,karhutla_kalimantan,2026-09-29,18103854737357669,,False,7191f97e74,kata seorang pejabat berita yang ada di medsos terlalu dibuat2,0,2026-09-29T11:42:27Z,
IGX_000153,instagram,Dd2SQsGB4Lm,https://www.instagram.com/p/Dd2SQsGB4Lm/,"Benarkah kondisi karhutla di Kalimantan masih bisa disebut normal? Coba lihat gambaran dari udara ini! Pada 23 September 2026, Kepala BNPB Suharyanto melaporkan dalam rapat terbatas bersama Presiden b",sumardionogeologist7,2026-09-28T22:44:19Z,karhutla_kalimantan,2026-09-29,18106991171461194,,False,bb72f62aa5,presiden kita ini buta tuli dan bisu ya heran,0,2026-09-29T11:42:00Z,
IGX_000154,instagram,Dd2SQsGB4Lm,https://www.instagram.com/p/Dd2SQsGB4Lm/,"Benarkah kondisi karhutla di Kalimantan masih bisa disebut normal? Coba lihat gambaran dari udara ini! Pada 23 September 2026, Kepala BNPB Suharyanto melaporkan dalam rapat terbatas bersama Presiden b",sumardionogeologist7,2026-09-28T22:44:19Z,karhutla_kalimantan,2026-09-29,17995625169031881,,False,142c646cfe,terkutuklah yang menyebut normal terkutuk,0,2026-09-29T11:42:00Z,
IGX_000155,instagram,Dd2SQsGB4Lm,https://www.instagram.com/p/Dd2SQsGB4Lm/,"Benarkah kondisi karhutla di Kalimantan masih bisa disebut normal? Coba lihat gambaran dari udara ini! Pada 23 September 2026, Kepala BNPB Suharyanto melaporkan dalam rapat terbatas bersama Presiden b",sumardionogeologist7,2026-09-28T22:44:19Z,karhutla_kalimantan,2026-09-29,18380955505231948,,False,03bd470a5f,percuma manusia babi ini tidak bakal lihat dia yang dia lihat what tanah sawit baru tuh,0,2026-09-29T11:41:37Z,
IGX_000156,instagram,Dd2SQsGB4Lm,https://www.instagram.com/p/Dd2SQsGB4Lm/,"Benarkah kondisi karhutla di Kalimantan masih bisa disebut normal? Coba lihat gambaran dari udara ini! Pada 23 September 2026, Kepala BNPB Suharyanto melaporkan dalam rapat terbatas bersama Presiden b",sumardionogeologist7,2026-09-28T22:44:19Z,karhutla_kalimantan,2026-09-29,17911031304493001,,False,56ff79cb0c,tidak tahu min aku komen fakta tentang hutan heterogen kebakaran malah dikatain ama para bos sawit mereka juga bilang kalau mereka cari duit dan lahan menguntungkan yang paling gampang ya sawit ujungnya konflik horizontal lagi kasihan yang cuma kena ampasnya mereka dapat cuan kita kena ispa,0,2026-09-29T11:41:31Z,
IGX_000157,instagram,Dd2SQsGB4Lm,https://www.instagram.com/p/Dd2SQsGB4Lm/,"Benarkah kondisi karhutla di Kalimantan masih bisa disebut normal? Coba lihat gambaran dari udara ini! Pada 23 September 2026, Kepala BNPB Suharyanto melaporkan dalam rapat terbatas bersama Presiden b",sumardionogeologist7,2026-09-28T22:44:19Z,karhutla_kalimantan,2026-09-29,18087674414276505,,False,156a9e0150,normal ndasmu,0,2026-09-29T11:41:21Z,
IGX_000158,instagram,Dd2SQsGB4Lm,https://www.instagram.com/p/Dd2SQsGB4Lm/,"Benarkah kondisi karhutla di Kalimantan masih bisa disebut normal? Coba lihat gambaran dari udara ini! Pada 23 September 2026, Kepala BNPB Suharyanto melaporkan dalam rapat terbatas bersama Presiden b",sumardionogeologist7,2026-09-28T22:44:19Z,karhutla_kalimantan,2026-09-29,18178853533431899,,False,9f96a2279b,presden dongo,0,2026-09-29T11:41:01Z,
IGX_000159,instagram,Dd2SQsGB4Lm,https://www.instagram.com/p/Dd2SQsGB4Lm/,"Benarkah kondisi karhutla di Kalimantan masih bisa disebut normal? Coba lihat gambaran dari udara ini! Pada 23 September 2026, Kepala BNPB Suharyanto melaporkan dalam rapat terbatas bersama Presiden b",sumardionogeologist7,2026-09-28T22:44:19Z,karhutla_kalimantan,2026-09-29,18126239059858796,,False,2320874338,menuju indonesia sawit,0,2026-09-29T11:40:32Z,
IGX_000160,instagram,Dd2SQsGB4Lm,https://www.instagram.com/p/Dd2SQsGB4Lm/,"Benarkah kondisi karhutla di Kalimantan masih bisa disebut normal? Coba lihat gambaran dari udara ini! Pada 23 September 2026, Kepala BNPB Suharyanto melaporkan dalam rapat terbatas bersama Presiden b",sumardionogeologist7,2026-09-28T22:44:19Z,karhutla_kalimantan,2026-09-29,18126789485502907,,False,41dc75ea36,did_bnpb,0,2026-09-29T11:40:28Z,
IGX_000161,instagram,Dd2SQsGB4Lm,https://www.instagram.com/p/Dd2SQsGB4Lm/,"Benarkah kondisi karhutla di Kalimantan masih bisa disebut normal? Coba lihat gambaran dari udara ini! Pada 23 September 2026, Kepala BNPB Suharyanto melaporkan dalam rapat terbatas bersama Presiden b",sumardionogeologist7,2026-09-28T22:44:19Z,karhutla_kalimantan,2026-09-29,18335738677279666,,False,5fe0ffcabd,sesungguhnya pembalasan allah itu nyata timpakan pda org2 dzolim yang merusak alam ciptaan mu ya allah,0,2026-09-29T11:40:13Z,
IGX_000162,instagram,Dd2SQsGB4Lm,https://www.instagram.com/p/Dd2SQsGB4Lm/,"Benarkah kondisi karhutla di Kalimantan masih bisa disebut normal? Coba lihat gambaran dari udara ini! Pada 23 September 2026, Kepala BNPB Suharyanto melaporkan dalam rapat terbatas bersama Presiden b",sumardionogeologist7,2026-09-28T22:44:19Z,karhutla_kalimantan,2026-09-29,18116922386068997,,False,b41ad5a9e1,memang sudah buta,0,2026-09-29T11:39:58Z,
IGX_000163,instagram,Dd2SQsGB4Lm,https://www.instagram.com/p/Dd2SQsGB4Lm/,"Benarkah kondisi karhutla di Kalimantan masih bisa disebut normal? Coba lihat gambaran dari udara ini! Pada 23 September 2026, Kepala BNPB Suharyanto melaporkan dalam rapat terbatas bersama Presiden b",sumardionogeologist7,2026-09-28T22:44:19Z,karhutla_kalimantan,2026-09-29,18042679148825249,,False,feb9bb3d52,buat main bola seru kek nya,0,2026-09-29T11:39:55Z,
IGX_000164,instagram,Dd2SQsGB4Lm,https://www.instagram.com/p/Dd2SQsGB4Lm/,"Benarkah kondisi karhutla di Kalimantan masih bisa disebut normal? Coba lihat gambaran dari udara ini! Pada 23 September 2026, Kepala BNPB Suharyanto melaporkan dalam rapat terbatas bersama Presiden b",sumardionogeologist7,2026-09-28T22:44:19Z,karhutla_kalimantan,2026-09-29,18416940874157181,,False,be78280f4e,tidak ada pejabat yang otaknya normal,0,2026-09-29T11:39:40Z,
IGX_000165,instagram,Dd2SQsGB4Lm,https://www.instagram.com/p/Dd2SQsGB4Lm/,"Benarkah kondisi karhutla di Kalimantan masih bisa disebut normal? Coba lihat gambaran dari udara ini! Pada 23 September 2026, Kepala BNPB Suharyanto melaporkan dalam rapat terbatas bersama Presiden b",sumardionogeologist7,2026-09-28T22:44:19Z,karhutla_kalimantan,2026-09-29,18097160546553227,,False,ec389aaa4f,gila bgt para pejabat ini firaun2 masa kini naudzubillah ya alloh,0,2026-09-29T11:39:20Z,
IGX_000166,instagram,Dd2SQsGB4Lm,https://www.instagram.com/p/Dd2SQsGB4Lm/,"Benarkah kondisi karhutla di Kalimantan masih bisa disebut normal? Coba lihat gambaran dari udara ini! Pada 23 September 2026, Kepala BNPB Suharyanto melaporkan dalam rapat terbatas bersama Presiden b",sumardionogeologist7,2026-09-28T22:44:19Z,karhutla_kalimantan,2026-09-29,18631602751018286,,False,860707f3c9,sudah jadi kyk medan tempur ww1,0,2026-09-29T11:39:09Z,
IGX_000167,instagram,Dd2SQsGB4Lm,https://www.instagram.com/p/Dd2SQsGB4Lm/,"Benarkah kondisi karhutla di Kalimantan masih bisa disebut normal? Coba lihat gambaran dari udara ini! Pada 23 September 2026, Kepala BNPB Suharyanto melaporkan dalam rapat terbatas bersama Presiden b",sumardionogeologist7,2026-09-28T22:44:19Z,karhutla_kalimantan,2026-09-29,18104698016576851,,False,e7b07c3ac6,itu yang kumau lahan baru yang siap ditanami sawit,0,2026-09-29T11:39:07Z,
IGX_000168,instagram,Dd2SQsGB4Lm,https://www.instagram.com/p/Dd2SQsGB4Lm/,"Benarkah kondisi karhutla di Kalimantan masih bisa disebut normal? Coba lihat gambaran dari udara ini! Pada 23 September 2026, Kepala BNPB Suharyanto melaporkan dalam rapat terbatas bersama Presiden b",sumardionogeologist7,2026-09-28T22:44:19Z,karhutla_kalimantan,2026-09-29,17909251965307811,,False,6c60ec4a00,nanti tumbuh sawit sawit punya siapa ya antek antek tu lah hahahha,0,2026-09-29T11:38:59Z,
IGX_000169,instagram,Dd2SQsGB4Lm,https://www.instagram.com/p/Dd2SQsGB4Lm/,"Benarkah kondisi karhutla di Kalimantan masih bisa disebut normal? Coba lihat gambaran dari udara ini! Pada 23 September 2026, Kepala BNPB Suharyanto melaporkan dalam rapat terbatas bersama Presiden b",sumardionogeologist7,2026-09-28T22:44:19Z,karhutla_kalimantan,2026-09-29,17958537468240379,,False,aaa7b3adf2,gass netizen budiman,0,2026-09-29T11:38:45Z,
IGX_000170,instagram,Dd2SQsGB4Lm,https://www.instagram.com/p/Dd2SQsGB4Lm/,"Benarkah kondisi karhutla di Kalimantan masih bisa disebut normal? Coba lihat gambaran dari udara ini! Pada 23 September 2026, Kepala BNPB Suharyanto melaporkan dalam rapat terbatas bersama Presiden b",sumardionogeologist7,2026-09-28T22:44:19Z,karhutla_kalimantan,2026-09-29,18187956106361884,,False,91b9794c87,mumpung wowo presiden kesempatan pejabat bohongi dia trus baru yang bodoknya presiden malah percya laporn pejabat dari pada rakyta,0,2026-09-29T11:37:47Z,
IGX_000171,instagram,Dd2SQsGB4Lm,https://www.instagram.com/p/Dd2SQsGB4Lm/,"Benarkah kondisi karhutla di Kalimantan masih bisa disebut normal? Coba lihat gambaran dari udara ini! Pada 23 September 2026, Kepala BNPB Suharyanto melaporkan dalam rapat terbatas bersama Presiden b",sumardionogeologist7,2026-09-28T22:44:19Z,karhutla_kalimantan,2026-09-29,18072551342727798,,False,e5b6dfe8fd,yang ini,0,2026-09-29T11:37:07Z,
IGX_000172,instagram,Dd2SQsGB4Lm,https://www.instagram.com/p/Dd2SQsGB4Lm/,"Benarkah kondisi karhutla di Kalimantan masih bisa disebut normal? Coba lihat gambaran dari udara ini! Pada 23 September 2026, Kepala BNPB Suharyanto melaporkan dalam rapat terbatas bersama Presiden b",sumardionogeologist7,2026-09-28T22:44:19Z,karhutla_kalimantan,2026-09-29,18116130733791225,,False,6c3006e889,ya allah,0,2026-09-29T11:36:48Z,
IGX_000173,instagram,Dd2SQsGB4Lm,https://www.instagram.com/p/Dd2SQsGB4Lm/,"Benarkah kondisi karhutla di Kalimantan masih bisa disebut normal? Coba lihat gambaran dari udara ini! Pada 23 September 2026, Kepala BNPB Suharyanto melaporkan dalam rapat terbatas bersama Presiden b",sumardionogeologist7,2026-09-28T22:44:19Z,karhutla_kalimantan,2026-09-29,17958974406239115,,False,46e9d67ad6,saya dapat laporan,0,2026-09-29T11:36:01Z,
IGX_000174,instagram,Dd2SQsGB4Lm,https://www.instagram.com/p/Dd2SQsGB4Lm/,"Benarkah kondisi karhutla di Kalimantan masih bisa disebut normal? Coba lihat gambaran dari udara ini! Pada 23 September 2026, Kepala BNPB Suharyanto melaporkan dalam rapat terbatas bersama Presiden b",sumardionogeologist7,2026-09-28T22:44:19Z,karhutla_kalimantan,2026-09-29,17976395118129328,,False,ea338d599c,memang normal kan dalam rangka pembebasan lahan untuk sawit,0,2026-09-29T11:35:24Z,
IGX_000175,instagram,Dd2SQsGB4Lm,https://www.instagram.com/p/Dd2SQsGB4Lm/,"Benarkah kondisi karhutla di Kalimantan masih bisa disebut normal? Coba lihat gambaran dari udara ini! Pada 23 September 2026, Kepala BNPB Suharyanto melaporkan dalam rapat terbatas bersama Presiden b",sumardionogeologist7,2026-09-28T22:44:19Z,karhutla_kalimantan,2026-09-29,18052402910656334,,False,2a282f219e,standar normalnya orang waras sama orang gila memang beda bro harap maklum,0,2026-09-29T11:35:02Z,
IGX_000176,instagram,Dd2SQsGB4Lm,https://www.instagram.com/p/Dd2SQsGB4Lm/,"Benarkah kondisi karhutla di Kalimantan masih bisa disebut normal? Coba lihat gambaran dari udara ini! Pada 23 September 2026, Kepala BNPB Suharyanto melaporkan dalam rapat terbatas bersama Presiden b",sumardionogeologist7,2026-09-28T22:44:19Z,karhutla_kalimantan,2026-09-29,18111624839124711,,False,da3440bdde,awas entar laporanmu dibalas sama tagihan 2juta,0,2026-09-29T11:34:50Z,
IGX_000177,instagram,Dd2SQsGB4Lm,https://www.instagram.com/p/Dd2SQsGB4Lm/,"Benarkah kondisi karhutla di Kalimantan masih bisa disebut normal? Coba lihat gambaran dari udara ini! Pada 23 September 2026, Kepala BNPB Suharyanto melaporkan dalam rapat terbatas bersama Presiden b",sumardionogeologist7,2026-09-28T22:44:19Z,karhutla_kalimantan,2026-09-29,18373581220210547,,False,af76778adb,buat para pejabat2 dan penjilat2 gila itu normal,0,2026-09-29T11:34:43Z,
IGX_000178,instagram,Dd2SQsGB4Lm,https://www.instagram.com/p/Dd2SQsGB4Lm/,"Benarkah kondisi karhutla di Kalimantan masih bisa disebut normal? Coba lihat gambaran dari udara ini! Pada 23 September 2026, Kepala BNPB Suharyanto melaporkan dalam rapat terbatas bersama Presiden b",sumardionogeologist7,2026-09-28T22:44:19Z,karhutla_kalimantan,2026-09-29,17974091195942633,,False,adbe816489,asal bapak senang di lapangan masih amburadul,0,2026-09-29T11:34:25Z,
IGX_000179,instagram,Dd2SQsGB4Lm,https://www.instagram.com/p/Dd2SQsGB4Lm/,"Benarkah kondisi karhutla di Kalimantan masih bisa disebut normal? Coba lihat gambaran dari udara ini! Pada 23 September 2026, Kepala BNPB Suharyanto melaporkan dalam rapat terbatas bersama Presiden b",sumardionogeologist7,2026-09-28T22:44:19Z,karhutla_kalimantan,2026-09-29,18123447946920549,,False,3bfaca625d,presidennya goblok makanya gampang percaya taekk taekk,0,2026-09-29T11:34:22Z,
IGX_000180,instagram,Dd2SQsGB4Lm,https://www.instagram.com/p/Dd2SQsGB4Lm/,"Benarkah kondisi karhutla di Kalimantan masih bisa disebut normal? Coba lihat gambaran dari udara ini! Pada 23 September 2026, Kepala BNPB Suharyanto melaporkan dalam rapat terbatas bersama Presiden b",sumardionogeologist7,2026-09-28T22:44:19Z,karhutla_kalimantan,2026-09-29,18648620272058748,,False,33a3f09a74,lha wong perusahaannya wowo aja termasuk penyumbang karhutla terbesar,0,2026-09-29T11:34:03Z,
IGX_000181,instagram,Dd2SQsGB4Lm,https://www.instagram.com/p/Dd2SQsGB4Lm/,"Benarkah kondisi karhutla di Kalimantan masih bisa disebut normal? Coba lihat gambaran dari udara ini! Pada 23 September 2026, Kepala BNPB Suharyanto melaporkan dalam rapat terbatas bersama Presiden b",sumardionogeologist7,2026-09-28T22:44:19Z,karhutla_kalimantan,2026-09-29,18190630705391958,,False,768c1a3b97,bagus sekali videomu bang sumpah tp percuma juga tidak bakal di gubris bang,0,2026-09-29T11:32:54Z,
IGX_000182,instagram,Dd2SQsGB4Lm,https://www.instagram.com/p/Dd2SQsGB4Lm/,"Benarkah kondisi karhutla di Kalimantan masih bisa disebut normal? Coba lihat gambaran dari udara ini! Pada 23 September 2026, Kepala BNPB Suharyanto melaporkan dalam rapat terbatas bersama Presiden b",sumardionogeologist7,2026-09-28T22:44:19Z,karhutla_kalimantan,2026-09-29,18065481383786250,,False,4716d3e71b,maklum sudah tua jadi makin rabun,0,2026-09-29T11:32:46Z,
IGX_000183,instagram,Dd2SQsGB4Lm,https://www.instagram.com/p/Dd2SQsGB4Lm/,"Benarkah kondisi karhutla di Kalimantan masih bisa disebut normal? Coba lihat gambaran dari udara ini! Pada 23 September 2026, Kepala BNPB Suharyanto melaporkan dalam rapat terbatas bersama Presiden b",sumardionogeologist7,2026-09-28T22:44:19Z,karhutla_kalimantan,2026-09-29,18076189160708092,,False,682aeef450,primata kera monyet dan sebagainya mati karena terkena dampak karhutla setelah mereka mati hidup lah monyet monyet serakah yang mengatas namakan pembangunan yang bernama pemerintah,0,2026-09-29T11:32:42Z,
IGX_000184,instagram,Dd2SQsGB4Lm,https://www.instagram.com/p/Dd2SQsGB4Lm/,"Benarkah kondisi karhutla di Kalimantan masih bisa disebut normal? Coba lihat gambaran dari udara ini! Pada 23 September 2026, Kepala BNPB Suharyanto melaporkan dalam rapat terbatas bersama Presiden b",sumardionogeologist7,2026-09-28T22:44:19Z,karhutla_kalimantan,2026-09-29,18096289388650574,,False,a95ac731ba,mungkin sudah ada tanda tangan kontrak wkk,0,2026-09-29T11:32:37Z,
IGX_000185,instagram,Dd2SQsGB4Lm,https://www.instagram.com/p/Dd2SQsGB4Lm/,"Benarkah kondisi karhutla di Kalimantan masih bisa disebut normal? Coba lihat gambaran dari udara ini! Pada 23 September 2026, Kepala BNPB Suharyanto melaporkan dalam rapat terbatas bersama Presiden b",sumardionogeologist7,2026-09-28T22:44:19Z,karhutla_kalimantan,2026-09-29,18384315928229357,,False,d41b2f83a5,laporan abs asal boss senang,0,2026-09-29T11:31:42Z,
IGX_000186,instagram,Dd2SQsGB4Lm,https://www.instagram.com/p/Dd2SQsGB4Lm/,"Benarkah kondisi karhutla di Kalimantan masih bisa disebut normal? Coba lihat gambaran dari udara ini! Pada 23 September 2026, Kepala BNPB Suharyanto melaporkan dalam rapat terbatas bersama Presiden b",sumardionogeologist7,2026-09-28T22:44:19Z,karhutla_kalimantan,2026-09-29,18230619808325005,,False,d9ef20e5c8,memang iblis semua orang orang dalam pemerintahan indonesia,0,2026-09-29T11:31:38Z,
IGX_000187,instagram,Dd2SQsGB4Lm,https://www.instagram.com/p/Dd2SQsGB4Lm/,"Benarkah kondisi karhutla di Kalimantan masih bisa disebut normal? Coba lihat gambaran dari udara ini! Pada 23 September 2026, Kepala BNPB Suharyanto melaporkan dalam rapat terbatas bersama Presiden b",sumardionogeologist7,2026-09-28T22:44:19Z,karhutla_kalimantan,2026-09-29,18127248062487710,,False,d4bbb53094,siap ditanami bibit sawit,0,2026-09-29T11:30:51Z,
IGX_000188,instagram,Dd2SQsGB4Lm,https://www.instagram.com/p/Dd2SQsGB4Lm/,"Benarkah kondisi karhutla di Kalimantan masih bisa disebut normal? Coba lihat gambaran dari udara ini! Pada 23 September 2026, Kepala BNPB Suharyanto melaporkan dalam rapat terbatas bersama Presiden b",sumardionogeologist7,2026-09-28T22:44:19Z,karhutla_kalimantan,2026-09-29,17880327084627991,,False,be1be5421c,koalisi iblis,0,2026-09-29T11:30:34Z,
IGX_000189,instagram,Dd2SQsGB4Lm,https://www.instagram.com/p/Dd2SQsGB4Lm/,"Benarkah kondisi karhutla di Kalimantan masih bisa disebut normal? Coba lihat gambaran dari udara ini! Pada 23 September 2026, Kepala BNPB Suharyanto melaporkan dalam rapat terbatas bersama Presiden b",sumardionogeologist7,2026-09-28T22:44:19Z,karhutla_kalimantan,2026-09-29,18180364375426144,,False,89885fb0f3,siap tanam karena kalau tidak dimanfaatkan akan diambil negara,0,2026-09-29T11:30:27Z,
IGX_000190,instagram,Dd2SQsGB4Lm,https://www.instagram.com/p/Dd2SQsGB4Lm/,"Benarkah kondisi karhutla di Kalimantan masih bisa disebut normal? Coba lihat gambaran dari udara ini! Pada 23 September 2026, Kepala BNPB Suharyanto melaporkan dalam rapat terbatas bersama Presiden b",sumardionogeologist7,2026-09-28T22:44:19Z,karhutla_kalimantan,2026-09-29,18089333087289614,,False,bd799d666a,bnpb sebut itu normal sebagai kode hijau bahwa lahannya sudah ready ditanam sawit,0,2026-09-29T11:30:21Z,
IGX_000191,instagram,Dd2SQsGB4Lm,https://www.instagram.com/p/Dd2SQsGB4Lm/,"Benarkah kondisi karhutla di Kalimantan masih bisa disebut normal? Coba lihat gambaran dari udara ini! Pada 23 September 2026, Kepala BNPB Suharyanto melaporkan dalam rapat terbatas bersama Presiden b",sumardionogeologist7,2026-09-28T22:44:19Z,karhutla_kalimantan,2026-09-29,17871942939649954,,False,b69bb9a426,nah kan,0,2026-09-29T11:29:18Z,
IGX_000192,instagram,Dd2SQsGB4Lm,https://www.instagram.com/p/Dd2SQsGB4Lm/,"Benarkah kondisi karhutla di Kalimantan masih bisa disebut normal? Coba lihat gambaran dari udara ini! Pada 23 September 2026, Kepala BNPB Suharyanto melaporkan dalam rapat terbatas bersama Presiden b",sumardionogeologist7,2026-09-28T22:44:19Z,karhutla_kalimantan,2026-09-29,18142452553584673,,False,c513b703bb,sebentar lagi pelarangan drone dikumandangkan,0,2026-09-29T11:28:56Z,
IGX_000193,instagram,Dd2SQsGB4Lm,https://www.instagram.com/p/Dd2SQsGB4Lm/,"Benarkah kondisi karhutla di Kalimantan masih bisa disebut normal? Coba lihat gambaran dari udara ini! Pada 23 September 2026, Kepala BNPB Suharyanto melaporkan dalam rapat terbatas bersama Presiden b",sumardionogeologist7,2026-09-28T22:44:19Z,karhutla_kalimantan,2026-09-29,18107336771219332,,False,787d095cc1,merusak memang mudah tapi memperbaiki itu sulit,0,2026-09-29T11:28:44Z,
IGX_000194,instagram,Dd2SQsGB4Lm,https://www.instagram.com/p/Dd2SQsGB4Lm/,"Benarkah kondisi karhutla di Kalimantan masih bisa disebut normal? Coba lihat gambaran dari udara ini! Pada 23 September 2026, Kepala BNPB Suharyanto melaporkan dalam rapat terbatas bersama Presiden b",sumardionogeologist7,2026-09-28T22:44:19Z,karhutla_kalimantan,2026-09-29,18137972359537680,,False,9d0d1c6d86,yang penting bagus saja terima laporan wong tidak paham kerja,0,2026-09-29T11:28:20Z,
IGX_000195,instagram,Dd2SQsGB4Lm,https://www.instagram.com/p/Dd2SQsGB4Lm/,"Benarkah kondisi karhutla di Kalimantan masih bisa disebut normal? Coba lihat gambaran dari udara ini! Pada 23 September 2026, Kepala BNPB Suharyanto melaporkan dalam rapat terbatas bersama Presiden b",sumardionogeologist7,2026-09-28T22:44:19Z,karhutla_kalimantan,2026-09-29,17864649612678277,,False,a0bca96f7d,nanti tumbuh sawit semua itu tertawa,0,2026-09-29T11:28:03Z,
IGX_000196,instagram,Dd2SQsGB4Lm,https://www.instagram.com/p/Dd2SQsGB4Lm/,"Benarkah kondisi karhutla di Kalimantan masih bisa disebut normal? Coba lihat gambaran dari udara ini! Pada 23 September 2026, Kepala BNPB Suharyanto melaporkan dalam rapat terbatas bersama Presiden b",sumardionogeologist7,2026-09-28T22:44:19Z,karhutla_kalimantan,2026-09-29,18098942048639897,,False,12494e147a,bangke memang,0,2026-09-29T11:27:19Z,
IGX_000197,instagram,Dd2SQsGB4Lm,https://www.instagram.com/p/Dd2SQsGB4Lm/,"Benarkah kondisi karhutla di Kalimantan masih bisa disebut normal? Coba lihat gambaran dari udara ini! Pada 23 September 2026, Kepala BNPB Suharyanto melaporkan dalam rapat terbatas bersama Presiden b",sumardionogeologist7,2026-09-28T22:44:19Z,karhutla_kalimantan,2026-09-29,17989320446860709,,False,e319863d68,cepat membaik negriku cepat hilang mbg,0,2026-09-29T11:27:15Z,
IGX_000198,instagram,Dd2SQsGB4Lm,https://www.instagram.com/p/Dd2SQsGB4Lm/,"Benarkah kondisi karhutla di Kalimantan masih bisa disebut normal? Coba lihat gambaran dari udara ini! Pada 23 September 2026, Kepala BNPB Suharyanto melaporkan dalam rapat terbatas bersama Presiden b",sumardionogeologist7,2026-09-28T22:44:19Z,karhutla_kalimantan,2026-09-29,18108511850233265,,False,47c6cd9c0c,ini presiden buka sosial media tidak ya,0,2026-09-29T11:26:57Z,
IGX_000199,instagram,Dd2SQsGB4Lm,https://www.instagram.com/p/Dd2SQsGB4Lm/,"Benarkah kondisi karhutla di Kalimantan masih bisa disebut normal? Coba lihat gambaran dari udara ini! Pada 23 September 2026, Kepala BNPB Suharyanto melaporkan dalam rapat terbatas bersama Presiden b",sumardionogeologist7,2026-09-28T22:44:19Z,karhutla_kalimantan,2026-09-29,18134107396646384,,False,48d6b2a8e6,alasan saat itu gaboleh nerbangin drone apa mungkin ini,0,2026-09-29T11:26:03Z,
IGX_000200,instagram,Dd2SQsGB4Lm,https://www.instagram.com/p/Dd2SQsGB4Lm/,"Benarkah kondisi karhutla di Kalimantan masih bisa disebut normal? Coba lihat gambaran dari udara ini! Pada 23 September 2026, Kepala BNPB Suharyanto melaporkan dalam rapat terbatas bersama Presiden b",sumardionogeologist7,2026-09-28T22:44:19Z,karhutla_kalimantan,2026-09-29,18075527204546846,,False,33b8f20da2,nampaknya sudah ada niat terselubung terkonsep ada jalur ke atas,0,2026-09-29T11:25:24Z,
IGX_000201,instagram,Dd2SQsGB4Lm,https://www.instagram.com/p/Dd2SQsGB4Lm/,"Benarkah kondisi karhutla di Kalimantan masih bisa disebut normal? Coba lihat gambaran dari udara ini! Pada 23 September 2026, Kepala BNPB Suharyanto melaporkan dalam rapat terbatas bersama Presiden b",sumardionogeologist7,2026-09-28T22:44:19Z,karhutla_kalimantan,2026-09-29,18105429041340256,,False,7ed6bbb4f2,innalillah semuanya ada pertanggung jawabannya,0,2026-09-29T11:25:00Z,
IGX_000202,instagram,Dd2SQsGB4Lm,https://www.instagram.com/p/Dd2SQsGB4Lm/,"Benarkah kondisi karhutla di Kalimantan masih bisa disebut normal? Coba lihat gambaran dari udara ini! Pada 23 September 2026, Kepala BNPB Suharyanto melaporkan dalam rapat terbatas bersama Presiden b",sumardionogeologist7,2026-09-28T22:44:19Z,karhutla_kalimantan,2026-09-29,18111238535132567,,False,0443d2cd61,bibit sawit siap meluncur,0,2026-09-29T11:24:46Z,
IGX_000203,instagram,Dd2SQsGB4Lm,https://www.instagram.com/p/Dd2SQsGB4Lm/,"Benarkah kondisi karhutla di Kalimantan masih bisa disebut normal? Coba lihat gambaran dari udara ini! Pada 23 September 2026, Kepala BNPB Suharyanto melaporkan dalam rapat terbatas bersama Presiden b",sumardionogeologist7,2026-09-28T22:44:19Z,karhutla_kalimantan,2026-09-29,18162509473493211,,False,7325fc9ae7,sekelas presiden aja pada berani bohong gimana kalau berhadapan dengan rakyat sudah gitu percaya gitu aja cek sendiri kek sekali2 pak pada tidak becus tuh,0,2026-09-29T11:24:41Z,
IGX_000204,instagram,Dd2SQsGB4Lm,https://www.instagram.com/p/Dd2SQsGB4Lm/,"Benarkah kondisi karhutla di Kalimantan masih bisa disebut normal? Coba lihat gambaran dari udara ini! Pada 23 September 2026, Kepala BNPB Suharyanto melaporkan dalam rapat terbatas bersama Presiden b",sumardionogeologist7,2026-09-28T22:44:19Z,karhutla_kalimantan,2026-09-29,18122596972698639,,False,24e5b96b7f,ngeri,0,2026-09-29T11:24:23Z,
IGX_000205,instagram,Dd2SQsGB4Lm,https://www.instagram.com/p/Dd2SQsGB4Lm/,"Benarkah kondisi karhutla di Kalimantan masih bisa disebut normal? Coba lihat gambaran dari udara ini! Pada 23 September 2026, Kepala BNPB Suharyanto melaporkan dalam rapat terbatas bersama Presiden b",sumardionogeologist7,2026-09-28T22:44:19Z,karhutla_kalimantan,2026-09-29,18128270854694948,,False,52d7a910e2,subhanallah terbuka hati semua pejabat jabatan yang berwenang itu yaa alla,0,2026-09-29T11:24:17Z,
IGX_000206,instagram,Dd2SQsGB4Lm,https://www.instagram.com/p/Dd2SQsGB4Lm/,"Benarkah kondisi karhutla di Kalimantan masih bisa disebut normal? Coba lihat gambaran dari udara ini! Pada 23 September 2026, Kepala BNPB Suharyanto melaporkan dalam rapat terbatas bersama Presiden b",sumardionogeologist7,2026-09-28T22:44:19Z,karhutla_kalimantan,2026-09-29,18499223059099158,,False,5c6915b56b,azab yang pedih sesegera mungkin ya allah untuk para pejabat pembuat sengsara rakyat aamiin,0,2026-09-29T11:24:16Z,
IGX_000207,instagram,Dd2SQsGB4Lm,https://www.instagram.com/p/Dd2SQsGB4Lm/,"Benarkah kondisi karhutla di Kalimantan masih bisa disebut normal? Coba lihat gambaran dari udara ini! Pada 23 September 2026, Kepala BNPB Suharyanto melaporkan dalam rapat terbatas bersama Presiden b",sumardionogeologist7,2026-09-28T22:44:19Z,karhutla_kalimantan,2026-09-29,18097121324108787,,False,6a79e1352f,hancur,0,2026-09-29T11:24:13Z,
IGX_000208,instagram,Dd2SQsGB4Lm,https://www.instagram.com/p/Dd2SQsGB4Lm/,"Benarkah kondisi karhutla di Kalimantan masih bisa disebut normal? Coba lihat gambaran dari udara ini! Pada 23 September 2026, Kepala BNPB Suharyanto melaporkan dalam rapat terbatas bersama Presiden b",sumardionogeologist7,2026-09-28T22:44:19Z,karhutla_kalimantan,2026-09-29,18640813192041958,,False,34485ce67f,kebanyakan bumer itu brengsek tahu tidak,0,2026-09-29T11:23:40Z,
IGX_000209,instagram,Dd2SQsGB4Lm,https://www.instagram.com/p/Dd2SQsGB4Lm/,"Benarkah kondisi karhutla di Kalimantan masih bisa disebut normal? Coba lihat gambaran dari udara ini! Pada 23 September 2026, Kepala BNPB Suharyanto melaporkan dalam rapat terbatas bersama Presiden b",sumardionogeologist7,2026-09-28T22:44:19Z,karhutla_kalimantan,2026-09-29,17892474825438239,,False,24efbf6e4d,kebakaran yang disengaja,0,2026-09-29T11:23:36Z,
IGX_000210,instagram,Dd2SQsGB4Lm,https://www.instagram.com/p/Dd2SQsGB4Lm/,"Benarkah kondisi karhutla di Kalimantan masih bisa disebut normal? Coba lihat gambaran dari udara ini! Pada 23 September 2026, Kepala BNPB Suharyanto melaporkan dalam rapat terbatas bersama Presiden b",sumardionogeologist7,2026-09-28T22:44:19Z,karhutla_kalimantan,2026-09-29,17986349088075543,,False,e82d1228f0,demi tuhan datangkankah bencana yang sangatlah besar,0,2026-09-29T11:22:24Z,
IGX_000211,instagram,Dd2SQsGB4Lm,https://www.instagram.com/p/Dd2SQsGB4Lm/,"Benarkah kondisi karhutla di Kalimantan masih bisa disebut normal? Coba lihat gambaran dari udara ini! Pada 23 September 2026, Kepala BNPB Suharyanto melaporkan dalam rapat terbatas bersama Presiden b",sumardionogeologist7,2026-09-28T22:44:19Z,karhutla_kalimantan,2026-09-29,18099862184638105,,False,c7a775dc44,normal ko kan memang normalnya pejabat itu rusak,0,2026-09-29T11:22:22Z,
IGX_000212,instagram,Dd2SQsGB4Lm,https://www.instagram.com/p/Dd2SQsGB4Lm/,"Benarkah kondisi karhutla di Kalimantan masih bisa disebut normal? Coba lihat gambaran dari udara ini! Pada 23 September 2026, Kepala BNPB Suharyanto melaporkan dalam rapat terbatas bersama Presiden b",sumardionogeologist7,2026-09-28T22:44:19Z,karhutla_kalimantan,2026-09-29,17890757766447008,,False,ad2adeaa08,اس ت غ ف ر الل ه ال ع ظ ي م,0,2026-09-29T11:22:01Z,
IGX_000213,instagram,Dd2SQsGB4Lm,https://www.instagram.com/p/Dd2SQsGB4Lm/,"Benarkah kondisi karhutla di Kalimantan masih bisa disebut normal? Coba lihat gambaran dari udara ini! Pada 23 September 2026, Kepala BNPB Suharyanto melaporkan dalam rapat terbatas bersama Presiden b",sumardionogeologist7,2026-09-28T22:44:19Z,karhutla_kalimantan,2026-09-29,17908735995483926,,False,8052c66a3a,yang satu penjilat yang satu masa bodoh,0,2026-09-29T11:21:54Z,
IGX_000214,instagram,Dd2SQsGB4Lm,https://www.instagram.com/p/Dd2SQsGB4Lm/,"Benarkah kondisi karhutla di Kalimantan masih bisa disebut normal? Coba lihat gambaran dari udara ini! Pada 23 September 2026, Kepala BNPB Suharyanto melaporkan dalam rapat terbatas bersama Presiden b",sumardionogeologist7,2026-09-28T22:44:19Z,karhutla_kalimantan,2026-09-29,18121052053934806,,False,6014a0f476,paling presiden bilang itu ai,0,2026-09-29T11:21:42Z,
IGX_000215,instagram,Dd2SQsGB4Lm,https://www.instagram.com/p/Dd2SQsGB4Lm/,"Benarkah kondisi karhutla di Kalimantan masih bisa disebut normal? Coba lihat gambaran dari udara ini! Pada 23 September 2026, Kepala BNPB Suharyanto melaporkan dalam rapat terbatas bersama Presiden b",sumardionogeologist7,2026-09-28T22:44:19Z,karhutla_kalimantan,2026-09-29,18118395997951878,,False,c1c26293d5,presiden nya gampang bgt di goblok goblokin sama bawahan,0,2026-09-29T11:21:13Z,
IGX_000216,instagram,Dd2SQsGB4Lm,https://www.instagram.com/p/Dd2SQsGB4Lm/,"Benarkah kondisi karhutla di Kalimantan masih bisa disebut normal? Coba lihat gambaran dari udara ini! Pada 23 September 2026, Kepala BNPB Suharyanto melaporkan dalam rapat terbatas bersama Presiden b",sumardionogeologist7,2026-09-28T22:44:19Z,karhutla_kalimantan,2026-09-29,18127438495878729,,False,fa04d3645f,sawit prabowo,0,2026-09-29T11:19:43Z,
IGX_000217,instagram,Dd2SQsGB4Lm,https://www.instagram.com/p/Dd2SQsGB4Lm/,"Benarkah kondisi karhutla di Kalimantan masih bisa disebut normal? Coba lihat gambaran dari udara ini! Pada 23 September 2026, Kepala BNPB Suharyanto melaporkan dalam rapat terbatas bersama Presiden b",sumardionogeologist7,2026-09-28T22:44:19Z,karhutla_kalimantan,2026-09-29,17909955423513748,,False,ca9aae2c82,kalau kata pak purbaya jika ingin data yang bagus tanya orang lain jika ingin data yang sebenarnya tanya saya,0,2026-09-29T11:19:11Z,
IGX_000218,instagram,Dd2SQsGB4Lm,https://www.instagram.com/p/Dd2SQsGB4Lm/,"Benarkah kondisi karhutla di Kalimantan masih bisa disebut normal? Coba lihat gambaran dari udara ini! Pada 23 September 2026, Kepala BNPB Suharyanto melaporkan dalam rapat terbatas bersama Presiden b",sumardionogeologist7,2026-09-28T22:44:19Z,karhutla_kalimantan,2026-09-29,18105319001250556,,False,fde05004b1,lain kali kalau milih presiden jngan karena gemoy jdinya kan gini,0,2026-09-29T11:18:22Z,
IGX_000219,instagram,Dd2SQsGB4Lm,https://www.instagram.com/p/Dd2SQsGB4Lm/,"Benarkah kondisi karhutla di Kalimantan masih bisa disebut normal? Coba lihat gambaran dari udara ini! Pada 23 September 2026, Kepala BNPB Suharyanto melaporkan dalam rapat terbatas bersama Presiden b",sumardionogeologist7,2026-09-28T22:44:19Z,karhutla_kalimantan,2026-09-29,18602868913071622,,False,93a226bced,ah percuma dia sudah tahu kan dia naik pesawat,0,2026-09-29T11:17:53Z,
IGX_000220,instagram,Dd2SQsGB4Lm,https://www.instagram.com/p/Dd2SQsGB4Lm/,"Benarkah kondisi karhutla di Kalimantan masih bisa disebut normal? Coba lihat gambaran dari udara ini! Pada 23 September 2026, Kepala BNPB Suharyanto melaporkan dalam rapat terbatas bersama Presiden b",sumardionogeologist7,2026-09-28T22:44:19Z,karhutla_kalimantan,2026-09-29,18108142364465464,,False,8cd0100341,se bobrok itukan para pejabat kita,0,2026-09-29T11:17:37Z,
IGX_000221,instagram,Dd2SQsGB4Lm,https://www.instagram.com/p/Dd2SQsGB4Lm/,"Benarkah kondisi karhutla di Kalimantan masih bisa disebut normal? Coba lihat gambaran dari udara ini! Pada 23 September 2026, Kepala BNPB Suharyanto melaporkan dalam rapat terbatas bersama Presiden b",sumardionogeologist7,2026-09-28T22:44:19Z,karhutla_kalimantan,2026-09-29,18104836184207715,,False,fcbaf5cde8,is sudah sejauh ini belum aja pulih bumi pertiwi kita ni para pejabat ngerti cara madamin nggk ni,0,2026-09-29T11:17:27Z,
IGX_000222,instagram,Dd2SQsGB4Lm,https://www.instagram.com/p/Dd2SQsGB4Lm/,"Benarkah kondisi karhutla di Kalimantan masih bisa disebut normal? Coba lihat gambaran dari udara ini! Pada 23 September 2026, Kepala BNPB Suharyanto melaporkan dalam rapat terbatas bersama Presiden b",sumardionogeologist7,2026-09-28T22:44:19Z,karhutla_kalimantan,2026-09-29,18121391818916434,,False,6209689593,kecewa sama prabowo,0,2026-09-29T11:17:14Z,
IGX_000223,instagram,Dd2SQsGB4Lm,https://www.instagram.com/p/Dd2SQsGB4Lm/,"Benarkah kondisi karhutla di Kalimantan masih bisa disebut normal? Coba lihat gambaran dari udara ini! Pada 23 September 2026, Kepala BNPB Suharyanto melaporkan dalam rapat terbatas bersama Presiden b",sumardionogeologist7,2026-09-28T22:44:19Z,karhutla_kalimantan,2026-09-29,17996022966034250,,False,e1fad40d4d,normal untuk di tanam sawit kali itu maksudnya,0,2026-09-29T11:17:12Z,
IGX_000224,instagram,Dd2SQsGB4Lm,https://www.instagram.com/p/Dd2SQsGB4Lm/,"Benarkah kondisi karhutla di Kalimantan masih bisa disebut normal? Coba lihat gambaran dari udara ini! Pada 23 September 2026, Kepala BNPB Suharyanto melaporkan dalam rapat terbatas bersama Presiden b",sumardionogeologist7,2026-09-28T22:44:19Z,karhutla_kalimantan,2026-09-29,18136867468729579,,False,c066e228fe,pejabat sekarang lebih takut kehilangan jabatan daripada takut sama tuhan,0,2026-09-29T11:17:08Z,
IGX_000225,instagram,Dd2SQsGB4Lm,https://www.instagram.com/p/Dd2SQsGB4Lm/,"Benarkah kondisi karhutla di Kalimantan masih bisa disebut normal? Coba lihat gambaran dari udara ini! Pada 23 September 2026, Kepala BNPB Suharyanto melaporkan dalam rapat terbatas bersama Presiden b",sumardionogeologist7,2026-09-28T22:44:19Z,karhutla_kalimantan,2026-09-29,17921731650220005,,False,54b023e594,presiden dan keparatt nya buta mata nya semaunya,0,2026-09-29T11:17:00Z,
IGX_000226,instagram,Dd2SQsGB4Lm,https://www.instagram.com/p/Dd2SQsGB4Lm/,"Benarkah kondisi karhutla di Kalimantan masih bisa disebut normal? Coba lihat gambaran dari udara ini! Pada 23 September 2026, Kepala BNPB Suharyanto melaporkan dalam rapat terbatas bersama Presiden b",sumardionogeologist7,2026-09-28T22:44:19Z,karhutla_kalimantan,2026-09-29,18149694004547490,,False,07f731a7d2,di indonesia masih banyak pengkhianat ya,0,2026-09-29T11:16:16Z,
IGX_000227,instagram,Dd2SQsGB4Lm,https://www.instagram.com/p/Dd2SQsGB4Lm/,"Benarkah kondisi karhutla di Kalimantan masih bisa disebut normal? Coba lihat gambaran dari udara ini! Pada 23 September 2026, Kepala BNPB Suharyanto melaporkan dalam rapat terbatas bersama Presiden b",sumardionogeologist7,2026-09-28T22:44:19Z,karhutla_kalimantan,2026-09-29,17894854839417453,,False,ab7d2ac4d7,lahan baru biaya rendah saham bagi rata,0,2026-09-29T11:15:56Z,
IGX_000228,instagram,Dd2SQsGB4Lm,https://www.instagram.com/p/Dd2SQsGB4Lm/,"Benarkah kondisi karhutla di Kalimantan masih bisa disebut normal? Coba lihat gambaran dari udara ini! Pada 23 September 2026, Kepala BNPB Suharyanto melaporkan dalam rapat terbatas bersama Presiden b",sumardionogeologist7,2026-09-28T22:44:19Z,karhutla_kalimantan,2026-09-29,18108329477624472,,False,da30a93ca8,susah kalau pejabat dan mentri nya nyumpel mata mulut dan kuping di wowo mampus aja,0,2026-09-29T11:15:52Z,
IGX_000229,instagram,Dd2SQsGB4Lm,https://www.instagram.com/p/Dd2SQsGB4Lm/,"Benarkah kondisi karhutla di Kalimantan masih bisa disebut normal? Coba lihat gambaran dari udara ini! Pada 23 September 2026, Kepala BNPB Suharyanto melaporkan dalam rapat terbatas bersama Presiden b",sumardionogeologist7,2026-09-28T22:44:19Z,karhutla_kalimantan,2026-09-29,18639486454029036,,False,dc879aa2f9,manusia2 munafik yang hanya pentingkan pencitraan tolong sadarlah ada yang lebih perlu untuk diperbaiki dan diselamatkan,0,2026-09-29T11:14:47Z,
IGX_000230,instagram,Dd2SQsGB4Lm,https://www.instagram.com/p/Dd2SQsGB4Lm/,"Benarkah kondisi karhutla di Kalimantan masih bisa disebut normal? Coba lihat gambaran dari udara ini! Pada 23 September 2026, Kepala BNPB Suharyanto melaporkan dalam rapat terbatas bersama Presiden b",sumardionogeologist7,2026-09-28T22:44:19Z,karhutla_kalimantan,2026-09-29,17929490679411112,,False,9a27cb79c6,sawit,0,2026-09-29T11:13:00Z,
IGX_000231,instagram,Dd2SQsGB4Lm,https://www.instagram.com/p/Dd2SQsGB4Lm/,"Benarkah kondisi karhutla di Kalimantan masih bisa disebut normal? Coba lihat gambaran dari udara ini! Pada 23 September 2026, Kepala BNPB Suharyanto melaporkan dalam rapat terbatas bersama Presiden b",sumardionogeologist7,2026-09-28T22:44:19Z,karhutla_kalimantan,2026-09-29,18137484166699624,,False,f360234dd3,misi compled nunggu 1bln biar berita reda baru tanam sawit,0,2026-09-29T11:11:17Z,
IGX_000232,instagram,Dd2SQsGB4Lm,https://www.instagram.com/p/Dd2SQsGB4Lm/,"Benarkah kondisi karhutla di Kalimantan masih bisa disebut normal? Coba lihat gambaran dari udara ini! Pada 23 September 2026, Kepala BNPB Suharyanto melaporkan dalam rapat terbatas bersama Presiden b",sumardionogeologist7,2026-09-28T22:44:19Z,karhutla_kalimantan,2026-09-29,18105990056260953,,False,8d0901e492,beliau hidup di indonesia dongeng sebelah mana ya kayaknya dunianya masih indah2 aja beda sama dunia kita,0,2026-09-29T11:11:07Z,
IGX_000233,instagram,Dd2SQsGB4Lm,https://www.instagram.com/p/Dd2SQsGB4Lm/,"Benarkah kondisi karhutla di Kalimantan masih bisa disebut normal? Coba lihat gambaran dari udara ini! Pada 23 September 2026, Kepala BNPB Suharyanto melaporkan dalam rapat terbatas bersama Presiden b",sumardionogeologist7,2026-09-28T22:44:19Z,karhutla_kalimantan,2026-09-29,18031001150675303,,False,3d3dad9cac,ai ini sih kata para pendukung nya,0,2026-09-29T11:10:32Z,
IGX_000234,instagram,Dd2SQsGB4Lm,https://www.instagram.com/p/Dd2SQsGB4Lm/,"Benarkah kondisi karhutla di Kalimantan masih bisa disebut normal? Coba lihat gambaran dari udara ini! Pada 23 September 2026, Kepala BNPB Suharyanto melaporkan dalam rapat terbatas bersama Presiden b",sumardionogeologist7,2026-09-28T22:44:19Z,karhutla_kalimantan,2026-09-29,18107796821621418,,False,20f75f0088,normal bagi orang yang tidak normal,0,2026-09-29T11:09:17Z,
IGX_000235,instagram,Dd2SQsGB4Lm,https://www.instagram.com/p/Dd2SQsGB4Lm/,"Benarkah kondisi karhutla di Kalimantan masih bisa disebut normal? Coba lihat gambaran dari udara ini! Pada 23 September 2026, Kepala BNPB Suharyanto melaporkan dalam rapat terbatas bersama Presiden b",sumardionogeologist7,2026-09-28T22:44:19Z,karhutla_kalimantan,2026-09-29,18094369721537129,,False,1de66904f2,pemimpin ok bos di pikirannya yang penting jalan keluar,0,2026-09-29T11:09:02Z,
IGX_000236,instagram,Dd2SQsGB4Lm,https://www.instagram.com/p/Dd2SQsGB4Lm/,"Benarkah kondisi karhutla di Kalimantan masih bisa disebut normal? Coba lihat gambaran dari udara ini! Pada 23 September 2026, Kepala BNPB Suharyanto melaporkan dalam rapat terbatas bersama Presiden b",sumardionogeologist7,2026-09-28T22:44:19Z,karhutla_kalimantan,2026-09-29,17904964053590362,,False,4a58869a11,keserakahan umat manusia para pejabat dan pemerintah,0,2026-09-29T11:08:16Z,
IGX_000237,instagram,Dd2SQsGB4Lm,https://www.instagram.com/p/Dd2SQsGB4Lm/,"Benarkah kondisi karhutla di Kalimantan masih bisa disebut normal? Coba lihat gambaran dari udara ini! Pada 23 September 2026, Kepala BNPB Suharyanto melaporkan dalam rapat terbatas bersama Presiden b",sumardionogeologist7,2026-09-28T22:44:19Z,karhutla_kalimantan,2026-09-29,17935205184398214,,False,117195cc9b,masa iya presiden tidak sadar,0,2026-09-29T11:07:36Z,
IGX_000238,instagram,Dd2SQsGB4Lm,https://www.instagram.com/p/Dd2SQsGB4Lm/,"Benarkah kondisi karhutla di Kalimantan masih bisa disebut normal? Coba lihat gambaran dari udara ini! Pada 23 September 2026, Kepala BNPB Suharyanto melaporkan dalam rapat terbatas bersama Presiden b",sumardionogeologist7,2026-09-28T22:44:19Z,karhutla_kalimantan,2026-09-29,18145410046601419,,False,37a574718a,kan masyarakat kalimantan sudah tradisi kalau bakar2 hutan terus buka lahan pakai bakar2 di tgglkan jdinya hutan lahan kebakar ap lg kalau tanahnya gambut yang psti berbulan madamkan apinya tradisi orang kalimantan suka bakar2 hampir tiap tahunnya,0,2026-09-29T11:07:32Z,
IGX_000239,instagram,Dd2SQsGB4Lm,https://www.instagram.com/p/Dd2SQsGB4Lm/,"Benarkah kondisi karhutla di Kalimantan masih bisa disebut normal? Coba lihat gambaran dari udara ini! Pada 23 September 2026, Kepala BNPB Suharyanto melaporkan dalam rapat terbatas bersama Presiden b",sumardionogeologist7,2026-09-28T22:44:19Z,karhutla_kalimantan,2026-09-29,18076402367466802,,False,5b3e9a6e42,normal dari kantornya di jakarta,0,2026-09-29T11:06:33Z,
IGX_000240,instagram,Dd2SQsGB4Lm,https://www.instagram.com/p/Dd2SQsGB4Lm/,"Benarkah kondisi karhutla di Kalimantan masih bisa disebut normal? Coba lihat gambaran dari udara ini! Pada 23 September 2026, Kepala BNPB Suharyanto melaporkan dalam rapat terbatas bersama Presiden b",sumardionogeologist7,2026-09-28T22:44:19Z,karhutla_kalimantan,2026-09-29,18116047367086502,,False,a498ca0f6e,bulan lagi jadi sawit,0,2026-09-29T11:05:58Z,
IGX_000241,instagram,Dd2SQsGB4Lm,https://www.instagram.com/p/Dd2SQsGB4Lm/,"Benarkah kondisi karhutla di Kalimantan masih bisa disebut normal? Coba lihat gambaran dari udara ini! Pada 23 September 2026, Kepala BNPB Suharyanto melaporkan dalam rapat terbatas bersama Presiden b",sumardionogeologist7,2026-09-28T22:44:19Z,karhutla_kalimantan,2026-09-29,18113433221038644,,False,fa0d1391f9,kenapa yang bikin laporan ngasal ngak di penjara aja ya itu bisa jadi terindikasi korupsi,0,2026-09-29T11:05:31Z,
IGX_000242,instagram,Dd2SQsGB4Lm,https://www.instagram.com/p/Dd2SQsGB4Lm/,"Benarkah kondisi karhutla di Kalimantan masih bisa disebut normal? Coba lihat gambaran dari udara ini! Pada 23 September 2026, Kepala BNPB Suharyanto melaporkan dalam rapat terbatas bersama Presiden b",sumardionogeologist7,2026-09-28T22:44:19Z,karhutla_kalimantan,2026-09-29,18135449362642751,,False,131ad3b127,seluas itukah lahan yang akan ditanam,0,2026-09-29T11:04:29Z,
IGX_000243,instagram,Dd2SQsGB4Lm,https://www.instagram.com/p/Dd2SQsGB4Lm/,"Benarkah kondisi karhutla di Kalimantan masih bisa disebut normal? Coba lihat gambaran dari udara ini! Pada 23 September 2026, Kepala BNPB Suharyanto melaporkan dalam rapat terbatas bersama Presiden b",sumardionogeologist7,2026-09-28T22:44:19Z,karhutla_kalimantan,2026-09-29,18488003713129477,,False,30c17a26cc,punya presiden cmn nunggu dapat kabar,0,2026-09-29T11:04:16Z,
IGX_000244,instagram,Dd2SQsGB4Lm,https://www.instagram.com/p/Dd2SQsGB4Lm/,"Benarkah kondisi karhutla di Kalimantan masih bisa disebut normal? Coba lihat gambaran dari udara ini! Pada 23 September 2026, Kepala BNPB Suharyanto melaporkan dalam rapat terbatas bersama Presiden b",sumardionogeologist7,2026-09-28T22:44:19Z,karhutla_kalimantan,2026-09-29,17891350974682062,,False,00cc3e0ff2,kan tujuan dia jadi presiden ini karena tahun bisnis dia tidak jalan benar tidak kan anjingv,0,2026-09-29T11:04:03Z,
IGX_000245,instagram,Dd2SQsGB4Lm,https://www.instagram.com/p/Dd2SQsGB4Lm/,"Benarkah kondisi karhutla di Kalimantan masih bisa disebut normal? Coba lihat gambaran dari udara ini! Pada 23 September 2026, Kepala BNPB Suharyanto melaporkan dalam rapat terbatas bersama Presiden b",sumardionogeologist7,2026-09-28T22:44:19Z,karhutla_kalimantan,2026-09-29,17951249931272644,,False,96ce5781a5,kan memang gwoblokk,0,2026-09-29T11:03:48Z,
IGX_000246,instagram,Dd2SQsGB4Lm,https://www.instagram.com/p/Dd2SQsGB4Lm/,"Benarkah kondisi karhutla di Kalimantan masih bisa disebut normal? Coba lihat gambaran dari udara ini! Pada 23 September 2026, Kepala BNPB Suharyanto melaporkan dalam rapat terbatas bersama Presiden b",sumardionogeologist7,2026-09-28T22:44:19Z,karhutla_kalimantan,2026-09-29,18077617130409450,,False,98df548cbd,adal bapa senang jabatan naik tingkat dan bonus kerja mengalir bak banjir bandang berjilid2 aceh manteb,0,2026-09-29T11:02:36Z,
IGX_000247,instagram,Dd2SQsGB4Lm,https://www.instagram.com/p/Dd2SQsGB4Lm/,"Benarkah kondisi karhutla di Kalimantan masih bisa disebut normal? Coba lihat gambaran dari udara ini! Pada 23 September 2026, Kepala BNPB Suharyanto melaporkan dalam rapat terbatas bersama Presiden b",sumardionogeologist7,2026-09-28T22:44:19Z,karhutla_kalimantan,2026-09-29,18216893431349388,,False,15bc551acc,ditunggu untuk alam membalesnya,0,2026-09-29T11:01:49Z,
IGX_000248,instagram,Dd2SQsGB4Lm,https://www.instagram.com/p/Dd2SQsGB4Lm/,"Benarkah kondisi karhutla di Kalimantan masih bisa disebut normal? Coba lihat gambaran dari udara ini! Pada 23 September 2026, Kepala BNPB Suharyanto melaporkan dalam rapat terbatas bersama Presiden b",sumardionogeologist7,2026-09-28T22:44:19Z,karhutla_kalimantan,2026-09-29,18620389630065124,,False,2b9d4fc10f,habis sudah rusak paru2 dunia,0,2026-09-29T11:01:29Z,
IGX_000249,instagram,Dd2SQsGB4Lm,https://www.instagram.com/p/Dd2SQsGB4Lm/,"Benarkah kondisi karhutla di Kalimantan masih bisa disebut normal? Coba lihat gambaran dari udara ini! Pada 23 September 2026, Kepala BNPB Suharyanto melaporkan dalam rapat terbatas bersama Presiden b",sumardionogeologist7,2026-09-28T22:44:19Z,karhutla_kalimantan,2026-09-29,18103878818347206,,False,a64aff29b3,presiden kita prasaan sering banget dikibulin bawahannya,0,2026-09-29T11:00:46Z,
IGX_000250,instagram,Dd2SQsGB4Lm,https://www.instagram.com/p/Dd2SQsGB4Lm/,"Benarkah kondisi karhutla di Kalimantan masih bisa disebut normal? Coba lihat gambaran dari udara ini! Pada 23 September 2026, Kepala BNPB Suharyanto melaporkan dalam rapat terbatas bersama Presiden b",sumardionogeologist7,2026-09-28T22:44:19Z,karhutla_kalimantan,2026-09-29,18154562776471753,,False,59851a4262,normal darimana dari yang hijau jadi gundul seperti gitu normal untuk ditanami sawit gitu ya sang maha kuasa tidak tidur jika memang ini skenarionya dan terciptanya ucapan menganggap itu normal di kalimantan pasti ada skenario dari sang maha pencipta untuk menarik nyawa nyawa yang telah mendzolimi merebut hak hak rakyat korupsi di indonesia negeri tercinta ini dengan su ul khatimah info for worlds,0,2026-09-29T11:00:24Z,
IGX_000251,instagram,Dd2SQsGB4Lm,https://www.instagram.com/p/Dd2SQsGB4Lm/,"Benarkah kondisi karhutla di Kalimantan masih bisa disebut normal? Coba lihat gambaran dari udara ini! Pada 23 September 2026, Kepala BNPB Suharyanto melaporkan dalam rapat terbatas bersama Presiden b",sumardionogeologist7,2026-09-28T22:44:19Z,karhutla_kalimantan,2026-09-29,18094647818399988,,False,db3f1483ac,dan anehnya sampai sekarang smua masih dianggap normal,0,2026-09-29T11:00:13Z,
IGX_000252,instagram,Dd2SQsGB4Lm,https://www.instagram.com/p/Dd2SQsGB4Lm/,"Benarkah kondisi karhutla di Kalimantan masih bisa disebut normal? Coba lihat gambaran dari udara ini! Pada 23 September 2026, Kepala BNPB Suharyanto melaporkan dalam rapat terbatas bersama Presiden b",sumardionogeologist7,2026-09-28T22:44:19Z,karhutla_kalimantan,2026-09-29,18172256755456312,,False,d986a63345,prabowo tolol,0,2026-09-29T10:59:40Z,
IGX_000253,instagram,Dd2SQsGB4Lm,https://www.instagram.com/p/Dd2SQsGB4Lm/,"Benarkah kondisi karhutla di Kalimantan masih bisa disebut normal? Coba lihat gambaran dari udara ini! Pada 23 September 2026, Kepala BNPB Suharyanto melaporkan dalam rapat terbatas bersama Presiden b",sumardionogeologist7,2026-09-28T22:44:19Z,karhutla_kalimantan,2026-09-29,18099667157533402,,False,f62f20f0c2,presiden nya tolol prgi jalan2 ke luar negeri gampang bgt giliran d negeri sndri ke kalimantan aja seperti tidak sempet smpe hrus nunggu laporan dari bawahannya yang seperti binatang smua bginilah kalau presiden nya cma ngandelin sy dapat laporan,0,2026-09-29T10:58:29Z,
IGX_000254,instagram,Dd2SQsGB4Lm,https://www.instagram.com/p/Dd2SQsGB4Lm/,"Benarkah kondisi karhutla di Kalimantan masih bisa disebut normal? Coba lihat gambaran dari udara ini! Pada 23 September 2026, Kepala BNPB Suharyanto melaporkan dalam rapat terbatas bersama Presiden b",sumardionogeologist7,2026-09-28T22:44:19Z,karhutla_kalimantan,2026-09-29,18055766507571146,,False,c9fe801e20,ya allah mau mendoakan yang baik tapi kelakuan mereka sudah keterlaluan ya allah apa kami harus tetap bersabar dan mendoakan yang baik,0,2026-09-29T10:58:05Z,
IGX_000255,instagram,Dd2SQsGB4Lm,https://www.instagram.com/p/Dd2SQsGB4Lm/,"Benarkah kondisi karhutla di Kalimantan masih bisa disebut normal? Coba lihat gambaran dari udara ini! Pada 23 September 2026, Kepala BNPB Suharyanto melaporkan dalam rapat terbatas bersama Presiden b",sumardionogeologist7,2026-09-28T22:44:19Z,karhutla_kalimantan,2026-09-29,18627511774006523,,False,b6b6c43f27,miris,0,2026-09-29T10:58:04Z,
IGX_000256,instagram,Dd2SQsGB4Lm,https://www.instagram.com/p/Dd2SQsGB4Lm/,"Benarkah kondisi karhutla di Kalimantan masih bisa disebut normal? Coba lihat gambaran dari udara ini! Pada 23 September 2026, Kepala BNPB Suharyanto melaporkan dalam rapat terbatas bersama Presiden b",sumardionogeologist7,2026-09-28T22:44:19Z,karhutla_kalimantan,2026-09-29,18095165828416921,,False,5c6fe3152f,nnti juga hijau lagi ditanam sawit,0,2026-09-29T10:57:48Z,
IGX_000257,instagram,Dd2SQsGB4Lm,https://www.instagram.com/p/Dd2SQsGB4Lm/,"Benarkah kondisi karhutla di Kalimantan masih bisa disebut normal? Coba lihat gambaran dari udara ini! Pada 23 September 2026, Kepala BNPB Suharyanto melaporkan dalam rapat terbatas bersama Presiden b",sumardionogeologist7,2026-09-28T22:44:19Z,karhutla_kalimantan,2026-09-29,18344992591264957,,False,7907a29cbe,tenang guys neraka panas,0,2026-09-29T10:57:19Z,
IGX_000258,instagram,Dd2SQsGB4Lm,https://www.instagram.com/p/Dd2SQsGB4Lm/,"Benarkah kondisi karhutla di Kalimantan masih bisa disebut normal? Coba lihat gambaran dari udara ini! Pada 23 September 2026, Kepala BNPB Suharyanto melaporkan dalam rapat terbatas bersama Presiden b",sumardionogeologist7,2026-09-28T22:44:19Z,karhutla_kalimantan,2026-09-29,18091111778419610,,False,0b304351fe,liat ini wo,0,2026-09-29T10:57:09Z,
IGX_000259,instagram,Dd2SQsGB4Lm,https://www.instagram.com/p/Dd2SQsGB4Lm/,"Benarkah kondisi karhutla di Kalimantan masih bisa disebut normal? Coba lihat gambaran dari udara ini! Pada 23 September 2026, Kepala BNPB Suharyanto melaporkan dalam rapat terbatas bersama Presiden b",sumardionogeologist7,2026-09-28T22:44:19Z,karhutla_kalimantan,2026-09-29,18107540828240142,,False,47d971ea4f,coba jelaskan dengan bahasa bayi ke bapak itu spy dia mengerti jangan cuma dapat laporan dapat laporan,0,2026-09-29T10:57:03Z,
IGX_000260,instagram,Dd2SQsGB4Lm,https://www.instagram.com/p/Dd2SQsGB4Lm/,"Benarkah kondisi karhutla di Kalimantan masih bisa disebut normal? Coba lihat gambaran dari udara ini! Pada 23 September 2026, Kepala BNPB Suharyanto melaporkan dalam rapat terbatas bersama Presiden b",sumardionogeologist7,2026-09-28T22:44:19Z,karhutla_kalimantan,2026-09-29,18115206245516882,,False,a0e9289b4c,woi kontol gendut goblok boti lo liat kontol,0,2026-09-29T10:56:57Z,
IGX_000261,instagram,Dd2SQsGB4Lm,https://www.instagram.com/p/Dd2SQsGB4Lm/,"Benarkah kondisi karhutla di Kalimantan masih bisa disebut normal? Coba lihat gambaran dari udara ini! Pada 23 September 2026, Kepala BNPB Suharyanto melaporkan dalam rapat terbatas bersama Presiden b",sumardionogeologist7,2026-09-28T22:44:19Z,karhutla_kalimantan,2026-09-29,18115992644081745,,False,9e7dfaac2e,kepala bapak kau normal,0,2026-09-29T10:56:03Z,
IGX_000262,instagram,Dd2SQsGB4Lm,https://www.instagram.com/p/Dd2SQsGB4Lm/,"Benarkah kondisi karhutla di Kalimantan masih bisa disebut normal? Coba lihat gambaran dari udara ini! Pada 23 September 2026, Kepala BNPB Suharyanto melaporkan dalam rapat terbatas bersama Presiden b",sumardionogeologist7,2026-09-28T22:44:19Z,karhutla_kalimantan,2026-09-29,18071007983586468,,False,d3636d1326,gila berapa hektar itu gedhe bgt lahan yang kebakar,0,2026-09-29T10:55:27Z,
IGX_000263,instagram,Dd2SQsGB4Lm,https://www.instagram.com/p/Dd2SQsGB4Lm/,"Benarkah kondisi karhutla di Kalimantan masih bisa disebut normal? Coba lihat gambaran dari udara ini! Pada 23 September 2026, Kepala BNPB Suharyanto melaporkan dalam rapat terbatas bersama Presiden b",sumardionogeologist7,2026-09-28T22:44:19Z,karhutla_kalimantan,2026-09-29,18381731785224775,,False,98cf5d7191,wah ini pasti editan melebih lebihkan katamereka,0,2026-09-29T10:55:24Z,
IGX_000264,instagram,Dd2SQsGB4Lm,https://www.instagram.com/p/Dd2SQsGB4Lm/,"Benarkah kondisi karhutla di Kalimantan masih bisa disebut normal? Coba lihat gambaran dari udara ini! Pada 23 September 2026, Kepala BNPB Suharyanto melaporkan dalam rapat terbatas bersama Presiden b",sumardionogeologist7,2026-09-28T22:44:19Z,karhutla_kalimantan,2026-09-29,18117804442900562,,False,2291cf2d82,wow kerja bagus siap tanam sawit indonesia makin sukses cukup 5thn saja pak semoga kelak ada yang gantikan yang punya kinerja dan berilmu,0,2026-09-29T10:54:50Z,
IGX_000265,instagram,Dd2SQsGB4Lm,https://www.instagram.com/p/Dd2SQsGB4Lm/,"Benarkah kondisi karhutla di Kalimantan masih bisa disebut normal? Coba lihat gambaran dari udara ini! Pada 23 September 2026, Kepala BNPB Suharyanto melaporkan dalam rapat terbatas bersama Presiden b",sumardionogeologist7,2026-09-28T22:44:19Z,karhutla_kalimantan,2026-09-29,18192944398395240,,False,234060059d,otak bnpb tidak normal anjing bacotnya asal ngomong aja babi,0,2026-09-29T10:54:23Z,
IGX_000266,instagram,Dd2SQsGB4Lm,https://www.instagram.com/p/Dd2SQsGB4Lm/,"Benarkah kondisi karhutla di Kalimantan masih bisa disebut normal? Coba lihat gambaran dari udara ini! Pada 23 September 2026, Kepala BNPB Suharyanto melaporkan dalam rapat terbatas bersama Presiden b",sumardionogeologist7,2026-09-28T22:44:19Z,karhutla_kalimantan,2026-09-29,18440845081180102,,False,8051cd99f8,jogetin aja,0,2026-09-29T10:54:13Z,
IGX_000267,instagram,Dd2SQsGB4Lm,https://www.instagram.com/p/Dd2SQsGB4Lm/,"Benarkah kondisi karhutla di Kalimantan masih bisa disebut normal? Coba lihat gambaran dari udara ini! Pada 23 September 2026, Kepala BNPB Suharyanto melaporkan dalam rapat terbatas bersama Presiden b",sumardionogeologist7,2026-09-28T22:44:19Z,karhutla_kalimantan,2026-09-29,17901869526598928,,False,98cbb40390,calon lahan sawit sudah terbuka lueebaar,0,2026-09-29T10:54:10Z,
IGX_000268,instagram,Dd2SQsGB4Lm,https://www.instagram.com/p/Dd2SQsGB4Lm/,"Benarkah kondisi karhutla di Kalimantan masih bisa disebut normal? Coba lihat gambaran dari udara ini! Pada 23 September 2026, Kepala BNPB Suharyanto melaporkan dalam rapat terbatas bersama Presiden b",sumardionogeologist7,2026-09-28T22:44:19Z,karhutla_kalimantan,2026-09-29,18118925500943608,,False,a39926b598,emng bajingan semua semua lini anj lh,0,2026-09-29T10:53:45Z,
IGX_000269,instagram,Dd2SQsGB4Lm,https://www.instagram.com/p/Dd2SQsGB4Lm/,"Benarkah kondisi karhutla di Kalimantan masih bisa disebut normal? Coba lihat gambaran dari udara ini! Pada 23 September 2026, Kepala BNPB Suharyanto melaporkan dalam rapat terbatas bersama Presiden b",sumardionogeologist7,2026-09-28T22:44:19Z,karhutla_kalimantan,2026-09-29,17946814908299581,,False,24c6a23128,sudah seperti lahan abis perang,0,2026-09-29T10:53:13Z,
IGX_000270,instagram,Dd2SQsGB4Lm,https://www.instagram.com/p/Dd2SQsGB4Lm/,"Benarkah kondisi karhutla di Kalimantan masih bisa disebut normal? Coba lihat gambaran dari udara ini! Pada 23 September 2026, Kepala BNPB Suharyanto melaporkan dalam rapat terbatas bersama Presiden b",sumardionogeologist7,2026-09-28T22:44:19Z,karhutla_kalimantan,2026-09-29,18080597582349383,,False,bb74a335f9,ya normal orang mau buat sawit normalnya gt jadi inget kalah 2x si pres sujud2 di tolol2in anak buah ternyata real nya gini,0,2026-09-29T10:52:38Z,
IGX_000271,instagram,Dd2SQsGB4Lm,https://www.instagram.com/p/Dd2SQsGB4Lm/,"Benarkah kondisi karhutla di Kalimantan masih bisa disebut normal? Coba lihat gambaran dari udara ini! Pada 23 September 2026, Kepala BNPB Suharyanto melaporkan dalam rapat terbatas bersama Presiden b",sumardionogeologist7,2026-09-28T22:44:19Z,karhutla_kalimantan,2026-09-29,18108275165183241,,False,e3ba2b8df2,bagi pebsnis normal bang karena mau di tanami sawit beda kalau keluarga nya yang kena langsung nuntut apalagi yang ngurangi dana penanganan paling bilang nyenyenye doang yang biasa mikir gimana antisipasi hutan sampai belajar ke luar negeri aja di bilang goblogg apalagi masalah hutan,0,2026-09-29T10:52:24Z,
IGX_000272,instagram,Dd2SQsGB4Lm,https://www.instagram.com/p/Dd2SQsGB4Lm/,"Benarkah kondisi karhutla di Kalimantan masih bisa disebut normal? Coba lihat gambaran dari udara ini! Pada 23 September 2026, Kepala BNPB Suharyanto melaporkan dalam rapat terbatas bersama Presiden b",sumardionogeologist7,2026-09-28T22:44:19Z,karhutla_kalimantan,2026-09-29,18070010300771187,,False,1cd2435a24,kek mana jajaranmu pak aman kan masih bisa hirup udara segar kan masih bisa tidur nyenyak kan jawab dong pak apa solusi untuk pencemaran udara ini pak di kalimantan,0,2026-09-29T10:52:20Z,
IGX_000273,instagram,Dd2SQsGB4Lm,https://www.instagram.com/p/Dd2SQsGB4Lm/,"Benarkah kondisi karhutla di Kalimantan masih bisa disebut normal? Coba lihat gambaran dari udara ini! Pada 23 September 2026, Kepala BNPB Suharyanto melaporkan dalam rapat terbatas bersama Presiden b",sumardionogeologist7,2026-09-28T22:44:19Z,karhutla_kalimantan,2026-09-29,18113780036013685,,False,ab5fa21228,kan lumayan bang buat nanam sawit karet dan kayu produksi untuk buat perut para bandit negeri makin buncit bang sapa tahu ada batubara kan cuan jar nya mereka kita hanya bisa nyinyir tanpa eksekusi ya apa peduli mereka,0,2026-09-29T10:52:19Z,
IGX_000274,instagram,Dd2SQsGB4Lm,https://www.instagram.com/p/Dd2SQsGB4Lm/,"Benarkah kondisi karhutla di Kalimantan masih bisa disebut normal? Coba lihat gambaran dari udara ini! Pada 23 September 2026, Kepala BNPB Suharyanto melaporkan dalam rapat terbatas bersama Presiden b",sumardionogeologist7,2026-09-28T22:44:19Z,karhutla_kalimantan,2026-09-29,18411460258093465,,False,da6a933f0e,sy dapat laporan sy dapat laporan sy dapat laporan dst presiden macam apa itu skali2 tengok lah d tkp,0,2026-09-29T10:52:08Z,
IGX_000275,instagram,Dd2SQsGB4Lm,https://www.instagram.com/p/Dd2SQsGB4Lm/,"Benarkah kondisi karhutla di Kalimantan masih bisa disebut normal? Coba lihat gambaran dari udara ini! Pada 23 September 2026, Kepala BNPB Suharyanto melaporkan dalam rapat terbatas bersama Presiden b",sumardionogeologist7,2026-09-28T22:44:19Z,karhutla_kalimantan,2026-09-29,17984855220073906,,False,c61d347f8b,fixs tangan jahanam mreka,0,2026-09-29T10:51:51Z,
IGX_000276,instagram,Dd2SQsGB4Lm,https://www.instagram.com/p/Dd2SQsGB4Lm/,"Benarkah kondisi karhutla di Kalimantan masih bisa disebut normal? Coba lihat gambaran dari udara ini! Pada 23 September 2026, Kepala BNPB Suharyanto melaporkan dalam rapat terbatas bersama Presiden b",sumardionogeologist7,2026-09-28T22:44:19Z,karhutla_kalimantan,2026-09-29,17892178737655004,,False,d8cdb4fbf8,masih belum cukup luas buat nanem sawit makanya masih diabaikan,0,2026-09-29T10:51:30Z,
IGX_000277,instagram,Dd2SQsGB4Lm,https://www.instagram.com/p/Dd2SQsGB4Lm/,"Benarkah kondisi karhutla di Kalimantan masih bisa disebut normal? Coba lihat gambaran dari udara ini! Pada 23 September 2026, Kepala BNPB Suharyanto melaporkan dalam rapat terbatas bersama Presiden b",sumardionogeologist7,2026-09-28T22:44:19Z,karhutla_kalimantan,2026-09-29,17911819722283844,,False,37fe72d9b8,saya dapat laporan laporan kontol pemimpin bodoh,0,2026-09-29T10:51:21Z,
IGX_000278,instagram,Dd2SQsGB4Lm,https://www.instagram.com/p/Dd2SQsGB4Lm/,"Benarkah kondisi karhutla di Kalimantan masih bisa disebut normal? Coba lihat gambaran dari udara ini! Pada 23 September 2026, Kepala BNPB Suharyanto melaporkan dalam rapat terbatas bersama Presiden b",sumardionogeologist7,2026-09-28T22:44:19Z,karhutla_kalimantan,2026-09-29,18115069043118248,,False,9e0fc07e71,saya dapat laporan saya dapat laporan saya dapat laporan,0,2026-09-29T10:50:44Z,
IGX_000279,instagram,Dd2SQsGB4Lm,https://www.instagram.com/p/Dd2SQsGB4Lm/,"Benarkah kondisi karhutla di Kalimantan masih bisa disebut normal? Coba lihat gambaran dari udara ini! Pada 23 September 2026, Kepala BNPB Suharyanto melaporkan dalam rapat terbatas bersama Presiden b",sumardionogeologist7,2026-09-28T22:44:19Z,karhutla_kalimantan,2026-09-29,17968824699183658,,False,85d10161bd,luas sekali ladang sawitnya,0,2026-09-29T10:50:44Z,
IGX_000280,instagram,Dd2SQsGB4Lm,https://www.instagram.com/p/Dd2SQsGB4Lm/,"Benarkah kondisi karhutla di Kalimantan masih bisa disebut normal? Coba lihat gambaran dari udara ini! Pada 23 September 2026, Kepala BNPB Suharyanto melaporkan dalam rapat terbatas bersama Presiden b",sumardionogeologist7,2026-09-28T22:44:19Z,karhutla_kalimantan,2026-09-29,17952847986035701,,False,a65c98be73,astaghfirullah,0,2026-09-29T10:50:29Z,
IGX_000281,instagram,Dd2SQsGB4Lm,https://www.instagram.com/p/Dd2SQsGB4Lm/,"Benarkah kondisi karhutla di Kalimantan masih bisa disebut normal? Coba lihat gambaran dari udara ini! Pada 23 September 2026, Kepala BNPB Suharyanto melaporkan dalam rapat terbatas bersama Presiden b",sumardionogeologist7,2026-09-28T22:44:19Z,karhutla_kalimantan,2026-09-29,18176212756439552,,False,ef381d6db5,berarti pegawainya pinter,0,2026-09-29T10:50:24Z,
IGX_000282,instagram,Dd2SQsGB4Lm,https://www.instagram.com/p/Dd2SQsGB4Lm/,"Benarkah kondisi karhutla di Kalimantan masih bisa disebut normal? Coba lihat gambaran dari udara ini! Pada 23 September 2026, Kepala BNPB Suharyanto melaporkan dalam rapat terbatas bersama Presiden b",sumardionogeologist7,2026-09-28T22:44:19Z,karhutla_kalimantan,2026-09-29,17944608801341206,,False,a55c52f729,bangsat kalian semua pemerintah anjing kalian mudah mudahan allah swt turunkan azab buat kalian sama keluarga kalian biar kalian rasakan apa yang di rasakan para hewan hewan itu,0,2026-09-29T10:50:08Z,
IGX_000283,instagram,Dd2SQsGB4Lm,https://www.instagram.com/p/Dd2SQsGB4Lm/,"Benarkah kondisi karhutla di Kalimantan masih bisa disebut normal? Coba lihat gambaran dari udara ini! Pada 23 September 2026, Kepala BNPB Suharyanto melaporkan dalam rapat terbatas bersama Presiden b",sumardionogeologist7,2026-09-28T22:44:19Z,karhutla_kalimantan,2026-09-29,18167299390411269,,False,a3254d7b3a,proyek liatlah aja nanti timbulnya apa ditanami pohon lg apa yang lain,0,2026-09-29T10:49:34Z,
IGX_000284,instagram,Dd2SQsGB4Lm,https://www.instagram.com/p/Dd2SQsGB4Lm/,"Benarkah kondisi karhutla di Kalimantan masih bisa disebut normal? Coba lihat gambaran dari udara ini! Pada 23 September 2026, Kepala BNPB Suharyanto melaporkan dalam rapat terbatas bersama Presiden b",sumardionogeologist7,2026-09-28T22:44:19Z,karhutla_kalimantan,2026-09-29,18568159534074368,,False,048bb636a6,inilah bukti kita tidak punya presiden,0,2026-09-29T10:49:32Z,
IGX_000285,instagram,Dd2SQsGB4Lm,https://www.instagram.com/p/Dd2SQsGB4Lm/,"Benarkah kondisi karhutla di Kalimantan masih bisa disebut normal? Coba lihat gambaran dari udara ini! Pada 23 September 2026, Kepala BNPB Suharyanto melaporkan dalam rapat terbatas bersama Presiden b",sumardionogeologist7,2026-09-28T22:44:19Z,karhutla_kalimantan,2026-09-29,18155167624523467,,False,1e104445cc,ini semua demi sawit ku uwahahahahaha sawit ku tidak main main ada lahan kosong ku tanamin yang penting sawit ku terjamin ada hutan ku bakarin,0,2026-09-29T10:49:29Z,
IGX_000286,instagram,Dd2SQsGB4Lm,https://www.instagram.com/p/Dd2SQsGB4Lm/,"Benarkah kondisi karhutla di Kalimantan masih bisa disebut normal? Coba lihat gambaran dari udara ini! Pada 23 September 2026, Kepala BNPB Suharyanto melaporkan dalam rapat terbatas bersama Presiden b",sumardionogeologist7,2026-09-28T22:44:19Z,karhutla_kalimantan,2026-09-29,18071004461732694,,False,9268b3bf31,pernah dapat laporan yang ini apa belom pak,0,2026-09-29T10:48:12Z,
IGX_000287,instagram,Dd2SQsGB4Lm,https://www.instagram.com/p/Dd2SQsGB4Lm/,"Benarkah kondisi karhutla di Kalimantan masih bisa disebut normal? Coba lihat gambaran dari udara ini! Pada 23 September 2026, Kepala BNPB Suharyanto melaporkan dalam rapat terbatas bersama Presiden b",sumardionogeologist7,2026-09-28T22:44:19Z,karhutla_kalimantan,2026-09-29,18062809994788505,,False,f4c1a28442,yang sudah banyak korbannya aja dibiling wajar,0,2026-09-29T10:48:06Z,
IGX_000288,instagram,Dd2SQsGB4Lm,https://www.instagram.com/p/Dd2SQsGB4Lm/,"Benarkah kondisi karhutla di Kalimantan masih bisa disebut normal? Coba lihat gambaran dari udara ini! Pada 23 September 2026, Kepala BNPB Suharyanto melaporkan dalam rapat terbatas bersama Presiden b",sumardionogeologist7,2026-09-28T22:44:19Z,karhutla_kalimantan,2026-09-29,18109094216158119,,False,30e934afa7,lahan sawit jadi gpp kata presiden,0,2026-09-29T10:46:54Z,
IGX_000289,instagram,Dd2SQsGB4Lm,https://www.instagram.com/p/Dd2SQsGB4Lm/,"Benarkah kondisi karhutla di Kalimantan masih bisa disebut normal? Coba lihat gambaran dari udara ini! Pada 23 September 2026, Kepala BNPB Suharyanto melaporkan dalam rapat terbatas bersama Presiden b",sumardionogeologist7,2026-09-28T22:44:19Z,karhutla_kalimantan,2026-09-29,18011157386988913,,False,009b1b50f6,yang salah tetep kita bang niatnya kan memang di bakar buat sawit yang katanya lebih bermanfaat,0,2026-09-29T10:46:50Z,
IGX_000290,instagram,Dd2SQsGB4Lm,https://www.instagram.com/p/Dd2SQsGB4Lm/,"Benarkah kondisi karhutla di Kalimantan masih bisa disebut normal? Coba lihat gambaran dari udara ini! Pada 23 September 2026, Kepala BNPB Suharyanto melaporkan dalam rapat terbatas bersama Presiden b",sumardionogeologist7,2026-09-28T22:44:19Z,karhutla_kalimantan,2026-09-29,18079607303403514,,False,310c32c193,mereka tidak butuh bukti mereka butuh laporan masuk laporan katanya,0,2026-09-29T10:45:59Z,
IGX_000291,instagram,Dd2SQsGB4Lm,https://www.instagram.com/p/Dd2SQsGB4Lm/,"Benarkah kondisi karhutla di Kalimantan masih bisa disebut normal? Coba lihat gambaran dari udara ini! Pada 23 September 2026, Kepala BNPB Suharyanto melaporkan dalam rapat terbatas bersama Presiden b",sumardionogeologist7,2026-09-28T22:44:19Z,karhutla_kalimantan,2026-09-29,18073598351746381,,False,8e02a85198,aneh pejabat2 pd sekolah tidak sih pd punya agama tidak sih mereka penjilat atw mmng tidak paham atw sudah pd buta atw mmng dsuruh seperti itu,0,2026-09-29T10:45:16Z,
IGX_000292,instagram,Dd2SQsGB4Lm,https://www.instagram.com/p/Dd2SQsGB4Lm/,"Benarkah kondisi karhutla di Kalimantan masih bisa disebut normal? Coba lihat gambaran dari udara ini! Pada 23 September 2026, Kepala BNPB Suharyanto melaporkan dalam rapat terbatas bersama Presiden b",sumardionogeologist7,2026-09-28T22:44:19Z,karhutla_kalimantan,2026-09-29,17951016120276810,,False,b95ae577c9,iya normal normalnya kondisi kebakaran yang dia maksud bukan normal alami,0,2026-09-29T10:44:26Z,
IGX_000293,instagram,Dd2SQsGB4Lm,https://www.instagram.com/p/Dd2SQsGB4Lm/,"Benarkah kondisi karhutla di Kalimantan masih bisa disebut normal? Coba lihat gambaran dari udara ini! Pada 23 September 2026, Kepala BNPB Suharyanto melaporkan dalam rapat terbatas bersama Presiden b",sumardionogeologist7,2026-09-28T22:44:19Z,karhutla_kalimantan,2026-09-29,18459605554189012,,False,485811a15e,kalau normal pindahin kantor mereka ke dket lokasi kebakaran coba,0,2026-09-29T10:44:21Z,
IGX_000294,instagram,Dd2SQsGB4Lm,https://www.instagram.com/p/Dd2SQsGB4Lm/,"Benarkah kondisi karhutla di Kalimantan masih bisa disebut normal? Coba lihat gambaran dari udara ini! Pada 23 September 2026, Kepala BNPB Suharyanto melaporkan dalam rapat terbatas bersama Presiden b",sumardionogeologist7,2026-09-28T22:44:19Z,karhutla_kalimantan,2026-09-29,18107993350917684,,False,556b42dfbf,otak manusia pejabat tu dimana ya letaknya kok semakin kesini makin goblok dungu tolol diborong smua,0,2026-09-29T10:44:21Z,
IGX_000295,instagram,Dd2SQsGB4Lm,https://www.instagram.com/p/Dd2SQsGB4Lm/,"Benarkah kondisi karhutla di Kalimantan masih bisa disebut normal? Coba lihat gambaran dari udara ini! Pada 23 September 2026, Kepala BNPB Suharyanto melaporkan dalam rapat terbatas bersama Presiden b",sumardionogeologist7,2026-09-28T22:44:19Z,karhutla_kalimantan,2026-09-29,17912629260531353,,False,347a8f802d,pemerintah buta,0,2026-09-29T10:43:46Z,
IGX_000296,instagram,Dd2SQsGB4Lm,https://www.instagram.com/p/Dd2SQsGB4Lm/,"Benarkah kondisi karhutla di Kalimantan masih bisa disebut normal? Coba lihat gambaran dari udara ini! Pada 23 September 2026, Kepala BNPB Suharyanto melaporkan dalam rapat terbatas bersama Presiden b",sumardionogeologist7,2026-09-28T22:44:19Z,karhutla_kalimantan,2026-09-29,17926940319421890,,False,c9aa69c593,prabowo ai itu,0,2026-09-29T10:43:24Z,
IGX_000297,instagram,Dd2SQsGB4Lm,https://www.instagram.com/p/Dd2SQsGB4Lm/,"Benarkah kondisi karhutla di Kalimantan masih bisa disebut normal? Coba lihat gambaran dari udara ini! Pada 23 September 2026, Kepala BNPB Suharyanto melaporkan dalam rapat terbatas bersama Presiden b",sumardionogeologist7,2026-09-28T22:44:19Z,karhutla_kalimantan,2026-09-29,17903515122577785,,False,1ffb8cf04a,setelah itu tanam pohon sawit membangun pt dan kopdes,0,2026-09-29T10:42:38Z,
IGX_000298,instagram,Dd2SQsGB4Lm,https://www.instagram.com/p/Dd2SQsGB4Lm/,"Benarkah kondisi karhutla di Kalimantan masih bisa disebut normal? Coba lihat gambaran dari udara ini! Pada 23 September 2026, Kepala BNPB Suharyanto melaporkan dalam rapat terbatas bersama Presiden b",sumardionogeologist7,2026-09-28T22:44:19Z,karhutla_kalimantan,2026-09-29,18107921627613218,,False,9e7cdadf80,deleu tah siah babi prabowo,0,2026-09-29T10:42:09Z,
IGX_000299,instagram,Dd2SQsGB4Lm,https://www.instagram.com/p/Dd2SQsGB4Lm/,"Benarkah kondisi karhutla di Kalimantan masih bisa disebut normal? Coba lihat gambaran dari udara ini! Pada 23 September 2026, Kepala BNPB Suharyanto melaporkan dalam rapat terbatas bersama Presiden b",sumardionogeologist7,2026-09-28T22:44:19Z,karhutla_kalimantan,2026-09-29,17889421254683216,,False,f629a663e0,bnpb binatang ya,0,2026-09-29T10:42:05Z,
IGX_000300,instagram,Dd2SQsGB4Lm,https://www.instagram.com/p/Dd2SQsGB4Lm/,"Benarkah kondisi karhutla di Kalimantan masih bisa disebut normal? Coba lihat gambaran dari udara ini! Pada 23 September 2026, Kepala BNPB Suharyanto melaporkan dalam rapat terbatas bersama Presiden b",sumardionogeologist7,2026-09-28T22:44:19Z,karhutla_kalimantan,2026-09-29,18103554014366689,,False,e006bbf81e,malah bersyukur dia lahan luas buat sawit,0,2026-09-29T10:41:52Z,
IGX_000301,instagram,Dd2SQsGB4Lm,https://www.instagram.com/p/Dd2SQsGB4Lm/,"Benarkah kondisi karhutla di Kalimantan masih bisa disebut normal? Coba lihat gambaran dari udara ini! Pada 23 September 2026, Kepala BNPB Suharyanto melaporkan dalam rapat terbatas bersama Presiden b",sumardionogeologist7,2026-09-28T22:44:19Z,karhutla_kalimantan,2026-09-29,18010356860985981,,False,fbc0749427,biji nya presiden yang tidak normal,0,2026-09-29T10:40:57Z,
IGX_000302,instagram,Dd2SQsGB4Lm,https://www.instagram.com/p/Dd2SQsGB4Lm/,"Benarkah kondisi karhutla di Kalimantan masih bisa disebut normal? Coba lihat gambaran dari udara ini! Pada 23 September 2026, Kepala BNPB Suharyanto melaporkan dalam rapat terbatas bersama Presiden b",sumardionogeologist7,2026-09-28T22:44:19Z,karhutla_kalimantan,2026-09-29,18110734067517731,,False,7a7ad9f946,karena pejabat bnpb tahu bahwa presiden nya hanya senang menerima laporan yang baik2 saja nanti pas pidato akan bilang saya mendapat laporan dari anakbuah saya bahwa karhutla sudah bisa di atasi dengan baik n semua sdah normal,0,2026-09-29T10:40:17Z,
IGX_000303,instagram,Dd2SQsGB4Lm,https://www.instagram.com/p/Dd2SQsGB4Lm/,"Benarkah kondisi karhutla di Kalimantan masih bisa disebut normal? Coba lihat gambaran dari udara ini! Pada 23 September 2026, Kepala BNPB Suharyanto melaporkan dalam rapat terbatas bersama Presiden b",sumardionogeologist7,2026-09-28T22:44:19Z,karhutla_kalimantan,2026-09-29,18100916462662940,,False,dc3cf3b2c9,sudah waktunya sawit ditanam,0,2026-09-29T10:37:27Z,
IGX_000304,instagram,Dd2SQsGB4Lm,https://www.instagram.com/p/Dd2SQsGB4Lm/,"Benarkah kondisi karhutla di Kalimantan masih bisa disebut normal? Coba lihat gambaran dari udara ini! Pada 23 September 2026, Kepala BNPB Suharyanto melaporkan dalam rapat terbatas bersama Presiden b",sumardionogeologist7,2026-09-28T22:44:19Z,karhutla_kalimantan,2026-09-29,18179278234437978,,False,283377d648,ini pak,0,2026-09-29T10:37:00Z,
IGX_000305,instagram,Dd2SQsGB4Lm,https://www.instagram.com/p/Dd2SQsGB4Lm/,"Benarkah kondisi karhutla di Kalimantan masih bisa disebut normal? Coba lihat gambaran dari udara ini! Pada 23 September 2026, Kepala BNPB Suharyanto melaporkan dalam rapat terbatas bersama Presiden b",sumardionogeologist7,2026-09-28T22:44:19Z,karhutla_kalimantan,2026-09-29,18130876741673804,,False,2490923ba2,wah sudah lapang siap ditanam sawit ini kan pohon juga,0,2026-09-29T10:36:57Z,
IGX_000306,instagram,Dd2SQsGB4Lm,https://www.instagram.com/p/Dd2SQsGB4Lm/,"Benarkah kondisi karhutla di Kalimantan masih bisa disebut normal? Coba lihat gambaran dari udara ini! Pada 23 September 2026, Kepala BNPB Suharyanto melaporkan dalam rapat terbatas bersama Presiden b",sumardionogeologist7,2026-09-28T22:44:19Z,karhutla_kalimantan,2026-09-29,18114996428044318,,False,18b0305137,allah pasti akan tunjukan kebenarannya dan akan menghukum yang dzalim,0,2026-09-29T10:36:11Z,
IGX_000307,instagram,Dd2SQsGB4Lm,https://www.instagram.com/p/Dd2SQsGB4Lm/,"Benarkah kondisi karhutla di Kalimantan masih bisa disebut normal? Coba lihat gambaran dari udara ini! Pada 23 September 2026, Kepala BNPB Suharyanto melaporkan dalam rapat terbatas bersama Presiden b",sumardionogeologist7,2026-09-28T22:44:19Z,karhutla_kalimantan,2026-09-29,18181287976425491,,False,dc048def8f,lebar juga lahan sawit pak prabroro,0,2026-09-29T10:36:03Z,
IGX_000308,instagram,Dd2SQsGB4Lm,https://www.instagram.com/p/Dd2SQsGB4Lm/,"Benarkah kondisi karhutla di Kalimantan masih bisa disebut normal? Coba lihat gambaran dari udara ini! Pada 23 September 2026, Kepala BNPB Suharyanto melaporkan dalam rapat terbatas bersama Presiden b",sumardionogeologist7,2026-09-28T22:44:19Z,karhutla_kalimantan,2026-09-29,18632015512016913,,False,cb9952e089,sudah kelewatan kinerja presiden,0,2026-09-29T10:35:58Z,
IGX_000309,instagram,Dd2SQsGB4Lm,https://www.instagram.com/p/Dd2SQsGB4Lm/,"Benarkah kondisi karhutla di Kalimantan masih bisa disebut normal? Coba lihat gambaran dari udara ini! Pada 23 September 2026, Kepala BNPB Suharyanto melaporkan dalam rapat terbatas bersama Presiden b",sumardionogeologist7,2026-09-28T22:44:19Z,karhutla_kalimantan,2026-09-29,18074933387465092,,False,d5f9327165,melek noh,0,2026-09-29T10:35:55Z,
IGX_000310,instagram,Dd2SQsGB4Lm,https://www.instagram.com/p/Dd2SQsGB4Lm/,"Benarkah kondisi karhutla di Kalimantan masih bisa disebut normal? Coba lihat gambaran dari udara ini! Pada 23 September 2026, Kepala BNPB Suharyanto melaporkan dalam rapat terbatas bersama Presiden b",sumardionogeologist7,2026-09-28T22:44:19Z,karhutla_kalimantan,2026-09-29,17918922918441962,,False,f2e5de4af8,siap tanam pak,0,2026-09-29T10:34:35Z,
IGX_000311,instagram,Dd2SQsGB4Lm,https://www.instagram.com/p/Dd2SQsGB4Lm/,"Benarkah kondisi karhutla di Kalimantan masih bisa disebut normal? Coba lihat gambaran dari udara ini! Pada 23 September 2026, Kepala BNPB Suharyanto melaporkan dalam rapat terbatas bersama Presiden b",sumardionogeologist7,2026-09-28T22:44:19Z,karhutla_kalimantan,2026-09-29,18178233655434529,,False,cd77e25c3b,si raja juli raja setan raja iblis harus dipecat pasti kn ditanami sawit,0,2026-09-29T10:34:02Z,
IGX_000312,instagram,Dd2SQsGB4Lm,https://www.instagram.com/p/Dd2SQsGB4Lm/,"Benarkah kondisi karhutla di Kalimantan masih bisa disebut normal? Coba lihat gambaran dari udara ini! Pada 23 September 2026, Kepala BNPB Suharyanto melaporkan dalam rapat terbatas bersama Presiden b",sumardionogeologist7,2026-09-28T22:44:19Z,karhutla_kalimantan,2026-09-29,18116528528052738,,False,ebfa77380a,masukin ajah ke satu ruang tanpa pentilasi trus kita bareng ngevape asap y biar masuk ke ruangan itu,0,2026-09-29T10:33:53Z,
IGX_000313,instagram,Dd2SQsGB4Lm,https://www.instagram.com/p/Dd2SQsGB4Lm/,"Benarkah kondisi karhutla di Kalimantan masih bisa disebut normal? Coba lihat gambaran dari udara ini! Pada 23 September 2026, Kepala BNPB Suharyanto melaporkan dalam rapat terbatas bersama Presiden b",sumardionogeologist7,2026-09-28T22:44:19Z,karhutla_kalimantan,2026-09-29,18098715740169082,,False,dd5170bfb2,astaghfirullahal adziim,0,2026-09-29T10:33:28Z,
IGX_000314,instagram,Dd2SQsGB4Lm,https://www.instagram.com/p/Dd2SQsGB4Lm/,"Benarkah kondisi karhutla di Kalimantan masih bisa disebut normal? Coba lihat gambaran dari udara ini! Pada 23 September 2026, Kepala BNPB Suharyanto melaporkan dalam rapat terbatas bersama Presiden b",sumardionogeologist7,2026-09-28T22:44:19Z,karhutla_kalimantan,2026-09-29,18135635899646516,,False,7f7237719f,pasti ada udang dibalik batu ini,0,2026-09-29T10:33:05Z,
IGX_000315,instagram,Dd2SQsGB4Lm,https://www.instagram.com/p/Dd2SQsGB4Lm/,"Benarkah kondisi karhutla di Kalimantan masih bisa disebut normal? Coba lihat gambaran dari udara ini! Pada 23 September 2026, Kepala BNPB Suharyanto melaporkan dalam rapat terbatas bersama Presiden b",sumardionogeologist7,2026-09-28T22:44:19Z,karhutla_kalimantan,2026-09-29,18129680852472859,,False,95d612c42c,ngeri ya kita sing jare basane bakar bakaran dami anggas suene semingguan paling banter2 minggu bae gah wis ora nyaman dan ora tenang kien karhutla dikalimantan sampai berminggu minggu bahkan berbulan bulan,0,2026-09-29T10:32:11Z,
IGX_000316,instagram,Dd2SQsGB4Lm,https://www.instagram.com/p/Dd2SQsGB4Lm/,"Benarkah kondisi karhutla di Kalimantan masih bisa disebut normal? Coba lihat gambaran dari udara ini! Pada 23 September 2026, Kepala BNPB Suharyanto melaporkan dalam rapat terbatas bersama Presiden b",sumardionogeologist7,2026-09-28T22:44:19Z,karhutla_kalimantan,2026-09-29,18193540705392430,,False,0cb0dbc09a,knp sh ko tutup mata knp knp knp knp knp,0,2026-09-29T10:32:08Z,
IGX_000317,instagram,Dd2SQsGB4Lm,https://www.instagram.com/p/Dd2SQsGB4Lm/,"Benarkah kondisi karhutla di Kalimantan masih bisa disebut normal? Coba lihat gambaran dari udara ini! Pada 23 September 2026, Kepala BNPB Suharyanto melaporkan dalam rapat terbatas bersama Presiden b",sumardionogeologist7,2026-09-28T22:44:19Z,karhutla_kalimantan,2026-09-29,17944635252342838,,False,90036d5754,normal ndaslo mon,0,2026-09-29T10:30:05Z,
IGX_000318,instagram,Dd2SQsGB4Lm,https://www.instagram.com/p/Dd2SQsGB4Lm/,"Benarkah kondisi karhutla di Kalimantan masih bisa disebut normal? Coba lihat gambaran dari udara ini! Pada 23 September 2026, Kepala BNPB Suharyanto melaporkan dalam rapat terbatas bersama Presiden b",sumardionogeologist7,2026-09-28T22:44:19Z,karhutla_kalimantan,2026-09-29,18018834401924289,,False,39836bd4d2,tiga makhluk ini harus segera dimusnahkan,0,2026-09-29T10:29:24Z,
IGX_000319,instagram,Dd2SQsGB4Lm,https://www.instagram.com/p/Dd2SQsGB4Lm/,"Benarkah kondisi karhutla di Kalimantan masih bisa disebut normal? Coba lihat gambaran dari udara ini! Pada 23 September 2026, Kepala BNPB Suharyanto melaporkan dalam rapat terbatas bersama Presiden b",sumardionogeologist7,2026-09-28T22:44:19Z,karhutla_kalimantan,2026-09-29,18125124467481576,,False,151ae994f8,mending percaya bumi datar daripada presiden dan antek antek nya,0,2026-09-29T10:28:55Z,
IGX_000320,instagram,Dd2SQsGB4Lm,https://www.instagram.com/p/Dd2SQsGB4Lm/,"Benarkah kondisi karhutla di Kalimantan masih bisa disebut normal? Coba lihat gambaran dari udara ini! Pada 23 September 2026, Kepala BNPB Suharyanto melaporkan dalam rapat terbatas bersama Presiden b",sumardionogeologist7,2026-09-28T22:44:19Z,karhutla_kalimantan,2026-09-29,18119593090993228,,False,1c0977ec4e,ini sih berita baik untuk di tanami sawit,0,2026-09-29T10:27:01Z,
IGX_000321,instagram,Dd2SQsGB4Lm,https://www.instagram.com/p/Dd2SQsGB4Lm/,"Benarkah kondisi karhutla di Kalimantan masih bisa disebut normal? Coba lihat gambaran dari udara ini! Pada 23 September 2026, Kepala BNPB Suharyanto melaporkan dalam rapat terbatas bersama Presiden b",sumardionogeologist7,2026-09-28T22:44:19Z,karhutla_kalimantan,2026-09-29,18115360883329227,,False,539917e85b,sudah naik level,0,2026-09-29T10:26:56Z,
IGX_000322,instagram,Dd2SQsGB4Lm,https://www.instagram.com/p/Dd2SQsGB4Lm/,"Benarkah kondisi karhutla di Kalimantan masih bisa disebut normal? Coba lihat gambaran dari udara ini! Pada 23 September 2026, Kepala BNPB Suharyanto melaporkan dalam rapat terbatas bersama Presiden b",sumardionogeologist7,2026-09-28T22:44:19Z,karhutla_kalimantan,2026-09-29,17921094288225835,,False,943e91d88c,sudah normal untuk indikator gila,0,2026-09-29T10:26:04Z,
IGX_000323,instagram,Dd2SQsGB4Lm,https://www.instagram.com/p/Dd2SQsGB4Lm/,"Benarkah kondisi karhutla di Kalimantan masih bisa disebut normal? Coba lihat gambaran dari udara ini! Pada 23 September 2026, Kepala BNPB Suharyanto melaporkan dalam rapat terbatas bersama Presiden b",sumardionogeologist7,2026-09-28T22:44:19Z,karhutla_kalimantan,2026-09-29,18115500863072121,,False,15f1aa4a93,pea memang,0,2026-09-29T10:23:47Z,
IGX_000324,instagram,Dd2SQsGB4Lm,https://www.instagram.com/p/Dd2SQsGB4Lm/,"Benarkah kondisi karhutla di Kalimantan masih bisa disebut normal? Coba lihat gambaran dari udara ini! Pada 23 September 2026, Kepala BNPB Suharyanto melaporkan dalam rapat terbatas bersama Presiden b",sumardionogeologist7,2026-09-28T22:44:19Z,karhutla_kalimantan,2026-09-29,18111813245135707,,False,14452b0632,gimana masih ngak anggap normal karena memang itu rencananya,0,2026-09-29T10:23:19Z,
IGX_000325,instagram,Dd2SQsGB4Lm,https://www.instagram.com/p/Dd2SQsGB4Lm/,"Benarkah kondisi karhutla di Kalimantan masih bisa disebut normal? Coba lihat gambaran dari udara ini! Pada 23 September 2026, Kepala BNPB Suharyanto melaporkan dalam rapat terbatas bersama Presiden b",sumardionogeologist7,2026-09-28T22:44:19Z,karhutla_kalimantan,2026-09-29,17942238240358648,,False,86c403a354,presiden pasti mikirnya wah kalau nanam sawit bakalan berapa hektar,0,2026-09-29T10:23:14Z,
IGX_000326,instagram,Dd2SQsGB4Lm,https://www.instagram.com/p/Dd2SQsGB4Lm/,"Benarkah kondisi karhutla di Kalimantan masih bisa disebut normal? Coba lihat gambaran dari udara ini! Pada 23 September 2026, Kepala BNPB Suharyanto melaporkan dalam rapat terbatas bersama Presiden b",sumardionogeologist7,2026-09-28T22:44:19Z,karhutla_kalimantan,2026-09-29,17903235189573711,,False,a753d95ee9,presiden tidak guna ngentot mati aja lo kontol,0,2026-09-29T10:22:27Z,
IGX_000327,instagram,Dd2SQsGB4Lm,https://www.instagram.com/p/Dd2SQsGB4Lm/,"Benarkah kondisi karhutla di Kalimantan masih bisa disebut normal? Coba lihat gambaran dari udara ini! Pada 23 September 2026, Kepala BNPB Suharyanto melaporkan dalam rapat terbatas bersama Presiden b",sumardionogeologist7,2026-09-28T22:44:19Z,karhutla_kalimantan,2026-09-29,17912184231283997,,False,a0ab39e60d,coba langsung survei ke lokasi pak jangan mengharapkan laporan2 sja kabut tak ada henti2 nya,0,2026-09-29T10:22:04Z,
IGX_000328,instagram,Dd2SQsGB4Lm,https://www.instagram.com/p/Dd2SQsGB4Lm/,"Benarkah kondisi karhutla di Kalimantan masih bisa disebut normal? Coba lihat gambaran dari udara ini! Pada 23 September 2026, Kepala BNPB Suharyanto melaporkan dalam rapat terbatas bersama Presiden b",sumardionogeologist7,2026-09-28T22:44:19Z,karhutla_kalimantan,2026-09-29,18096989315373182,,False,d0ceb53616,ya allahh ya rab sampai gitu,0,2026-09-29T10:21:15Z,
IGX_000329,instagram,Dd2SQsGB4Lm,https://www.instagram.com/p/Dd2SQsGB4Lm/,"Benarkah kondisi karhutla di Kalimantan masih bisa disebut normal? Coba lihat gambaran dari udara ini! Pada 23 September 2026, Kepala BNPB Suharyanto melaporkan dalam rapat terbatas bersama Presiden b",sumardionogeologist7,2026-09-28T22:44:19Z,karhutla_kalimantan,2026-09-29,18095394578441568,,False,23dc22e962,ancur indonesia selain negara babu indonesia cuma di peras doang dan tidak akan pernah bisa berkembang sampai akhir zaman karena koruptor harus di benahi atau serahkan ke rakyat karena hukum indonesia terlalu lemah,0,2026-09-29T10:21:12Z,
IGX_000330,instagram,Dd2SQsGB4Lm,https://www.instagram.com/p/Dd2SQsGB4Lm/,"Benarkah kondisi karhutla di Kalimantan masih bisa disebut normal? Coba lihat gambaran dari udara ini! Pada 23 September 2026, Kepala BNPB Suharyanto melaporkan dalam rapat terbatas bersama Presiden b",sumardionogeologist7,2026-09-28T22:44:19Z,karhutla_kalimantan,2026-09-29,17883485241510753,,False,54a8427f92,duitnya tidak ada mknya tidak beres2 anggarannya aja cm persen dari sblmnya,0,2026-09-29T10:20:42Z,
IGX_000331,instagram,Dd2SQsGB4Lm,https://www.instagram.com/p/Dd2SQsGB4Lm/,"Benarkah kondisi karhutla di Kalimantan masih bisa disebut normal? Coba lihat gambaran dari udara ini! Pada 23 September 2026, Kepala BNPB Suharyanto melaporkan dalam rapat terbatas bersama Presiden b",sumardionogeologist7,2026-09-28T22:44:19Z,karhutla_kalimantan,2026-09-29,18409009375090079,,False,43cba9911c,nunjukin mordor ke sauron,0,2026-09-29T10:19:17Z,
IGX_000332,instagram,Dd2SQsGB4Lm,https://www.instagram.com/p/Dd2SQsGB4Lm/,"Benarkah kondisi karhutla di Kalimantan masih bisa disebut normal? Coba lihat gambaran dari udara ini! Pada 23 September 2026, Kepala BNPB Suharyanto melaporkan dalam rapat terbatas bersama Presiden b",sumardionogeologist7,2026-09-28T22:44:19Z,karhutla_kalimantan,2026-09-29,18062584112549147,,False,badead973e,percuma soalnya presiden tidak main sosmed dan sudah percaya sama bawahannya alias anti kritik,0,2026-09-29T10:18:58Z,
IGX_000333,instagram,Dd2SQsGB4Lm,https://www.instagram.com/p/Dd2SQsGB4Lm/,"Benarkah kondisi karhutla di Kalimantan masih bisa disebut normal? Coba lihat gambaran dari udara ini! Pada 23 September 2026, Kepala BNPB Suharyanto melaporkan dalam rapat terbatas bersama Presiden b",sumardionogeologist7,2026-09-28T22:44:19Z,karhutla_kalimantan,2026-09-29,18114328175014740,,False,e43de793b7,abis semua,0,2026-09-29T10:18:32Z,
IGX_000334,instagram,Dd2SQsGB4Lm,https://www.instagram.com/p/Dd2SQsGB4Lm/,"Benarkah kondisi karhutla di Kalimantan masih bisa disebut normal? Coba lihat gambaran dari udara ini! Pada 23 September 2026, Kepala BNPB Suharyanto melaporkan dalam rapat terbatas bersama Presiden b",sumardionogeologist7,2026-09-28T22:44:19Z,karhutla_kalimantan,2026-09-29,18630296401050463,,False,4c118d7622,parah emng mau menjilat kah atau apa normal ndas mu itu tai emng,0,2026-09-29T10:18:00Z,
IGX_000335,instagram,Dd2SQsGB4Lm,https://www.instagram.com/p/Dd2SQsGB4Lm/,"Benarkah kondisi karhutla di Kalimantan masih bisa disebut normal? Coba lihat gambaran dari udara ini! Pada 23 September 2026, Kepala BNPB Suharyanto melaporkan dalam rapat terbatas bersama Presiden b",sumardionogeologist7,2026-09-28T22:44:19Z,karhutla_kalimantan,2026-09-29,18116622749085063,,False,2e723cb44c,ayuh palm oil,0,2026-09-29T10:17:47Z,
IGX_000336,instagram,Dd2SQsGB4Lm,https://www.instagram.com/p/Dd2SQsGB4Lm/,"Benarkah kondisi karhutla di Kalimantan masih bisa disebut normal? Coba lihat gambaran dari udara ini! Pada 23 September 2026, Kepala BNPB Suharyanto melaporkan dalam rapat terbatas bersama Presiden b",sumardionogeologist7,2026-09-28T22:44:19Z,karhutla_kalimantan,2026-09-29,18217092913347295,,False,6c86706cb6,calon kebun sawit,0,2026-09-29T10:17:39Z,
IGX_000337,instagram,Dd2SQsGB4Lm,https://www.instagram.com/p/Dd2SQsGB4Lm/,"Benarkah kondisi karhutla di Kalimantan masih bisa disebut normal? Coba lihat gambaran dari udara ini! Pada 23 September 2026, Kepala BNPB Suharyanto melaporkan dalam rapat terbatas bersama Presiden b",sumardionogeologist7,2026-09-28T22:44:19Z,karhutla_kalimantan,2026-09-29,18094251251407720,,False,fccd08f453,setiap ada yang laporan keadaan baik baik terus di percaya langsung,0,2026-09-29T10:16:33Z,
IGX_000338,instagram,Dd2SQsGB4Lm,https://www.instagram.com/p/Dd2SQsGB4Lm/,"Benarkah kondisi karhutla di Kalimantan masih bisa disebut normal? Coba lihat gambaran dari udara ini! Pada 23 September 2026, Kepala BNPB Suharyanto melaporkan dalam rapat terbatas bersama Presiden b",sumardionogeologist7,2026-09-28T22:44:19Z,karhutla_kalimantan,2026-09-29,18130525762755988,,False,8716d88454,tag dong video nya ke mpr dpr menteri pejabat dan presiden,0,2026-09-29T10:16:20Z,
IGX_000339,instagram,Dd2SQsGB4Lm,https://www.instagram.com/p/Dd2SQsGB4Lm/,"Benarkah kondisi karhutla di Kalimantan masih bisa disebut normal? Coba lihat gambaran dari udara ini! Pada 23 September 2026, Kepala BNPB Suharyanto melaporkan dalam rapat terbatas bersama Presiden b",sumardionogeologist7,2026-09-28T22:44:19Z,karhutla_kalimantan,2026-09-29,17891507571681977,,False,00948791b4,koruptor biadab,0,2026-09-29T10:15:45Z,
IGX_000340,instagram,Dd2SQsGB4Lm,https://www.instagram.com/p/Dd2SQsGB4Lm/,"Benarkah kondisi karhutla di Kalimantan masih bisa disebut normal? Coba lihat gambaran dari udara ini! Pada 23 September 2026, Kepala BNPB Suharyanto melaporkan dalam rapat terbatas bersama Presiden b",sumardionogeologist7,2026-09-28T22:44:19Z,karhutla_kalimantan,2026-09-29,18100012970530291,,False,a8da15ad06,indonesia hancur,0,2026-09-29T10:15:29Z,
IGX_000341,instagram,Dd2SQsGB4Lm,https://www.instagram.com/p/Dd2SQsGB4Lm/,"Benarkah kondisi karhutla di Kalimantan masih bisa disebut normal? Coba lihat gambaran dari udara ini! Pada 23 September 2026, Kepala BNPB Suharyanto melaporkan dalam rapat terbatas bersama Presiden b",sumardionogeologist7,2026-09-28T22:44:19Z,karhutla_kalimantan,2026-09-29,18101124332458607,,False,675acc9449,cocok itu buat tanam sawit mau marah pemerintah yang emng sudah dari dulu tidak pro sama negeri dan rakyatnya,0,2026-09-29T10:14:56Z,
IGX_000342,instagram,Dd2SQsGB4Lm,https://www.instagram.com/p/Dd2SQsGB4Lm/,"Benarkah kondisi karhutla di Kalimantan masih bisa disebut normal? Coba lihat gambaran dari udara ini! Pada 23 September 2026, Kepala BNPB Suharyanto melaporkan dalam rapat terbatas bersama Presiden b",sumardionogeologist7,2026-09-28T22:44:19Z,karhutla_kalimantan,2026-09-29,18473542603116791,,False,d76b219794,pasti dbilang ini cgi yang diedit2 pakai komputer gitu,0,2026-09-29T10:14:24Z,
IGX_000343,instagram,Dd2SQsGB4Lm,https://www.instagram.com/p/Dd2SQsGB4Lm/,"Benarkah kondisi karhutla di Kalimantan masih bisa disebut normal? Coba lihat gambaran dari udara ini! Pada 23 September 2026, Kepala BNPB Suharyanto melaporkan dalam rapat terbatas bersama Presiden b",sumardionogeologist7,2026-09-28T22:44:19Z,karhutla_kalimantan,2026-09-29,17989770516058032,,False,579bcd0579,in syaa allah akan gue laporin elo semua ke allah di akhirat semuanya elo dan temen temen elo dan semua petbuatan elo semua akan gue laporin tidak ada diskon semua kalau elo tidak salah maka jangan takut karena allah se adil adilnya hakim tapi kalau elo semua salah sungguh azab allah sangat pedih,0,2026-09-29T10:13:00Z,
IGX_000344,instagram,Dd2SQsGB4Lm,https://www.instagram.com/p/Dd2SQsGB4Lm/,"Benarkah kondisi karhutla di Kalimantan masih bisa disebut normal? Coba lihat gambaran dari udara ini! Pada 23 September 2026, Kepala BNPB Suharyanto melaporkan dalam rapat terbatas bersama Presiden b",sumardionogeologist7,2026-09-28T22:44:19Z,karhutla_kalimantan,2026-09-29,17935601118379220,,False,457acf3610,menteri2 anjing pejabat2 yang bohong demi nuputipin ke bobrokan rezim memang bajingan kalian semua rezim biadab,0,2026-09-29T10:13:00Z,
IGX_000345,instagram,Dd2SQsGB4Lm,https://www.instagram.com/p/Dd2SQsGB4Lm/,"Benarkah kondisi karhutla di Kalimantan masih bisa disebut normal? Coba lihat gambaran dari udara ini! Pada 23 September 2026, Kepala BNPB Suharyanto melaporkan dalam rapat terbatas bersama Presiden b",sumardionogeologist7,2026-09-28T22:44:19Z,karhutla_kalimantan,2026-09-29,17987946072109906,,False,c906b823b9,normal untuk di tanami saw its,0,2026-09-29T10:12:57Z,
IGX_000346,instagram,Dd2SQsGB4Lm,https://www.instagram.com/p/Dd2SQsGB4Lm/,"Benarkah kondisi karhutla di Kalimantan masih bisa disebut normal? Coba lihat gambaran dari udara ini! Pada 23 September 2026, Kepala BNPB Suharyanto melaporkan dalam rapat terbatas bersama Presiden b",sumardionogeologist7,2026-09-28T22:44:19Z,karhutla_kalimantan,2026-09-29,18124461973847671,,False,0030c8396d,mereka sebut itu normal karena ya pelakunya dari kalangan mereka sendiri kan kampanye swasembada energi masih bergulir dan tidak mungkin swasembada energi terwujud tanpa ada lahan yang sangat masif yang harus dikorbankan demi proyek beginian,0,2026-09-29T10:12:27Z,
IGX_000347,instagram,Dd2SQsGB4Lm,https://www.instagram.com/p/Dd2SQsGB4Lm/,"Benarkah kondisi karhutla di Kalimantan masih bisa disebut normal? Coba lihat gambaran dari udara ini! Pada 23 September 2026, Kepala BNPB Suharyanto melaporkan dalam rapat terbatas bersama Presiden b",sumardionogeologist7,2026-09-28T22:44:19Z,karhutla_kalimantan,2026-09-29,18012050915975333,,False,d91a63ae6d,bangsat semua,1,2026-09-29T10:11:12Z,
IGX_000348,instagram,Dd2SQsGB4Lm,https://www.instagram.com/p/Dd2SQsGB4Lm/,"Benarkah kondisi karhutla di Kalimantan masih bisa disebut normal? Coba lihat gambaran dari udara ini! Pada 23 September 2026, Kepala BNPB Suharyanto melaporkan dalam rapat terbatas bersama Presiden b",sumardionogeologist7,2026-09-28T22:44:19Z,karhutla_kalimantan,2026-09-29,18159511186501439,,False,e69d459873,tujuan nya kan emng begitu bakar hutan kalau sudah bersih tinggal tanam sawit,0,2026-09-29T10:10:21Z,
IGX_000349,instagram,Dd2SQsGB4Lm,https://www.instagram.com/p/Dd2SQsGB4Lm/,"Benarkah kondisi karhutla di Kalimantan masih bisa disebut normal? Coba lihat gambaran dari udara ini! Pada 23 September 2026, Kepala BNPB Suharyanto melaporkan dalam rapat terbatas bersama Presiden b",sumardionogeologist7,2026-09-28T22:44:19Z,karhutla_kalimantan,2026-09-29,18104068754342216,,False,0e7e5cde14,kntol dajjal laknat lusemuanjing,0,2026-09-29T10:09:49Z,
IGX_000350,instagram,Dd2SQsGB4Lm,https://www.instagram.com/p/Dd2SQsGB4Lm/,"Benarkah kondisi karhutla di Kalimantan masih bisa disebut normal? Coba lihat gambaran dari udara ini! Pada 23 September 2026, Kepala BNPB Suharyanto melaporkan dalam rapat terbatas bersama Presiden b",sumardionogeologist7,2026-09-28T22:44:19Z,karhutla_kalimantan,2026-09-29,17960271027214521,,False,780bd55a21,para elit itu sampai di kalimantan hanya tinggal di hotel ber ac sibuk pertemuan di hotel berbintang ke lapangan juga hanya yang dekat kota,0,2026-09-29T10:09:38Z,
IGX_000351,instagram,Dd2SQsGB4Lm,https://www.instagram.com/p/Dd2SQsGB4Lm/,"Benarkah kondisi karhutla di Kalimantan masih bisa disebut normal? Coba lihat gambaran dari udara ini! Pada 23 September 2026, Kepala BNPB Suharyanto melaporkan dalam rapat terbatas bersama Presiden b",sumardionogeologist7,2026-09-28T22:44:19Z,karhutla_kalimantan,2026-09-29,18354694414175451,,False,bf2ef52700,fakta dan laporannya beda,0,2026-09-29T10:09:04Z,
IGX_000352,instagram,Dd2SQsGB4Lm,https://www.instagram.com/p/Dd2SQsGB4Lm/,"Benarkah kondisi karhutla di Kalimantan masih bisa disebut normal? Coba lihat gambaran dari udara ini! Pada 23 September 2026, Kepala BNPB Suharyanto melaporkan dalam rapat terbatas bersama Presiden b",sumardionogeologist7,2026-09-28T22:44:19Z,karhutla_kalimantan,2026-09-29,18139235164716204,,False,0d878f2302,ini lah alasan drone dilarang,0,2026-09-29T10:09:02Z,
IGX_000353,instagram,Dd2SQsGB4Lm,https://www.instagram.com/p/Dd2SQsGB4Lm/,"Benarkah kondisi karhutla di Kalimantan masih bisa disebut normal? Coba lihat gambaran dari udara ini! Pada 23 September 2026, Kepala BNPB Suharyanto melaporkan dalam rapat terbatas bersama Presiden b",sumardionogeologist7,2026-09-28T22:44:19Z,karhutla_kalimantan,2026-09-29,17891883759613403,,False,02e5fd7944,bakalan punahlah satwa khas kalimantan,0,2026-09-29T10:08:56Z,
IGX_000354,instagram,Dd2SQsGB4Lm,https://www.instagram.com/p/Dd2SQsGB4Lm/,"Benarkah kondisi karhutla di Kalimantan masih bisa disebut normal? Coba lihat gambaran dari udara ini! Pada 23 September 2026, Kepala BNPB Suharyanto melaporkan dalam rapat terbatas bersama Presiden b",sumardionogeologist7,2026-09-28T22:44:19Z,karhutla_kalimantan,2026-09-29,18162337963493177,,False,1043fd9aff,tolong pbb kasih sangsi buat pemerintah karena tidak becus,0,2026-09-29T10:08:10Z,
IGX_000355,instagram,Dd2SQsGB4Lm,https://www.instagram.com/p/Dd2SQsGB4Lm/,"Benarkah kondisi karhutla di Kalimantan masih bisa disebut normal? Coba lihat gambaran dari udara ini! Pada 23 September 2026, Kepala BNPB Suharyanto melaporkan dalam rapat terbatas bersama Presiden b",sumardionogeologist7,2026-09-28T22:44:19Z,karhutla_kalimantan,2026-09-29,18122851274489160,,False,37b80ff89d,kondisi paru paru dunia ditangan r3zim jahat,0,2026-09-29T10:06:44Z,
IGX_000356,instagram,Dd2SQsGB4Lm,https://www.instagram.com/p/Dd2SQsGB4Lm/,"Benarkah kondisi karhutla di Kalimantan masih bisa disebut normal? Coba lihat gambaran dari udara ini! Pada 23 September 2026, Kepala BNPB Suharyanto melaporkan dalam rapat terbatas bersama Presiden b",sumardionogeologist7,2026-09-28T22:44:19Z,karhutla_kalimantan,2026-09-29,17911149393540393,,False,022d6dd95d,saya cuma kepikiran hewan2 yang disana trus manusia yang bertahan hidup,0,2026-09-29T10:06:09Z,
IGX_000357,instagram,Dd2SQsGB4Lm,https://www.instagram.com/p/Dd2SQsGB4Lm/,"Benarkah kondisi karhutla di Kalimantan masih bisa disebut normal? Coba lihat gambaran dari udara ini! Pada 23 September 2026, Kepala BNPB Suharyanto melaporkan dalam rapat terbatas bersama Presiden b",sumardionogeologist7,2026-09-28T22:44:19Z,karhutla_kalimantan,2026-09-29,18097437158184890,,False,67607db260,prabowo gibran and the gangs bilang wah ini bagus sekali berapa banyak sawit bisa di tanam,0,2026-09-29T10:04:34Z,
IGX_000358,instagram,Dd2SQsGB4Lm,https://www.instagram.com/p/Dd2SQsGB4Lm/,"Benarkah kondisi karhutla di Kalimantan masih bisa disebut normal? Coba lihat gambaran dari udara ini! Pada 23 September 2026, Kepala BNPB Suharyanto melaporkan dalam rapat terbatas bersama Presiden b",sumardionogeologist7,2026-09-28T22:44:19Z,karhutla_kalimantan,2026-09-29,18098618321265122,,False,67dfe87a55,kepala bnpb suruh nongkrong dsna biar di sana,0,2026-09-29T10:03:35Z,
IGX_000359,instagram,Dd2SQsGB4Lm,https://www.instagram.com/p/Dd2SQsGB4Lm/,"Benarkah kondisi karhutla di Kalimantan masih bisa disebut normal? Coba lihat gambaran dari udara ini! Pada 23 September 2026, Kepala BNPB Suharyanto melaporkan dalam rapat terbatas bersama Presiden b",sumardionogeologist7,2026-09-28T22:44:19Z,karhutla_kalimantan,2026-09-29,18111259760037147,,False,d6c8c1d80c,mohon di cek anggaran pengadaan barang dan belanja kpk,0,2026-09-29T10:02:49Z,
IGX_000360,instagram,Dd2SQsGB4Lm,https://www.instagram.com/p/Dd2SQsGB4Lm/,"Benarkah kondisi karhutla di Kalimantan masih bisa disebut normal? Coba lihat gambaran dari udara ini! Pada 23 September 2026, Kepala BNPB Suharyanto melaporkan dalam rapat terbatas bersama Presiden b",sumardionogeologist7,2026-09-28T22:44:19Z,karhutla_kalimantan,2026-09-29,17897109195394569,,False,b83857c28f,bnpb cukiimmaai itu di otak baabi penjajah ky mereka itu cuman satu kalimat asal bapak senang bbabi2,0,2026-09-29T10:02:23Z,
IGX_000361,instagram,Dd2SQsGB4Lm,https://www.instagram.com/p/Dd2SQsGB4Lm/,"Benarkah kondisi karhutla di Kalimantan masih bisa disebut normal? Coba lihat gambaran dari udara ini! Pada 23 September 2026, Kepala BNPB Suharyanto melaporkan dalam rapat terbatas bersama Presiden b",sumardionogeologist7,2026-09-28T22:44:19Z,karhutla_kalimantan,2026-09-29,18136268140713212,,False,a9ca9f2f2d,nepal kan indonesia masa rakyat nepal bisa kenapa rakyat indonesia ngak bisa,0,2026-09-29T10:02:21Z,
IGX_000362,instagram,Dd2SQsGB4Lm,https://www.instagram.com/p/Dd2SQsGB4Lm/,"Benarkah kondisi karhutla di Kalimantan masih bisa disebut normal? Coba lihat gambaran dari udara ini! Pada 23 September 2026, Kepala BNPB Suharyanto melaporkan dalam rapat terbatas bersama Presiden b",sumardionogeologist7,2026-09-28T22:44:19Z,karhutla_kalimantan,2026-09-29,18098164886289611,,False,9de4060149,apakah kita masih percaya sama laporan tahayul dan ghoib segera cek langsung ke lapangan biar tidak tertuti tuti,0,2026-09-29T10:01:45Z,
IGX_000363,instagram,Dd2SQsGB4Lm,https://www.instagram.com/p/Dd2SQsGB4Lm/,"Benarkah kondisi karhutla di Kalimantan masih bisa disebut normal? Coba lihat gambaran dari udara ini! Pada 23 September 2026, Kepala BNPB Suharyanto melaporkan dalam rapat terbatas bersama Presiden b",sumardionogeologist7,2026-09-28T22:44:19Z,karhutla_kalimantan,2026-09-29,18190066600399172,,False,95dd891188,yang masih bisa dipercaya cuma bomba doang,0,2026-09-29T10:01:28Z,
IGX_000364,instagram,Dd2SQsGB4Lm,https://www.instagram.com/p/Dd2SQsGB4Lm/,"Benarkah kondisi karhutla di Kalimantan masih bisa disebut normal? Coba lihat gambaran dari udara ini! Pada 23 September 2026, Kepala BNPB Suharyanto melaporkan dalam rapat terbatas bersama Presiden b",sumardionogeologist7,2026-09-28T22:44:19Z,karhutla_kalimantan,2026-09-29,17988347451114724,,False,d6c8c1d80c,normal kntl,0,2026-09-29T10:00:46Z,
IGX_000365,instagram,Dd2SQsGB4Lm,https://www.instagram.com/p/Dd2SQsGB4Lm/,"Benarkah kondisi karhutla di Kalimantan masih bisa disebut normal? Coba lihat gambaran dari udara ini! Pada 23 September 2026, Kepala BNPB Suharyanto melaporkan dalam rapat terbatas bersama Presiden b",sumardionogeologist7,2026-09-28T22:44:19Z,karhutla_kalimantan,2026-09-29,18006270647994296,,False,1bddae12cb,bajingan semua itu isi istana,0,2026-09-29T10:00:45Z,
IGX_000366,instagram,Dd2SQsGB4Lm,https://www.instagram.com/p/Dd2SQsGB4Lm/,"Benarkah kondisi karhutla di Kalimantan masih bisa disebut normal? Coba lihat gambaran dari udara ini! Pada 23 September 2026, Kepala BNPB Suharyanto melaporkan dalam rapat terbatas bersama Presiden b",sumardionogeologist7,2026-09-28T22:44:19Z,karhutla_kalimantan,2026-09-29,18129491815702863,,False,3ee43c064a,ya allah berikan lah azab dunia dan akhirat yang sepedih2nya buat para pejabat laknat negeri ini,1,2026-09-29T09:59:59Z,
IGX_000367,instagram,Dd2SQsGB4Lm,https://www.instagram.com/p/Dd2SQsGB4Lm/,"Benarkah kondisi karhutla di Kalimantan masih bisa disebut normal? Coba lihat gambaran dari udara ini! Pada 23 September 2026, Kepala BNPB Suharyanto melaporkan dalam rapat terbatas bersama Presiden b",sumardionogeologist7,2026-09-28T22:44:19Z,karhutla_kalimantan,2026-09-29,17950085943291839,,False,658ceb7a6e,mata presiden kita lagi abnormal,0,2026-09-29T09:59:58Z,
IGX_000368,instagram,Dd2SQsGB4Lm,https://www.instagram.com/p/Dd2SQsGB4Lm/,"Benarkah kondisi karhutla di Kalimantan masih bisa disebut normal? Coba lihat gambaran dari udara ini! Pada 23 September 2026, Kepala BNPB Suharyanto melaporkan dalam rapat terbatas bersama Presiden b",sumardionogeologist7,2026-09-28T22:44:19Z,karhutla_kalimantan,2026-09-29,18098756282063762,,False,58e196c761,mohon maaf untuk kalimantan mengalami kerusakan yang luar biasa,0,2026-09-29T09:58:45Z,
IGX_000369,instagram,Dd2SQsGB4Lm,https://www.instagram.com/p/Dd2SQsGB4Lm/,"Benarkah kondisi karhutla di Kalimantan masih bisa disebut normal? Coba lihat gambaran dari udara ini! Pada 23 September 2026, Kepala BNPB Suharyanto melaporkan dalam rapat terbatas bersama Presiden b",sumardionogeologist7,2026-09-28T22:44:19Z,karhutla_kalimantan,2026-09-29,17886070674486916,,False,531f7afbf6,naah ini,0,2026-09-29T09:55:44Z,
IGX_000370,instagram,Dd2SQsGB4Lm,https://www.instagram.com/p/Dd2SQsGB4Lm/,"Benarkah kondisi karhutla di Kalimantan masih bisa disebut normal? Coba lihat gambaran dari udara ini! Pada 23 September 2026, Kepala BNPB Suharyanto melaporkan dalam rapat terbatas bersama Presiden b",sumardionogeologist7,2026-09-28T22:44:19Z,karhutla_kalimantan,2026-09-29,18125236135865775,,False,bffdc6b96a,pada tidak punya mata memang pemerintah teh heran,0,2026-09-29T09:54:43Z,
IGX_000371,instagram,Dd2SQsGB4Lm,https://www.instagram.com/p/Dd2SQsGB4Lm/,"Benarkah kondisi karhutla di Kalimantan masih bisa disebut normal? Coba lihat gambaran dari udara ini! Pada 23 September 2026, Kepala BNPB Suharyanto melaporkan dalam rapat terbatas bersama Presiden b",sumardionogeologist7,2026-09-28T22:44:19Z,karhutla_kalimantan,2026-09-29,18113352589946559,,False,6eaf609618,normal ini bang bagu mereka yang duduk2 hanya lihat layar didalam ruangan ber ac,0,2026-09-29T09:54:08Z,
IGX_000372,instagram,Dd2SQsGB4Lm,https://www.instagram.com/p/Dd2SQsGB4Lm/,"Benarkah kondisi karhutla di Kalimantan masih bisa disebut normal? Coba lihat gambaran dari udara ini! Pada 23 September 2026, Kepala BNPB Suharyanto melaporkan dalam rapat terbatas bersama Presiden b",sumardionogeologist7,2026-09-28T22:44:19Z,karhutla_kalimantan,2026-09-29,18068933246774496,,False,b4dd07f126,saya mendapat laporan,0,2026-09-29T09:51:10Z,
IGX_000373,instagram,Dd2SQsGB4Lm,https://www.instagram.com/p/Dd2SQsGB4Lm/,"Benarkah kondisi karhutla di Kalimantan masih bisa disebut normal? Coba lihat gambaran dari udara ini! Pada 23 September 2026, Kepala BNPB Suharyanto melaporkan dalam rapat terbatas bersama Presiden b",sumardionogeologist7,2026-09-28T22:44:19Z,karhutla_kalimantan,2026-09-29,17961853311199054,,False,58e196c761,show and share to the world,0,2026-09-29T09:51:04Z,
IGX_000374,instagram,Dd2SQsGB4Lm,https://www.instagram.com/p/Dd2SQsGB4Lm/,"Benarkah kondisi karhutla di Kalimantan masih bisa disebut normal? Coba lihat gambaran dari udara ini! Pada 23 September 2026, Kepala BNPB Suharyanto melaporkan dalam rapat terbatas bersama Presiden b",sumardionogeologist7,2026-09-28T22:44:19Z,karhutla_kalimantan,2026-09-29,18408519835084218,,False,8043e0a683,dan sebentar lagi akan di tanam sawit,0,2026-09-29T09:50:24Z,
IGX_000375,instagram,Dd2SQsGB4Lm,https://www.instagram.com/p/Dd2SQsGB4Lm/,"Benarkah kondisi karhutla di Kalimantan masih bisa disebut normal? Coba lihat gambaran dari udara ini! Pada 23 September 2026, Kepala BNPB Suharyanto melaporkan dalam rapat terbatas bersama Presiden b",sumardionogeologist7,2026-09-28T22:44:19Z,karhutla_kalimantan,2026-09-29,18023900939873520,,False,ae7f8f43a5,laporkan yang bagus2 aja kelak komisaris ditangan,0,2026-09-29T09:50:06Z,
IGX_000376,instagram,Dd2SQsGB4Lm,https://www.instagram.com/p/Dd2SQsGB4Lm/,"Benarkah kondisi karhutla di Kalimantan masih bisa disebut normal? Coba lihat gambaran dari udara ini! Pada 23 September 2026, Kepala BNPB Suharyanto melaporkan dalam rapat terbatas bersama Presiden b",sumardionogeologist7,2026-09-28T22:44:19Z,karhutla_kalimantan,2026-09-29,17949491802288927,,False,b18a22ed3a,halloo,0,2026-09-29T09:48:59Z,
IGX_000377,instagram,Dd2SQsGB4Lm,https://www.instagram.com/p/Dd2SQsGB4Lm/,"Benarkah kondisi karhutla di Kalimantan masih bisa disebut normal? Coba lihat gambaran dari udara ini! Pada 23 September 2026, Kepala BNPB Suharyanto melaporkan dalam rapat terbatas bersama Presiden b",sumardionogeologist7,2026-09-28T22:44:19Z,karhutla_kalimantan,2026-09-29,17989408245108083,,False,54ea617be9,lerr gua aja jadi kepala bnpb sini ngurus begituan aja tidak becus,0,2026-09-29T09:48:53Z,
IGX_000378,instagram,Dd2SQsGB4Lm,https://www.instagram.com/p/Dd2SQsGB4Lm/,"Benarkah kondisi karhutla di Kalimantan masih bisa disebut normal? Coba lihat gambaran dari udara ini! Pada 23 September 2026, Kepala BNPB Suharyanto melaporkan dalam rapat terbatas bersama Presiden b",sumardionogeologist7,2026-09-28T22:44:19Z,karhutla_kalimantan,2026-09-29,18122866649475947,,False,57b6ac95ce,suruh bnpb kesitu selama minggu tanpa memakai apa2 punya mulut kok tidak berguna kali bangsat,0,2026-09-29T09:48:43Z,
IGX_000379,instagram,Dd2SQsGB4Lm,https://www.instagram.com/p/Dd2SQsGB4Lm/,"Benarkah kondisi karhutla di Kalimantan masih bisa disebut normal? Coba lihat gambaran dari udara ini! Pada 23 September 2026, Kepala BNPB Suharyanto melaporkan dalam rapat terbatas bersama Presiden b",sumardionogeologist7,2026-09-28T22:44:19Z,karhutla_kalimantan,2026-09-29,17920551258437000,,False,25405a6b2f,apakah sekarang sawit nampak di sana,0,2026-09-29T09:48:32Z,
IGX_000380,instagram,Dd2SQsGB4Lm,https://www.instagram.com/p/Dd2SQsGB4Lm/,"Benarkah kondisi karhutla di Kalimantan masih bisa disebut normal? Coba lihat gambaran dari udara ini! Pada 23 September 2026, Kepala BNPB Suharyanto melaporkan dalam rapat terbatas bersama Presiden b",sumardionogeologist7,2026-09-28T22:44:19Z,karhutla_kalimantan,2026-09-29,18058327364550694,,False,8ed835766e,tolol yang bilang normall termasuk presiden para mentrinya neraka menunggu kalian,0,2026-09-29T09:48:11Z,
IGX_000381,instagram,Dd2SQsGB4Lm,https://www.instagram.com/p/Dd2SQsGB4Lm/,"Benarkah kondisi karhutla di Kalimantan masih bisa disebut normal? Coba lihat gambaran dari udara ini! Pada 23 September 2026, Kepala BNPB Suharyanto melaporkan dalam rapat terbatas bersama Presiden b",sumardionogeologist7,2026-09-28T22:44:19Z,karhutla_kalimantan,2026-09-29,18390539638166726,,False,3aba04a7ba,pejabat sekarang bagai pohon pisang semuanya punya jantung tapi tak punya hati,0,2026-09-29T09:48:08Z,
IGX_000382,instagram,Dd2SQsGB4Lm,https://www.instagram.com/p/Dd2SQsGB4Lm/,"Benarkah kondisi karhutla di Kalimantan masih bisa disebut normal? Coba lihat gambaran dari udara ini! Pada 23 September 2026, Kepala BNPB Suharyanto melaporkan dalam rapat terbatas bersama Presiden b",sumardionogeologist7,2026-09-28T22:44:19Z,karhutla_kalimantan,2026-09-29,17915155590263714,,False,5119b6fe91,ngeri,0,2026-09-29T09:47:13Z,
IGX_000383,instagram,Dd2SQsGB4Lm,https://www.instagram.com/p/Dd2SQsGB4Lm/,"Benarkah kondisi karhutla di Kalimantan masih bisa disebut normal? Coba lihat gambaran dari udara ini! Pada 23 September 2026, Kepala BNPB Suharyanto melaporkan dalam rapat terbatas bersama Presiden b",sumardionogeologist7,2026-09-28T22:44:19Z,karhutla_kalimantan,2026-09-29,18128040532863296,,False,b1a804e1b3,bnpb badan nasional penjilat bowo,0,2026-09-29T09:47:06Z,
IGX_000384,instagram,Dd2SQsGB4Lm,https://www.instagram.com/p/Dd2SQsGB4Lm/,"Benarkah kondisi karhutla di Kalimantan masih bisa disebut normal? Coba lihat gambaran dari udara ini! Pada 23 September 2026, Kepala BNPB Suharyanto melaporkan dalam rapat terbatas bersama Presiden b",sumardionogeologist7,2026-09-28T22:44:19Z,karhutla_kalimantan,2026-09-29,17908611348510074,,False,d9207231be,bnpb anjing,0,2026-09-29T09:46:21Z,
IGX_000385,instagram,Dd2SQsGB4Lm,https://www.instagram.com/p/Dd2SQsGB4Lm/,"Benarkah kondisi karhutla di Kalimantan masih bisa disebut normal? Coba lihat gambaran dari udara ini! Pada 23 September 2026, Kepala BNPB Suharyanto melaporkan dalam rapat terbatas bersama Presiden b",sumardionogeologist7,2026-09-28T22:44:19Z,karhutla_kalimantan,2026-09-29,18093878246408302,,False,d3e25c3a0c,rezim biadab memang demi mbg anggaran buat bencana di kuras habis habisan mulai dari banjir bandang di aceh gempa ntt dan karhutla kalimantan penangannya sangat buruk,0,2026-09-29T09:44:30Z,
IGX_000386,instagram,Dd2SQsGB4Lm,https://www.instagram.com/p/Dd2SQsGB4Lm/,"Benarkah kondisi karhutla di Kalimantan masih bisa disebut normal? Coba lihat gambaran dari udara ini! Pada 23 September 2026, Kepala BNPB Suharyanto melaporkan dalam rapat terbatas bersama Presiden b",sumardionogeologist7,2026-09-28T22:44:19Z,karhutla_kalimantan,2026-09-29,18629661616018245,,False,a6eecdaccd,pura buta dan pura tuli kolo kata iwan fals,0,2026-09-29T09:42:41Z,
IGX_000387,instagram,Dd2SQsGB4Lm,https://www.instagram.com/p/Dd2SQsGB4Lm/,"Benarkah kondisi karhutla di Kalimantan masih bisa disebut normal? Coba lihat gambaran dari udara ini! Pada 23 September 2026, Kepala BNPB Suharyanto melaporkan dalam rapat terbatas bersama Presiden b",sumardionogeologist7,2026-09-28T22:44:19Z,karhutla_kalimantan,2026-09-29,18345401476264704,,False,a87057ac43,normal untuk di tanami pohon,0,2026-09-29T09:42:40Z,
IGX_000388,instagram,Dd2SQsGB4Lm,https://www.instagram.com/p/Dd2SQsGB4Lm/,"Benarkah kondisi karhutla di Kalimantan masih bisa disebut normal? Coba lihat gambaran dari udara ini! Pada 23 September 2026, Kepala BNPB Suharyanto melaporkan dalam rapat terbatas bersama Presiden b",sumardionogeologist7,2026-09-28T22:44:19Z,karhutla_kalimantan,2026-09-29,17957955321226973,,False,974f201eef,normal mksdny tidak ada protes dari masyarakat gitu,0,2026-09-29T09:41:43Z,
IGX_000389,instagram,Dd2SQsGB4Lm,https://www.instagram.com/p/Dd2SQsGB4Lm/,"Benarkah kondisi karhutla di Kalimantan masih bisa disebut normal? Coba lihat gambaran dari udara ini! Pada 23 September 2026, Kepala BNPB Suharyanto melaporkan dalam rapat terbatas bersama Presiden b",sumardionogeologist7,2026-09-28T22:44:19Z,karhutla_kalimantan,2026-09-29,18006428745002338,,False,22a8167900,lihat deh habis ini muncul tanaman sawit,0,2026-09-29T09:41:42Z,
IGX_000390,instagram,Dd2SQsGB4Lm,https://www.instagram.com/p/Dd2SQsGB4Lm/,"Benarkah kondisi karhutla di Kalimantan masih bisa disebut normal? Coba lihat gambaran dari udara ini! Pada 23 September 2026, Kepala BNPB Suharyanto melaporkan dalam rapat terbatas bersama Presiden b",sumardionogeologist7,2026-09-28T22:44:19Z,karhutla_kalimantan,2026-09-29,18194407198393800,,False,b8b012e057,biar mereka mengunduh hasil tanamnya diakhirat kelak manusia munafik asal bos senang dilakukan,0,2026-09-29T09:40:45Z,
IGX_000391,instagram,Dd2SQsGB4Lm,https://www.instagram.com/p/Dd2SQsGB4Lm/,"Benarkah kondisi karhutla di Kalimantan masih bisa disebut normal? Coba lihat gambaran dari udara ini! Pada 23 September 2026, Kepala BNPB Suharyanto melaporkan dalam rapat terbatas bersama Presiden b",sumardionogeologist7,2026-09-28T22:44:19Z,karhutla_kalimantan,2026-09-29,18108485186520760,,False,a2b11c66ae,normal tapi anggaran bertambah,0,2026-09-29T09:40:27Z,
IGX_000392,instagram,Dd2SQsGB4Lm,https://www.instagram.com/p/Dd2SQsGB4Lm/,"Benarkah kondisi karhutla di Kalimantan masih bisa disebut normal? Coba lihat gambaran dari udara ini! Pada 23 September 2026, Kepala BNPB Suharyanto melaporkan dalam rapat terbatas bersama Presiden b",sumardionogeologist7,2026-09-28T22:44:19Z,karhutla_kalimantan,2026-09-29,18076784759741825,,False,eab87c36e4,dibohongin dengan laporan palsu mulu ya,0,2026-09-29T09:40:10Z,
IGX_000393,instagram,Dd2SQsGB4Lm,https://www.instagram.com/p/Dd2SQsGB4Lm/,"Benarkah kondisi karhutla di Kalimantan masih bisa disebut normal? Coba lihat gambaran dari udara ini! Pada 23 September 2026, Kepala BNPB Suharyanto melaporkan dalam rapat terbatas bersama Presiden b",sumardionogeologist7,2026-09-28T22:44:19Z,karhutla_kalimantan,2026-09-29,18052248113805546,,False,4fee37dcbd,pemerintah biadab,0,2026-09-29T09:39:47Z,
IGX_000394,instagram,Dd2SQsGB4Lm,https://www.instagram.com/p/Dd2SQsGB4Lm/,"Benarkah kondisi karhutla di Kalimantan masih bisa disebut normal? Coba lihat gambaran dari udara ini! Pada 23 September 2026, Kepala BNPB Suharyanto melaporkan dalam rapat terbatas bersama Presiden b",sumardionogeologist7,2026-09-28T22:44:19Z,karhutla_kalimantan,2026-09-29,18100538744528853,,False,f2e8d01bcd,fix kegagalan presiden terparah sepajang masa,0,2026-09-29T09:39:23Z,
IGX_000395,instagram,Dd2SQsGB4Lm,https://www.instagram.com/p/Dd2SQsGB4Lm/,"Benarkah kondisi karhutla di Kalimantan masih bisa disebut normal? Coba lihat gambaran dari udara ini! Pada 23 September 2026, Kepala BNPB Suharyanto melaporkan dalam rapat terbatas bersama Presiden b",sumardionogeologist7,2026-09-28T22:44:19Z,karhutla_kalimantan,2026-09-29,18344832865268698,,False,8cc9ef928d,normal lah orang bakal jadi sawit yaa harus gitu dulu prosesnya yaa kan boss,0,2026-09-29T09:38:04Z,
IGX_000396,instagram,Dd2SQsGB4Lm,https://www.instagram.com/p/Dd2SQsGB4Lm/,"Benarkah kondisi karhutla di Kalimantan masih bisa disebut normal? Coba lihat gambaran dari udara ini! Pada 23 September 2026, Kepala BNPB Suharyanto melaporkan dalam rapat terbatas bersama Presiden b",sumardionogeologist7,2026-09-28T22:44:19Z,karhutla_kalimantan,2026-09-29,18128562313806422,,False,27ee3edc7a,yang bilang normal liat ya besok ketika kalian dibakar di neraka jahanam,0,2026-09-29T09:36:55Z,
IGX_000397,instagram,Dd2SQsGB4Lm,https://www.instagram.com/p/Dd2SQsGB4Lm/,"Benarkah kondisi karhutla di Kalimantan masih bisa disebut normal? Coba lihat gambaran dari udara ini! Pada 23 September 2026, Kepala BNPB Suharyanto melaporkan dalam rapat terbatas bersama Presiden b",sumardionogeologist7,2026-09-28T22:44:19Z,karhutla_kalimantan,2026-09-29,17960454696218595,,False,a9dfa0e9d6,pd hal it bs jadi alasan bnpb minta tmbhan anggaran malah d blg normal,0,2026-09-29T09:36:52Z,
IGX_000398,instagram,Dd2SQsGB4Lm,https://www.instagram.com/p/Dd2SQsGB4Lm/,"Benarkah kondisi karhutla di Kalimantan masih bisa disebut normal? Coba lihat gambaran dari udara ini! Pada 23 September 2026, Kepala BNPB Suharyanto melaporkan dalam rapat terbatas bersama Presiden b",sumardionogeologist7,2026-09-28T22:44:19Z,karhutla_kalimantan,2026-09-29,18344612581254035,,False,1bd0c7a075,lagian presidennya juga yang nyuruh bakar hutan,0,2026-09-29T09:36:30Z,
IGX_000399,instagram,Dd2SQsGB4Lm,https://www.instagram.com/p/Dd2SQsGB4Lm/,"Benarkah kondisi karhutla di Kalimantan masih bisa disebut normal? Coba lihat gambaran dari udara ini! Pada 23 September 2026, Kepala BNPB Suharyanto melaporkan dalam rapat terbatas bersama Presiden b",sumardionogeologist7,2026-09-28T22:44:19Z,karhutla_kalimantan,2026-09-29,17972072472166274,,False,f2905a0836,coba si orang2 bnpb nya yang laporan suruh tinggal disitu seminggu aja megap2 pasti,0,2026-09-29T09:34:52Z,
IGX_000400,instagram,Dd2SQsGB4Lm,https://www.instagram.com/p/Dd2SQsGB4Lm/,"Benarkah kondisi karhutla di Kalimantan masih bisa disebut normal? Coba lihat gambaran dari udara ini! Pada 23 September 2026, Kepala BNPB Suharyanto melaporkan dalam rapat terbatas bersama Presiden b",sumardionogeologist7,2026-09-28T22:44:19Z,karhutla_kalimantan,2026-09-29,18128676361814636,,False,8378348c2f,yang nyebut normal suruh ngirup sampah yang dibakar sampai dia mati,0,2026-09-29T09:32:31Z,
IGX_000401,instagram,Dd2SQsGB4Lm,https://www.instagram.com/p/Dd2SQsGB4Lm/,"Benarkah kondisi karhutla di Kalimantan masih bisa disebut normal? Coba lihat gambaran dari udara ini! Pada 23 September 2026, Kepala BNPB Suharyanto melaporkan dalam rapat terbatas bersama Presiden b",sumardionogeologist7,2026-09-28T22:44:19Z,karhutla_kalimantan,2026-09-29,18024548927879976,,False,53dac4736b,siap di sawitkan hidup jokowaow j,0,2026-09-29T09:32:13Z,
IGX_000402,instagram,Dd2SQsGB4Lm,https://www.instagram.com/p/Dd2SQsGB4Lm/,"Benarkah kondisi karhutla di Kalimantan masih bisa disebut normal? Coba lihat gambaran dari udara ini! Pada 23 September 2026, Kepala BNPB Suharyanto melaporkan dalam rapat terbatas bersama Presiden b",sumardionogeologist7,2026-09-28T22:44:19Z,karhutla_kalimantan,2026-09-29,18368916676245823,,False,1210b17475,pemerintah biadab,0,2026-09-29T09:32:05Z,
IGX_000403,instagram,Dd2SQsGB4Lm,https://www.instagram.com/p/Dd2SQsGB4Lm/,"Benarkah kondisi karhutla di Kalimantan masih bisa disebut normal? Coba lihat gambaran dari udara ini! Pada 23 September 2026, Kepala BNPB Suharyanto melaporkan dalam rapat terbatas bersama Presiden b",sumardionogeologist7,2026-09-28T22:44:19Z,karhutla_kalimantan,2026-09-29,17980361052105391,,False,0c32b40d34,normal buat ditanami sawit mksdnya kan,0,2026-09-29T09:31:56Z,
IGX_000404,instagram,Dd2SQsGB4Lm,https://www.instagram.com/p/Dd2SQsGB4Lm/,"Benarkah kondisi karhutla di Kalimantan masih bisa disebut normal? Coba lihat gambaran dari udara ini! Pada 23 September 2026, Kepala BNPB Suharyanto melaporkan dalam rapat terbatas bersama Presiden b",sumardionogeologist7,2026-09-28T22:44:19Z,karhutla_kalimantan,2026-09-29,18117532669758117,,False,693f368c6d,bnpb sama presiden yaa tinggal bilang abs aja rezim perusak munafik tidak bs dipercaya sudah bosen bgt sama eyang wowok pngen segera pascawowok,0,2026-09-29T09:31:52Z,
IGX_000405,instagram,Dd2SQsGB4Lm,https://www.instagram.com/p/Dd2SQsGB4Lm/,"Benarkah kondisi karhutla di Kalimantan masih bisa disebut normal? Coba lihat gambaran dari udara ini! Pada 23 September 2026, Kepala BNPB Suharyanto melaporkan dalam rapat terbatas bersama Presiden b",sumardionogeologist7,2026-09-28T22:44:19Z,karhutla_kalimantan,2026-09-29,17888261814684116,,False,7afd826ceb,lihat ini bapak,0,2026-09-29T09:30:34Z,
IGX_000406,instagram,Dd2SQsGB4Lm,https://www.instagram.com/p/Dd2SQsGB4Lm/,"Benarkah kondisi karhutla di Kalimantan masih bisa disebut normal? Coba lihat gambaran dari udara ini! Pada 23 September 2026, Kepala BNPB Suharyanto melaporkan dalam rapat terbatas bersama Presiden b",sumardionogeologist7,2026-09-28T22:44:19Z,karhutla_kalimantan,2026-09-29,18228358162328722,,False,f94a23ff2b,untuk swit john tujuan dia jadi president ya untuk ini sampai disini saja para pemilihnya kemarin ngotot lho,0,2026-09-29T09:29:59Z,
IGX_000407,instagram,Dd2SQsGB4Lm,https://www.instagram.com/p/Dd2SQsGB4Lm/,"Benarkah kondisi karhutla di Kalimantan masih bisa disebut normal? Coba lihat gambaran dari udara ini! Pada 23 September 2026, Kepala BNPB Suharyanto melaporkan dalam rapat terbatas bersama Presiden b",sumardionogeologist7,2026-09-28T22:44:19Z,karhutla_kalimantan,2026-09-29,17990782581108055,,False,aab1428d3e,miris,0,2026-09-29T09:29:01Z,
IGX_000408,instagram,Dd2SQsGB4Lm,https://www.instagram.com/p/Dd2SQsGB4Lm/,"Benarkah kondisi karhutla di Kalimantan masih bisa disebut normal? Coba lihat gambaran dari udara ini! Pada 23 September 2026, Kepala BNPB Suharyanto melaporkan dalam rapat terbatas bersama Presiden b",sumardionogeologist7,2026-09-28T22:44:19Z,karhutla_kalimantan,2026-09-29,18096619820108104,,False,73527f5604,nanti bawaannya bowo bilang ini ai dan bowo pcy hehhehe maap maap,0,2026-09-29T09:28:43Z,
IGX_000409,instagram,Dd2SQsGB4Lm,https://www.instagram.com/p/Dd2SQsGB4Lm/,"Benarkah kondisi karhutla di Kalimantan masih bisa disebut normal? Coba lihat gambaran dari udara ini! Pada 23 September 2026, Kepala BNPB Suharyanto melaporkan dalam rapat terbatas bersama Presiden b",sumardionogeologist7,2026-09-28T22:44:19Z,karhutla_kalimantan,2026-09-29,18341902441248587,,False,467788cd68,aman dan normal maskudnay untuk di tanam sawit mereun,0,2026-09-29T09:28:28Z,
IGX_000410,instagram,Dd2SQsGB4Lm,https://www.instagram.com/p/Dd2SQsGB4Lm/,"Benarkah kondisi karhutla di Kalimantan masih bisa disebut normal? Coba lihat gambaran dari udara ini! Pada 23 September 2026, Kepala BNPB Suharyanto melaporkan dalam rapat terbatas bersama Presiden b",sumardionogeologist7,2026-09-28T22:44:19Z,karhutla_kalimantan,2026-09-29,18098436710367806,,False,3d0b51d7d7,bawahan nya semua gitu njirr dan presidennya pun nurut,0,2026-09-29T09:28:17Z,
IGX_000411,instagram,Dd2SQsGB4Lm,https://www.instagram.com/p/Dd2SQsGB4Lm/,"Benarkah kondisi karhutla di Kalimantan masih bisa disebut normal? Coba lihat gambaran dari udara ini! Pada 23 September 2026, Kepala BNPB Suharyanto melaporkan dalam rapat terbatas bersama Presiden b",sumardionogeologist7,2026-09-28T22:44:19Z,karhutla_kalimantan,2026-09-29,18116834431897883,,False,e5460d9ea4,percuma sibabi g akan lihat,0,2026-09-29T09:27:46Z,
IGX_000412,instagram,Dd2SQsGB4Lm,https://www.instagram.com/p/Dd2SQsGB4Lm/,"Benarkah kondisi karhutla di Kalimantan masih bisa disebut normal? Coba lihat gambaran dari udara ini! Pada 23 September 2026, Kepala BNPB Suharyanto melaporkan dalam rapat terbatas bersama Presiden b",sumardionogeologist7,2026-09-28T22:44:19Z,karhutla_kalimantan,2026-09-29,18000488252797905,,False,b99ae93b67,masih aman kah bang setelah liris video ini,0,2026-09-29T09:27:21Z,
IGX_000413,instagram,Dd2SQsGB4Lm,https://www.instagram.com/p/Dd2SQsGB4Lm/,"Benarkah kondisi karhutla di Kalimantan masih bisa disebut normal? Coba lihat gambaran dari udara ini! Pada 23 September 2026, Kepala BNPB Suharyanto melaporkan dalam rapat terbatas bersama Presiden b",sumardionogeologist7,2026-09-28T22:44:19Z,karhutla_kalimantan,2026-09-29,17974786971134818,,False,81f8e53f92,orang bnpb yang bilang normal tunjukin mukanya mau liat bentuk muka orang berpendidikan yang di sekolahin tinggi2 sama orang tuanya itu kek mana,0,2026-09-29T09:27:18Z,
IGX_000414,instagram,Dd2SQsGB4Lm,https://www.instagram.com/p/Dd2SQsGB4Lm/,"Benarkah kondisi karhutla di Kalimantan masih bisa disebut normal? Coba lihat gambaran dari udara ini! Pada 23 September 2026, Kepala BNPB Suharyanto melaporkan dalam rapat terbatas bersama Presiden b",sumardionogeologist7,2026-09-28T22:44:19Z,karhutla_kalimantan,2026-09-29,18103374293570191,,False,a8adc6a453,presiden gaptek taunya laporan dari bawahan,0,2026-09-29T09:27:02Z,
IGX_000415,instagram,Dd2SQsGB4Lm,https://www.instagram.com/p/Dd2SQsGB4Lm/,"Benarkah kondisi karhutla di Kalimantan masih bisa disebut normal? Coba lihat gambaran dari udara ini! Pada 23 September 2026, Kepala BNPB Suharyanto melaporkan dalam rapat terbatas bersama Presiden b",sumardionogeologist7,2026-09-28T22:44:19Z,karhutla_kalimantan,2026-09-29,17973738998940064,,False,e6b91ae761,buta dan tuli memang mereka tuh,0,2026-09-29T09:25:50Z,
IGX_000416,instagram,Dd2SQsGB4Lm,https://www.instagram.com/p/Dd2SQsGB4Lm/,"Benarkah kondisi karhutla di Kalimantan masih bisa disebut normal? Coba lihat gambaran dari udara ini! Pada 23 September 2026, Kepala BNPB Suharyanto melaporkan dalam rapat terbatas bersama Presiden b",sumardionogeologist7,2026-09-28T22:44:19Z,karhutla_kalimantan,2026-09-29,17887524447654002,,False,568db8de49,أ س ت غ ف ر ٱلل ه,0,2026-09-29T09:24:41Z,
IGX_000417,instagram,Dd2SQsGB4Lm,https://www.instagram.com/p/Dd2SQsGB4Lm/,"Benarkah kondisi karhutla di Kalimantan masih bisa disebut normal? Coba lihat gambaran dari udara ini! Pada 23 September 2026, Kepala BNPB Suharyanto melaporkan dalam rapat terbatas bersama Presiden b",sumardionogeologist7,2026-09-28T22:44:19Z,karhutla_kalimantan,2026-09-29,18051261359598787,,False,23107ae050,sudah bro nanti dibilang goblok ente,0,2026-09-29T09:23:47Z,
IGX_000418,instagram,Dd2SQsGB4Lm,https://www.instagram.com/p/Dd2SQsGB4Lm/,"Benarkah kondisi karhutla di Kalimantan masih bisa disebut normal? Coba lihat gambaran dari udara ini! Pada 23 September 2026, Kepala BNPB Suharyanto melaporkan dalam rapat terbatas bersama Presiden b",sumardionogeologist7,2026-09-28T22:44:19Z,karhutla_kalimantan,2026-09-29,18126044735502356,,False,80f8c61193,pada buta dan apatis lingkungan memang babi rakus itu,0,2026-09-29T09:23:26Z,
IGX_000419,instagram,Dd2SQsGB4Lm,https://www.instagram.com/p/Dd2SQsGB4Lm/,"Benarkah kondisi karhutla di Kalimantan masih bisa disebut normal? Coba lihat gambaran dari udara ini! Pada 23 September 2026, Kepala BNPB Suharyanto melaporkan dalam rapat terbatas bersama Presiden b",sumardionogeologist7,2026-09-28T22:44:19Z,karhutla_kalimantan,2026-09-29,18482876851129823,,False,68eddaadef,jyegliong ndasmu,0,2026-09-29T09:22:25Z,
IGX_000420,instagram,Dd2SQsGB4Lm,https://www.instagram.com/p/Dd2SQsGB4Lm/,"Benarkah kondisi karhutla di Kalimantan masih bisa disebut normal? Coba lihat gambaran dari udara ini! Pada 23 September 2026, Kepala BNPB Suharyanto melaporkan dalam rapat terbatas bersama Presiden b",sumardionogeologist7,2026-09-28T22:44:19Z,karhutla_kalimantan,2026-09-29,17910242454512843,,False,6acc114d45,inalillahi wa innailaihi rojiun ingat dunia hanya sementara semua pasti akan dipertanggung jawabkan di akhirat,0,2026-09-29T09:22:22Z,
IGX_000421,instagram,Dd2SQsGB4Lm,https://www.instagram.com/p/Dd2SQsGB4Lm/,"Benarkah kondisi karhutla di Kalimantan masih bisa disebut normal? Coba lihat gambaran dari udara ini! Pada 23 September 2026, Kepala BNPB Suharyanto melaporkan dalam rapat terbatas bersama Presiden b",sumardionogeologist7,2026-09-28T22:44:19Z,karhutla_kalimantan,2026-09-29,18032635028892551,,False,0e52392e1e,normal lo ini namanya mau pembangunan atau ganti sawit,0,2026-09-29T09:21:41Z,
IGX_000422,instagram,Dd2SQsGB4Lm,https://www.instagram.com/p/Dd2SQsGB4Lm/,"Benarkah kondisi karhutla di Kalimantan masih bisa disebut normal? Coba lihat gambaran dari udara ini! Pada 23 September 2026, Kepala BNPB Suharyanto melaporkan dalam rapat terbatas bersama Presiden b",sumardionogeologist7,2026-09-28T22:44:19Z,karhutla_kalimantan,2026-09-29,18106044791190680,,False,9f977c2f67,kirim ke prabowo saya menerima laporan,0,2026-09-29T09:21:21Z,
IGX_000423,instagram,Dd2SQsGB4Lm,https://www.instagram.com/p/Dd2SQsGB4Lm/,"Benarkah kondisi karhutla di Kalimantan masih bisa disebut normal? Coba lihat gambaran dari udara ini! Pada 23 September 2026, Kepala BNPB Suharyanto melaporkan dalam rapat terbatas bersama Presiden b",sumardionogeologist7,2026-09-28T22:44:19Z,karhutla_kalimantan,2026-09-29,18160875274500985,,False,04b6596a71,kalau mau buat laporan itu harus sesuai dengan faktanya,0,2026-09-29T09:21:08Z,
IGX_000424,instagram,Dd2SQsGB4Lm,https://www.instagram.com/p/Dd2SQsGB4Lm/,"Benarkah kondisi karhutla di Kalimantan masih bisa disebut normal? Coba lihat gambaran dari udara ini! Pada 23 September 2026, Kepala BNPB Suharyanto melaporkan dalam rapat terbatas bersama Presiden b",sumardionogeologist7,2026-09-28T22:44:19Z,karhutla_kalimantan,2026-09-29,18024175148876787,,False,6ea116e297,ya allah habis ini tidak ada lagi hutan di gantikan sawit ngiriss,0,2026-09-29T09:19:55Z,
IGX_000425,instagram,Dd2SQsGB4Lm,https://www.instagram.com/p/Dd2SQsGB4Lm/,"Benarkah kondisi karhutla di Kalimantan masih bisa disebut normal? Coba lihat gambaran dari udara ini! Pada 23 September 2026, Kepala BNPB Suharyanto melaporkan dalam rapat terbatas bersama Presiden b",sumardionogeologist7,2026-09-28T22:44:19Z,karhutla_kalimantan,2026-09-29,18144451888582734,,False,dd9539b1bd,bajingan,0,2026-09-29T09:18:49Z,
IGX_000426,instagram,Dd2SQsGB4Lm,https://www.instagram.com/p/Dd2SQsGB4Lm/,"Benarkah kondisi karhutla di Kalimantan masih bisa disebut normal? Coba lihat gambaran dari udara ini! Pada 23 September 2026, Kepala BNPB Suharyanto melaporkan dalam rapat terbatas bersama Presiden b",sumardionogeologist7,2026-09-28T22:44:19Z,karhutla_kalimantan,2026-09-29,18114369026092078,,False,dd65278df4,satwa nya pd kemanah,0,2026-09-29T09:18:48Z,
IGX_000427,instagram,Dd2SQsGB4Lm,https://www.instagram.com/p/Dd2SQsGB4Lm/,"Benarkah kondisi karhutla di Kalimantan masih bisa disebut normal? Coba lihat gambaran dari udara ini! Pada 23 September 2026, Kepala BNPB Suharyanto melaporkan dalam rapat terbatas bersama Presiden b",sumardionogeologist7,2026-09-28T22:44:19Z,karhutla_kalimantan,2026-09-29,18014514929958793,,False,3938252eef,memang harus siap sama konsekuensi nya nnti di hadapan tuhan ya kalian memang tidak takut sekarang terus lagi pak presiden turun pak ke lapangan hanya jangan laporan,0,2026-09-29T09:18:40Z,
IGX_000428,instagram,Dd2SQsGB4Lm,https://www.instagram.com/p/Dd2SQsGB4Lm/,"Benarkah kondisi karhutla di Kalimantan masih bisa disebut normal? Coba lihat gambaran dari udara ini! Pada 23 September 2026, Kepala BNPB Suharyanto melaporkan dalam rapat terbatas bersama Presiden b",sumardionogeologist7,2026-09-28T22:44:19Z,karhutla_kalimantan,2026-09-29,18159916318453668,,False,cbfb17c4a5,presiden prabowo juga ikut ikutan jdi bodoh dan tolol dia hanya bisa bilang saya dapat laporan duduk lah semanis mungkin dan perbanyak taik,0,2026-09-29T09:18:27Z,
IGX_000429,instagram,Dd2SQsGB4Lm,https://www.instagram.com/p/Dd2SQsGB4Lm/,"Benarkah kondisi karhutla di Kalimantan masih bisa disebut normal? Coba lihat gambaran dari udara ini! Pada 23 September 2026, Kepala BNPB Suharyanto melaporkan dalam rapat terbatas bersama Presiden b",sumardionogeologist7,2026-09-28T22:44:19Z,karhutla_kalimantan,2026-09-29,17903424738349650,,False,21023dcbfe,bnpb,0,2026-09-29T09:17:36Z,
IGX_000430,instagram,Dd2SQsGB4Lm,https://www.instagram.com/p/Dd2SQsGB4Lm/,"Benarkah kondisi karhutla di Kalimantan masih bisa disebut normal? Coba lihat gambaran dari udara ini! Pada 23 September 2026, Kepala BNPB Suharyanto melaporkan dalam rapat terbatas bersama Presiden b",sumardionogeologist7,2026-09-28T22:44:19Z,karhutla_kalimantan,2026-09-29,17941241202364744,,False,21023dcbfe,bajingan memang,0,2026-09-29T09:17:30Z,
IGX_000431,instagram,Dd2SQsGB4Lm,https://www.instagram.com/p/Dd2SQsGB4Lm/,"Benarkah kondisi karhutla di Kalimantan masih bisa disebut normal? Coba lihat gambaran dari udara ini! Pada 23 September 2026, Kepala BNPB Suharyanto melaporkan dalam rapat terbatas bersama Presiden b",sumardionogeologist7,2026-09-28T22:44:19Z,karhutla_kalimantan,2026-09-29,18355401325173693,,False,9f4ec1b780,kasih liat depan mukanya kalau bisa lempar dia k hutan yang kebakarnya,0,2026-09-29T09:16:32Z,
IGX_000432,instagram,Dd2SQsGB4Lm,https://www.instagram.com/p/Dd2SQsGB4Lm/,"Benarkah kondisi karhutla di Kalimantan masih bisa disebut normal? Coba lihat gambaran dari udara ini! Pada 23 September 2026, Kepala BNPB Suharyanto melaporkan dalam rapat terbatas bersama Presiden b",sumardionogeologist7,2026-09-28T22:44:19Z,karhutla_kalimantan,2026-09-29,18090461519226694,,False,fdc17554be,si gemoy abis ini tiba2 sakit keras dan meninggoy pimpinan ganti baru pilih kdm aja,0,2026-09-29T09:16:17Z,
IGX_000433,instagram,Dd2SQsGB4Lm,https://www.instagram.com/p/Dd2SQsGB4Lm/,"Benarkah kondisi karhutla di Kalimantan masih bisa disebut normal? Coba lihat gambaran dari udara ini! Pada 23 September 2026, Kepala BNPB Suharyanto melaporkan dalam rapat terbatas bersama Presiden b",sumardionogeologist7,2026-09-28T22:44:19Z,karhutla_kalimantan,2026-09-29,17895385752411118,,False,2438e28fb8,sudah pas itu untuk menanam sawitt,0,2026-09-29T09:16:00Z,
IGX_000434,instagram,Dd2SQsGB4Lm,https://www.instagram.com/p/Dd2SQsGB4Lm/,"Benarkah kondisi karhutla di Kalimantan masih bisa disebut normal? Coba lihat gambaran dari udara ini! Pada 23 September 2026, Kepala BNPB Suharyanto melaporkan dalam rapat terbatas bersama Presiden b",sumardionogeologist7,2026-09-28T22:44:19Z,karhutla_kalimantan,2026-09-29,18137155006634950,,False,f754cb9bc9,begitu ada sawit langsung di cabutin jangan mau di tanam sawit mesti ada reboisasi,0,2026-09-29T09:15:46Z,
IGX_000435,instagram,Dd2SQsGB4Lm,https://www.instagram.com/p/Dd2SQsGB4Lm/,"Benarkah kondisi karhutla di Kalimantan masih bisa disebut normal? Coba lihat gambaran dari udara ini! Pada 23 September 2026, Kepala BNPB Suharyanto melaporkan dalam rapat terbatas bersama Presiden b",sumardionogeologist7,2026-09-28T22:44:19Z,karhutla_kalimantan,2026-09-29,18126782908891126,,False,4bff475b82,periode ajah sudah eranya sawitisasi,0,2026-09-29T09:15:33Z,
IGX_000436,instagram,Dd2SQsGB4Lm,https://www.instagram.com/p/Dd2SQsGB4Lm/,"Benarkah kondisi karhutla di Kalimantan masih bisa disebut normal? Coba lihat gambaran dari udara ini! Pada 23 September 2026, Kepala BNPB Suharyanto melaporkan dalam rapat terbatas bersama Presiden b",sumardionogeologist7,2026-09-28T22:44:19Z,karhutla_kalimantan,2026-09-29,18125938300847437,,False,a1a729989c,kalau normal coba suruh bnpb dstu nginep seharian tanpa masker,0,2026-09-29T09:14:40Z,
IGX_000437,instagram,Dd2SQsGB4Lm,https://www.instagram.com/p/Dd2SQsGB4Lm/,"Benarkah kondisi karhutla di Kalimantan masih bisa disebut normal? Coba lihat gambaran dari udara ini! Pada 23 September 2026, Kepala BNPB Suharyanto melaporkan dalam rapat terbatas bersama Presiden b",sumardionogeologist7,2026-09-28T22:44:19Z,karhutla_kalimantan,2026-09-29,18073359038475597,,False,712ae29e86,mau ngomong apa lagi presiden dan wakil nya beserta menter lingkungan hidup mau ngomong apa lagi,0,2026-09-29T09:13:23Z,
IGX_000438,instagram,Dd2SQsGB4Lm,https://www.instagram.com/p/Dd2SQsGB4Lm/,"Benarkah kondisi karhutla di Kalimantan masih bisa disebut normal? Coba lihat gambaran dari udara ini! Pada 23 September 2026, Kepala BNPB Suharyanto melaporkan dalam rapat terbatas bersama Presiden b",sumardionogeologist7,2026-09-28T22:44:19Z,karhutla_kalimantan,2026-09-29,17909182149307699,,False,bae01e4638,hallo hallo,0,2026-09-29T09:13:06Z,
IGX_000439,instagram,Dd2SQsGB4Lm,https://www.instagram.com/p/Dd2SQsGB4Lm/,"Benarkah kondisi karhutla di Kalimantan masih bisa disebut normal? Coba lihat gambaran dari udara ini! Pada 23 September 2026, Kepala BNPB Suharyanto melaporkan dalam rapat terbatas bersama Presiden b",sumardionogeologist7,2026-09-28T22:44:19Z,karhutla_kalimantan,2026-09-29,17882339859523359,,False,8c153fc054,prabowo,0,2026-09-29T09:11:11Z,
IGX_000440,instagram,Dd2SQsGB4Lm,https://www.instagram.com/p/Dd2SQsGB4Lm/,"Benarkah kondisi karhutla di Kalimantan masih bisa disebut normal? Coba lihat gambaran dari udara ini! Pada 23 September 2026, Kepala BNPB Suharyanto melaporkan dalam rapat terbatas bersama Presiden b",sumardionogeologist7,2026-09-28T22:44:19Z,karhutla_kalimantan,2026-09-29,18103354673113143,,False,18126e4f22,yang penting bapak senang jabatan aman,0,2026-09-29T09:11:03Z,
IGX_000441,instagram,Dd2SQsGB4Lm,https://www.instagram.com/p/Dd2SQsGB4Lm/,"Benarkah kondisi karhutla di Kalimantan masih bisa disebut normal? Coba lihat gambaran dari udara ini! Pada 23 September 2026, Kepala BNPB Suharyanto melaporkan dalam rapat terbatas bersama Presiden b",sumardionogeologist7,2026-09-28T22:44:19Z,karhutla_kalimantan,2026-09-29,18011753012973561,,False,8c153fc054,usa,0,2026-09-29T09:10:38Z,
IGX_000442,instagram,Dd2SQsGB4Lm,https://www.instagram.com/p/Dd2SQsGB4Lm/,"Benarkah kondisi karhutla di Kalimantan masih bisa disebut normal? Coba lihat gambaran dari udara ini! Pada 23 September 2026, Kepala BNPB Suharyanto melaporkan dalam rapat terbatas bersama Presiden b",sumardionogeologist7,2026-09-28T22:44:19Z,karhutla_kalimantan,2026-09-29,17921448195429634,,False,813d5a8545,presiden termul korup penculik londo ireng goblog,0,2026-09-29T09:10:37Z,
IGX_000443,instagram,Dd2SQsGB4Lm,https://www.instagram.com/p/Dd2SQsGB4Lm/,"Benarkah kondisi karhutla di Kalimantan masih bisa disebut normal? Coba lihat gambaran dari udara ini! Pada 23 September 2026, Kepala BNPB Suharyanto melaporkan dalam rapat terbatas bersama Presiden b",sumardionogeologist7,2026-09-28T22:44:19Z,karhutla_kalimantan,2026-09-29,17960018993999506,,False,8c153fc054,europe,0,2026-09-29T09:10:31Z,
IGX_000444,instagram,Dd2SQsGB4Lm,https://www.instagram.com/p/Dd2SQsGB4Lm/,"Benarkah kondisi karhutla di Kalimantan masih bisa disebut normal? Coba lihat gambaran dari udara ini! Pada 23 September 2026, Kepala BNPB Suharyanto melaporkan dalam rapat terbatas bersama Presiden b",sumardionogeologist7,2026-09-28T22:44:19Z,karhutla_kalimantan,2026-09-29,18113084081105006,,False,8c153fc054,asean,0,2026-09-29T09:10:21Z,
IGX_000445,instagram,Dd2SQsGB4Lm,https://www.instagram.com/p/Dd2SQsGB4Lm/,"Benarkah kondisi karhutla di Kalimantan masih bisa disebut normal? Coba lihat gambaran dari udara ini! Pada 23 September 2026, Kepala BNPB Suharyanto melaporkan dalam rapat terbatas bersama Presiden b",sumardionogeologist7,2026-09-28T22:44:19Z,karhutla_kalimantan,2026-09-29,18117157784054736,,False,8c153fc054,asia,0,2026-09-29T09:10:14Z,
IGX_000446,instagram,Dd2SQsGB4Lm,https://www.instagram.com/p/Dd2SQsGB4Lm/,"Benarkah kondisi karhutla di Kalimantan masih bisa disebut normal? Coba lihat gambaran dari udara ini! Pada 23 September 2026, Kepala BNPB Suharyanto melaporkan dalam rapat terbatas bersama Presiden b",sumardionogeologist7,2026-09-28T22:44:19Z,karhutla_kalimantan,2026-09-29,17988469986111424,,False,8c153fc054,fyp,0,2026-09-29T09:10:07Z,
IGX_000447,instagram,Dd2SQsGB4Lm,https://www.instagram.com/p/Dd2SQsGB4Lm/,"Benarkah kondisi karhutla di Kalimantan masih bisa disebut normal? Coba lihat gambaran dari udara ini! Pada 23 September 2026, Kepala BNPB Suharyanto melaporkan dalam rapat terbatas bersama Presiden b",sumardionogeologist7,2026-09-28T22:44:19Z,karhutla_kalimantan,2026-09-29,18128721328789590,,False,8c153fc054,international,0,2026-09-29T09:10:00Z,
IGX_000448,instagram,Dd2SQsGB4Lm,https://www.instagram.com/p/Dd2SQsGB4Lm/,"Benarkah kondisi karhutla di Kalimantan masih bisa disebut normal? Coba lihat gambaran dari udara ini! Pada 23 September 2026, Kepala BNPB Suharyanto melaporkan dalam rapat terbatas bersama Presiden b",sumardionogeologist7,2026-09-28T22:44:19Z,karhutla_kalimantan,2026-09-29,18025839887879237,,False,8c153fc054,viral,0,2026-09-29T09:09:49Z,
IGX_000449,instagram,Dd2SQsGB4Lm,https://www.instagram.com/p/Dd2SQsGB4Lm/,"Benarkah kondisi karhutla di Kalimantan masih bisa disebut normal? Coba lihat gambaran dari udara ini! Pada 23 September 2026, Kepala BNPB Suharyanto melaporkan dalam rapat terbatas bersama Presiden b",sumardionogeologist7,2026-09-28T22:44:19Z,karhutla_kalimantan,2026-09-29,18046721228820832,,False,8de74b1e1a,kata bbpb normal karena sehabis itu nanti bisa di tanam sawit tuk pemerintah maka nya di bilang normal,0,2026-09-29T09:08:59Z,
IGX_000450,instagram,Dd2SQsGB4Lm,https://www.instagram.com/p/Dd2SQsGB4Lm/,"Benarkah kondisi karhutla di Kalimantan masih bisa disebut normal? Coba lihat gambaran dari udara ini! Pada 23 September 2026, Kepala BNPB Suharyanto melaporkan dalam rapat terbatas bersama Presiden b",sumardionogeologist7,2026-09-28T22:44:19Z,karhutla_kalimantan,2026-09-29,18146164870575676,,False,1497bba49d,kalau masih ada pohon itu tidak normal karena g bisa d tanami sawit,0,2026-09-29T09:08:13Z,
IGX_000451,instagram,Dd2SQsGB4Lm,https://www.instagram.com/p/Dd2SQsGB4Lm/,"Benarkah kondisi karhutla di Kalimantan masih bisa disebut normal? Coba lihat gambaran dari udara ini! Pada 23 September 2026, Kepala BNPB Suharyanto melaporkan dalam rapat terbatas bersama Presiden b",sumardionogeologist7,2026-09-28T22:44:19Z,karhutla_kalimantan,2026-09-29,17922153561440699,,False,5229da62f7,habis bara terbitla sawit,0,2026-09-29T09:06:29Z,
IGX_000452,instagram,Dd2SQsGB4Lm,https://www.instagram.com/p/Dd2SQsGB4Lm/,"Benarkah kondisi karhutla di Kalimantan masih bisa disebut normal? Coba lihat gambaran dari udara ini! Pada 23 September 2026, Kepala BNPB Suharyanto melaporkan dalam rapat terbatas bersama Presiden b",sumardionogeologist7,2026-09-28T22:44:19Z,karhutla_kalimantan,2026-09-29,18394120669205032,,False,3b7e8f5342,orang kalau sudah jadi pejabat diindonesia memang rata2 suka berubah jadi siluman babi,0,2026-09-29T09:04:22Z,
IGX_000453,instagram,Dd2SQsGB4Lm,https://www.instagram.com/p/Dd2SQsGB4Lm/,"Benarkah kondisi karhutla di Kalimantan masih bisa disebut normal? Coba lihat gambaran dari udara ini! Pada 23 September 2026, Kepala BNPB Suharyanto melaporkan dalam rapat terbatas bersama Presiden b",sumardionogeologist7,2026-09-28T22:44:19Z,karhutla_kalimantan,2026-09-29,17876192814566278,,False,61e1bc15cb,bagi mereka itu normal bagi rakyat otaknya pemikiranya yang tidak normal,0,2026-09-29T09:02:24Z,
IGX_000454,instagram,Dd2SQsGB4Lm,https://www.instagram.com/p/Dd2SQsGB4Lm/,"Benarkah kondisi karhutla di Kalimantan masih bisa disebut normal? Coba lihat gambaran dari udara ini! Pada 23 September 2026, Kepala BNPB Suharyanto melaporkan dalam rapat terbatas bersama Presiden b",sumardionogeologist7,2026-09-28T22:44:19Z,karhutla_kalimantan,2026-09-29,17896888374393343,,False,52f124e843,presiden omon omon,0,2026-09-29T09:01:44Z,
IGX_000455,instagram,Dd2SQsGB4Lm,https://www.instagram.com/p/Dd2SQsGB4Lm/,"Benarkah kondisi karhutla di Kalimantan masih bisa disebut normal? Coba lihat gambaran dari udara ini! Pada 23 September 2026, Kepala BNPB Suharyanto melaporkan dalam rapat terbatas bersama Presiden b",sumardionogeologist7,2026-09-28T22:44:19Z,karhutla_kalimantan,2026-09-29,17902072656595641,,False,a6367b33d5,para petinggi kalau liat video ini yang di kepalanya malah lumayan ini buat lahan sawit,0,2026-09-29T09:01:40Z,
IGX_000456,instagram,Dd2SQsGB4Lm,https://www.instagram.com/p/Dd2SQsGB4Lm/,"Benarkah kondisi karhutla di Kalimantan masih bisa disebut normal? Coba lihat gambaran dari udara ini! Pada 23 September 2026, Kepala BNPB Suharyanto melaporkan dalam rapat terbatas bersama Presiden b",sumardionogeologist7,2026-09-28T22:44:19Z,karhutla_kalimantan,2026-09-29,18160003192450891,,False,4d1592d241,sawit,0,2026-09-29T09:01:36Z,
IGX_000457,instagram,DdrB0eeCVkS,https://www.instagram.com/p/DdrB0eeCVkS/,"Inilah video terdekat Hulu Banjir Bandang Arosuka Solok. Total jarak aliran banjir bandang dari Kantor DPRD Kabupaten Solok menuju Hulu paling atas mencapai ± 5,6 Km. Tampak sama seperti kejadian banj",ib.hobbies,2026-09-24T13:53:14Z,banjir_sumatra,2026-09-29,18062726591788717,,False,9a70b38e89,kemarau dan suhu panas membuat lapisan tanah kering dan padat sehingga mengurangi daya serap dari tanah itu sendiri longsor terjadi karena celah retakan tanah padat terisi air dan menimbulkan tekanan dari air yang masuk dari celah retakan,498,2026-09-24T16:22:18Z,
IGX_000458,instagram,DdrB0eeCVkS,https://www.instagram.com/p/DdrB0eeCVkS/,"Inilah video terdekat Hulu Banjir Bandang Arosuka Solok. Total jarak aliran banjir bandang dari Kantor DPRD Kabupaten Solok menuju Hulu paling atas mencapai ± 5,6 Km. Tampak sama seperti kejadian banj",ib.hobbies,2026-09-24T13:53:14Z,banjir_sumatra,2026-09-29,18113471252014330,,False,f021665d11,innalillahi wainnailaihi roji un telah tampak kerusakan di darat dan di laut disebabkan perbuatan tangan manusia allah menghendaki agar mereka merasakan sebagian dari akibat perbuatan mereka agar mereka kembali ke jalan yang benar qs ar rum ayat,15,2026-09-24T17:30:08Z,
IGX_000459,instagram,DdrB0eeCVkS,https://www.instagram.com/p/DdrB0eeCVkS/,"Inilah video terdekat Hulu Banjir Bandang Arosuka Solok. Total jarak aliran banjir bandang dari Kantor DPRD Kabupaten Solok menuju Hulu paling atas mencapai ± 5,6 Km. Tampak sama seperti kejadian banj",ib.hobbies,2026-09-24T13:53:14Z,banjir_sumatra,2026-09-29,18439550353135947,,False,7dcf9081b3,o,1,2026-09-24T15:21:19Z,
IGX_000460,instagram,DdrB0eeCVkS,https://www.instagram.com/p/DdrB0eeCVkS/,"Inilah video terdekat Hulu Banjir Bandang Arosuka Solok. Total jarak aliran banjir bandang dari Kantor DPRD Kabupaten Solok menuju Hulu paling atas mencapai ± 5,6 Km. Tampak sama seperti kejadian banj",ib.hobbies,2026-09-24T13:53:14Z,banjir_sumatra,2026-09-29,17992759802844811,,False,226158884c,bang bantuin cari korban yang hilang disepanjang aliran galodonya pakai drone,14,2026-09-24T18:05:57Z,
IGX_000461,instagram,DdrB0eeCVkS,https://www.instagram.com/p/DdrB0eeCVkS/,"Inilah video terdekat Hulu Banjir Bandang Arosuka Solok. Total jarak aliran banjir bandang dari Kantor DPRD Kabupaten Solok menuju Hulu paling atas mencapai ± 5,6 Km. Tampak sama seperti kejadian banj",ib.hobbies,2026-09-24T13:53:14Z,banjir_sumatra,2026-09-29,18096846089650231,,False,9a3ed08e89,semua salah pak,0,2026-09-25T00:20:08Z,
IGX_000462,instagram,DdrB0eeCVkS,https://www.instagram.com/p/DdrB0eeCVkS/,"Inilah video terdekat Hulu Banjir Bandang Arosuka Solok. Total jarak aliran banjir bandang dari Kantor DPRD Kabupaten Solok menuju Hulu paling atas mencapai ± 5,6 Km. Tampak sama seperti kejadian banj",ib.hobbies,2026-09-24T13:53:14Z,banjir_sumatra,2026-09-29,17895708837609538,,False,9185b7b4e2,itulah yang namonyo musibah tibo tidak bakaba itulah kehendak yang maha kuaso bagi awak kini byk maraiah k diri apo sabana nyo pasan yang harus bisa awak baco allah manurun kan musibah tidak salah latak do tapi peringatan k awak yang tingga bahwa allah bakahendak sasuko nyo kun allah tu tidak bisa di tolak,40,2026-09-24T15:10:11Z,
IGX_000463,instagram,DdrB0eeCVkS,https://www.instagram.com/p/DdrB0eeCVkS/,"Inilah video terdekat Hulu Banjir Bandang Arosuka Solok. Total jarak aliran banjir bandang dari Kantor DPRD Kabupaten Solok menuju Hulu paling atas mencapai ± 5,6 Km. Tampak sama seperti kejadian banj",ib.hobbies,2026-09-24T13:53:14Z,banjir_sumatra,2026-09-29,17911542975287566,,False,7aad0ed947,ma yang katonyo ado penebangan hutan maa nyo maa nyo,3,2026-09-24T16:06:24Z,
IGX_000464,instagram,DdrB0eeCVkS,https://www.instagram.com/p/DdrB0eeCVkS/,"Inilah video terdekat Hulu Banjir Bandang Arosuka Solok. Total jarak aliran banjir bandang dari Kantor DPRD Kabupaten Solok menuju Hulu paling atas mencapai ± 5,6 Km. Tampak sama seperti kejadian banj",ib.hobbies,2026-09-24T13:53:14Z,banjir_sumatra,2026-09-29,17922612996423706,,False,5195920187,ma nyo yang alih fungsi lahan tu,7,2026-09-24T14:42:23Z,
IGX_000465,instagram,DdrB0eeCVkS,https://www.instagram.com/p/DdrB0eeCVkS/,"Inilah video terdekat Hulu Banjir Bandang Arosuka Solok. Total jarak aliran banjir bandang dari Kantor DPRD Kabupaten Solok menuju Hulu paling atas mencapai ± 5,6 Km. Tampak sama seperti kejadian banj",ib.hobbies,2026-09-24T13:53:14Z,banjir_sumatra,2026-09-29,18134648788629859,,False,ec1eacaa40,tidak ada kok nampak hutan yang gundul,23,2026-09-24T15:24:19Z,
IGX_000466,instagram,DdrB0eeCVkS,https://www.instagram.com/p/DdrB0eeCVkS/,"Inilah video terdekat Hulu Banjir Bandang Arosuka Solok. Total jarak aliran banjir bandang dari Kantor DPRD Kabupaten Solok menuju Hulu paling atas mencapai ± 5,6 Km. Tampak sama seperti kejadian banj",ib.hobbies,2026-09-24T13:53:14Z,banjir_sumatra,2026-09-29,18632389639006285,,False,b311f96350,manyo sawit,4,2026-09-24T15:39:40Z,
IGX_000467,instagram,DdrB0eeCVkS,https://www.instagram.com/p/DdrB0eeCVkS/,"Inilah video terdekat Hulu Banjir Bandang Arosuka Solok. Total jarak aliran banjir bandang dari Kantor DPRD Kabupaten Solok menuju Hulu paling atas mencapai ± 5,6 Km. Tampak sama seperti kejadian banj",ib.hobbies,2026-09-24T13:53:14Z,banjir_sumatra,2026-09-29,17921470878223901,,False,1e987193aa,lahan tambang emas,1,2026-09-24T22:47:54Z,
IGX_000468,instagram,DdrB0eeCVkS,https://www.instagram.com/p/DdrB0eeCVkS/,"Inilah video terdekat Hulu Banjir Bandang Arosuka Solok. Total jarak aliran banjir bandang dari Kantor DPRD Kabupaten Solok menuju Hulu paling atas mencapai ± 5,6 Km. Tampak sama seperti kejadian banj",ib.hobbies,2026-09-24T13:53:14Z,banjir_sumatra,2026-09-29,17920435599224108,,False,76e6688ea6,padahal masih pada rimbun,0,2026-09-25T10:02:20Z,
IGX_000469,instagram,DdrB0eeCVkS,https://www.instagram.com/p/DdrB0eeCVkS/,"Inilah video terdekat Hulu Banjir Bandang Arosuka Solok. Total jarak aliran banjir bandang dari Kantor DPRD Kabupaten Solok menuju Hulu paling atas mencapai ± 5,6 Km. Tampak sama seperti kejadian banj",ib.hobbies,2026-09-24T13:53:14Z,banjir_sumatra,2026-09-29,17967400683155804,,False,2c09ebf2fc,yang kmren bilang galodo krna hutannya gundul di tebang ini liat se asri ini loh,2,2026-09-25T01:23:26Z,
IGX_000470,instagram,DdrB0eeCVkS,https://www.instagram.com/p/DdrB0eeCVkS/,"Inilah video terdekat Hulu Banjir Bandang Arosuka Solok. Total jarak aliran banjir bandang dari Kantor DPRD Kabupaten Solok menuju Hulu paling atas mencapai ± 5,6 Km. Tampak sama seperti kejadian banj",ib.hobbies,2026-09-24T13:53:14Z,banjir_sumatra,2026-09-29,18198301114384718,,False,9c7f0dd29b,itu kan sawit itu kan tambang,4,2026-09-24T19:46:19Z,
IGX_000471,instagram,DdrB0eeCVkS,https://www.instagram.com/p/DdrB0eeCVkS/,"Inilah video terdekat Hulu Banjir Bandang Arosuka Solok. Total jarak aliran banjir bandang dari Kantor DPRD Kabupaten Solok menuju Hulu paling atas mencapai ± 5,6 Km. Tampak sama seperti kejadian banj",ib.hobbies,2026-09-24T13:53:14Z,banjir_sumatra,2026-09-29,17908620735510140,,False,ca9b21e9d8,biasonyo ado s nan cukia cukia mah kenyataan e memang murni musibah,11,2026-09-24T16:01:52Z,
IGX_000472,instagram,DdrB0eeCVkS,https://www.instagram.com/p/DdrB0eeCVkS/,"Inilah video terdekat Hulu Banjir Bandang Arosuka Solok. Total jarak aliran banjir bandang dari Kantor DPRD Kabupaten Solok menuju Hulu paling atas mencapai ± 5,6 Km. Tampak sama seperti kejadian banj",ib.hobbies,2026-09-24T13:53:14Z,banjir_sumatra,2026-09-29,18118280657055611,,False,f9fd15e325,maaf ya tp aq ada liat videonya itu air muncul dari bukit yang penuh pepohonan kok bisa ya ada yang bisa menjelaskan,0,2026-09-25T04:52:47Z,
IGX_000473,instagram,DdrB0eeCVkS,https://www.instagram.com/p/DdrB0eeCVkS/,"Inilah video terdekat Hulu Banjir Bandang Arosuka Solok. Total jarak aliran banjir bandang dari Kantor DPRD Kabupaten Solok menuju Hulu paling atas mencapai ± 5,6 Km. Tampak sama seperti kejadian banj",ib.hobbies,2026-09-24T13:53:14Z,banjir_sumatra,2026-09-29,18479415088118757,,False,d23aec61f9,ma akun nan mangecekan dek pembalakan hutan patang,62,2026-09-24T15:12:15Z,
IGX_000474,instagram,DdrB0eeCVkS,https://www.instagram.com/p/DdrB0eeCVkS/,"Inilah video terdekat Hulu Banjir Bandang Arosuka Solok. Total jarak aliran banjir bandang dari Kantor DPRD Kabupaten Solok menuju Hulu paling atas mencapai ± 5,6 Km. Tampak sama seperti kejadian banj",ib.hobbies,2026-09-24T13:53:14Z,banjir_sumatra,2026-09-29,18094348004559835,,False,2ce2a5763a,cubo dulang siso longksoran,5,2026-09-24T14:58:25Z,
IGX_000475,instagram,DdrB0eeCVkS,https://www.instagram.com/p/DdrB0eeCVkS/,"Inilah video terdekat Hulu Banjir Bandang Arosuka Solok. Total jarak aliran banjir bandang dari Kantor DPRD Kabupaten Solok menuju Hulu paling atas mencapai ± 5,6 Km. Tampak sama seperti kejadian banj",ib.hobbies,2026-09-24T13:53:14Z,banjir_sumatra,2026-09-29,18111007394117220,,False,d93e3ae40a,bertanda baik tambang emas terbuka lebar sudah keliatan dari atas lahan terbuka lebar,0,2026-09-24T23:18:14Z,
IGX_000476,instagram,DdrB0eeCVkS,https://www.instagram.com/p/DdrB0eeCVkS/,"Inilah video terdekat Hulu Banjir Bandang Arosuka Solok. Total jarak aliran banjir bandang dari Kantor DPRD Kabupaten Solok menuju Hulu paling atas mencapai ± 5,6 Km. Tampak sama seperti kejadian banj",ib.hobbies,2026-09-24T13:53:14Z,banjir_sumatra,2026-09-29,18123859483897928,,False,0ded7fdc31,coba terbangkan drone mu serendah mungkin kitari sekeliling areal hulu coba aja dulu ntar kita analisa visualnya,5,2026-09-24T21:12:59Z,
IGX_000477,instagram,DdrB0eeCVkS,https://www.instagram.com/p/DdrB0eeCVkS/,"Inilah video terdekat Hulu Banjir Bandang Arosuka Solok. Total jarak aliran banjir bandang dari Kantor DPRD Kabupaten Solok menuju Hulu paling atas mencapai ± 5,6 Km. Tampak sama seperti kejadian banj",ib.hobbies,2026-09-24T13:53:14Z,banjir_sumatra,2026-09-29,18008736566967535,,False,e0d53a7b54,hutan di rusak,2,2026-09-24T21:18:16Z,
IGX_000478,instagram,DdrB0eeCVkS,https://www.instagram.com/p/DdrB0eeCVkS/,"Inilah video terdekat Hulu Banjir Bandang Arosuka Solok. Total jarak aliran banjir bandang dari Kantor DPRD Kabupaten Solok menuju Hulu paling atas mencapai ± 5,6 Km. Tampak sama seperti kejadian banj",ib.hobbies,2026-09-24T13:53:14Z,banjir_sumatra,2026-09-29,18173181829458819,,False,e382835e30,jaleh tingga di kaki gunung jelas lah hal ini tu alah jauh2 hari di tkuikan urg malah dithun dhulu pernah juo galodo di kaki gunung talang t di arah sungai jniah kalau ndk salah dan kalau hujan pun disitu memang selalu was2 karena memang berada di kkai gunu ng yang curah hujannyo kalau labek yo raso ka runtuh sdonyo tp balik semua jadi peringatan untuk kita semoga bisa mkin dekat dan kmbali dijalanyg benar,3,2026-09-24T16:24:25Z,
IGX_000479,instagram,DdrB0eeCVkS,https://www.instagram.com/p/DdrB0eeCVkS/,"Inilah video terdekat Hulu Banjir Bandang Arosuka Solok. Total jarak aliran banjir bandang dari Kantor DPRD Kabupaten Solok menuju Hulu paling atas mencapai ± 5,6 Km. Tampak sama seperti kejadian banj",ib.hobbies,2026-09-24T13:53:14Z,banjir_sumatra,2026-09-29,18036259103844573,,False,1de47dbd1b,yang mangecek penyebab nyo karano ado pembukaan atau alih fungsi lahan kan lah tampak tu,1,2026-09-24T16:51:20Z,
IGX_000480,instagram,DdrB0eeCVkS,https://www.instagram.com/p/DdrB0eeCVkS/,"Inilah video terdekat Hulu Banjir Bandang Arosuka Solok. Total jarak aliran banjir bandang dari Kantor DPRD Kabupaten Solok menuju Hulu paling atas mencapai ± 5,6 Km. Tampak sama seperti kejadian banj",ib.hobbies,2026-09-24T13:53:14Z,banjir_sumatra,2026-09-29,18128815780749428,,False,26a8214360,kok dari vidio lai nda botak2 bana hutan do lai nda dek parangai manusia penyebabnyo,0,2026-09-25T01:06:59Z,
IGX_000481,instagram,DdrB0eeCVkS,https://www.instagram.com/p/DdrB0eeCVkS/,"Inilah video terdekat Hulu Banjir Bandang Arosuka Solok. Total jarak aliran banjir bandang dari Kantor DPRD Kabupaten Solok menuju Hulu paling atas mencapai ± 5,6 Km. Tampak sama seperti kejadian banj",ib.hobbies,2026-09-24T13:53:14Z,banjir_sumatra,2026-09-29,18162586522490449,,False,57014827ab,tu mako ee jdi manusia jan sok tahu warga setempat c mangecek dstu ndg ad tmbg ilegal pembalakan liar doh,2,2026-09-24T16:49:30Z,
IGX_000482,instagram,DdrB0eeCVkS,https://www.instagram.com/p/DdrB0eeCVkS/,"Inilah video terdekat Hulu Banjir Bandang Arosuka Solok. Total jarak aliran banjir bandang dari Kantor DPRD Kabupaten Solok menuju Hulu paling atas mencapai ± 5,6 Km. Tampak sama seperti kejadian banj",ib.hobbies,2026-09-24T13:53:14Z,banjir_sumatra,2026-09-29,18131015086718495,,False,38b84080de,yang dipamerin cm bagian yang hutannya masih lebat klw di perbukitan atw pegunungan hutannya masih lebat semua gx ada aktivitas peti perambahan hutan musibah sebesar itu gx bakalan terjadi longsor yang murni peristiwa alam gx seperti yang terjadi di solok,0,2026-09-25T00:18:52Z,
IGX_000483,instagram,DdrB0eeCVkS,https://www.instagram.com/p/DdrB0eeCVkS/,"Inilah video terdekat Hulu Banjir Bandang Arosuka Solok. Total jarak aliran banjir bandang dari Kantor DPRD Kabupaten Solok menuju Hulu paling atas mencapai ± 5,6 Km. Tampak sama seperti kejadian banj",ib.hobbies,2026-09-24T13:53:14Z,banjir_sumatra,2026-09-29,18055205054800662,,False,af79eb4598,seperti nya di kasih tahu tu spot mas yang banyak,1,2026-09-25T00:07:02Z,
IGX_000484,instagram,DdrB0eeCVkS,https://www.instagram.com/p/DdrB0eeCVkS/,"Inilah video terdekat Hulu Banjir Bandang Arosuka Solok. Total jarak aliran banjir bandang dari Kantor DPRD Kabupaten Solok menuju Hulu paling atas mencapai ± 5,6 Km. Tampak sama seperti kejadian banj",ib.hobbies,2026-09-24T13:53:14Z,banjir_sumatra,2026-09-29,17919063771449938,,False,7b0692eb29,sumatra dan aceh sering kena siklon tropis meski lemah dan berada di garis khatulistiwa tapi kadang2 dari samudera pasifik dan hindia,7,2026-09-24T22:31:01Z,
IGX_000485,instagram,DdrB0eeCVkS,https://www.instagram.com/p/DdrB0eeCVkS/,"Inilah video terdekat Hulu Banjir Bandang Arosuka Solok. Total jarak aliran banjir bandang dari Kantor DPRD Kabupaten Solok menuju Hulu paling atas mencapai ± 5,6 Km. Tampak sama seperti kejadian banj",ib.hobbies,2026-09-24T13:53:14Z,banjir_sumatra,2026-09-29,18111431348608911,,False,29b167833b,kenapa sih setiap bencana selalu dibilang ujian dari allah swt kenapa dikepala gw kesanya kok allah kejam ya tidak gitu konsepnya gaes kalian paham tidak sih yang namanya iqra ketika diturunkan ke rasulullah baca ya baca diturunkan supaya rasulullah bisa membaca dan menyampaikan wahyu allah yang akan diturunkan sebagai pedoman umatnya buat yang islam ini kalian baca tidak sih al quran gw bantu jawab ini pasti baca tapi baca ayatnya aja kaan tidak memahami artinya dalam al quran ada larangan membuat kerusakan alam yang sudah diciptakan dengan baik qs al a raf bencana semacam galodo ini bukan ujian tp ulah manusia pemahamannya ada di qs ar rum disebutin tuh akibatnya biar manusia ini sadar untuk menjaga kelestarian lingkungan kembali kejalan yang benar alam diciptakan dengan baik oleh nya eh malah dirusak hutan ditebangin akhirnya apa terjadi pemasan global akibatnya perubahan iklim tiba2 panas tiba2 hujan deras dengan intensitas tinggi semua efek domino bedain makna setiap bencana mana yang ujian mana yang karena ulah manusia mana yang karena faktor geologi,69,2026-09-24T18:33:23Z,
IGX_000486,instagram,DdrB0eeCVkS,https://www.instagram.com/p/DdrB0eeCVkS/,"Inilah video terdekat Hulu Banjir Bandang Arosuka Solok. Total jarak aliran banjir bandang dari Kantor DPRD Kabupaten Solok menuju Hulu paling atas mencapai ± 5,6 Km. Tampak sama seperti kejadian banj",ib.hobbies,2026-09-24T13:53:14Z,banjir_sumatra,2026-09-29,18135904855726621,,False,5a5a265ebf,tambang tarui tambang apo lai daerah kayo aro ka solok selatan tu tambang sansai ma,0,2026-09-25T11:09:57Z,
IGX_000487,instagram,DdrB0eeCVkS,https://www.instagram.com/p/DdrB0eeCVkS/,"Inilah video terdekat Hulu Banjir Bandang Arosuka Solok. Total jarak aliran banjir bandang dari Kantor DPRD Kabupaten Solok menuju Hulu paling atas mencapai ± 5,6 Km. Tampak sama seperti kejadian banj",ib.hobbies,2026-09-24T13:53:14Z,banjir_sumatra,2026-09-29,18128758603796707,,False,b70871f22a,kok ado demo besar2an inyo nan jadi biang marusuah tu mah kok ado berita ttg kesalahan pemerintah aa inyo lo nan kareh suaro e t mah kok ado bancano nan sarupo tajadi inyo lo nan mambuek isu pemerintah mambuek penebangan liar tu mah oknum oknum surek sabalah mode tu nan acok buek negara ko rusuah salah se urang di matonyo sadonyo dapek info mantah saketek lansuang digoreang mampakaruah keadaan katuju na dek paja2 mode tu tu mah ndk ado proses bapikia dlm kapalonyo doh informasi tu numpang lalu se dikapalo nyo lansuang di kaluaan dek muncuang tanpa bapikia negara ko lah banyak cobaan juo ditambah lo oknum2 utak singkek maramian media sosial cegaklah ang ciek sorang lai ko karajo se nan elok2 salamaikan anak bini sok kritis akal sehat krisis malaang,10,2026-09-24T16:25:36Z,
IGX_000488,instagram,DdrB0eeCVkS,https://www.instagram.com/p/DdrB0eeCVkS/,"Inilah video terdekat Hulu Banjir Bandang Arosuka Solok. Total jarak aliran banjir bandang dari Kantor DPRD Kabupaten Solok menuju Hulu paling atas mencapai ± 5,6 Km. Tampak sama seperti kejadian banj",ib.hobbies,2026-09-24T13:53:14Z,banjir_sumatra,2026-09-29,18370547767245331,,False,2fe4f3b182,sudah saya bilang pasti disebabkan oleh ulah tangan manusia sehingga terjadi kerusakan,0,2026-09-25T11:06:31Z,
IGX_000489,instagram,DdrB0eeCVkS,https://www.instagram.com/p/DdrB0eeCVkS/,"Inilah video terdekat Hulu Banjir Bandang Arosuka Solok. Total jarak aliran banjir bandang dari Kantor DPRD Kabupaten Solok menuju Hulu paling atas mencapai ± 5,6 Km. Tampak sama seperti kejadian banj",ib.hobbies,2026-09-24T13:53:14Z,banjir_sumatra,2026-09-29,18168937384407790,,False,df96a85b47,itu penyebab hujan asam efeknya batuan tanah bahkan di tumbuhan bersifat korosif terlebih setelah kemarau bberapa kali percobaan bikin hujan buatan,3,2026-09-24T19:14:59Z,
IGX_000490,instagram,DdrB0eeCVkS,https://www.instagram.com/p/DdrB0eeCVkS/,"Inilah video terdekat Hulu Banjir Bandang Arosuka Solok. Total jarak aliran banjir bandang dari Kantor DPRD Kabupaten Solok menuju Hulu paling atas mencapai ± 5,6 Km. Tampak sama seperti kejadian banj",ib.hobbies,2026-09-24T13:53:14Z,banjir_sumatra,2026-09-29,17993439362841026,,False,f53f25eb5d,awak yo sangat mengutuk keras penebangan hutan pohon di hutan ko tapi masyarakat harus caliak juo dk selalu nan galodo tu gara2 nebang pohon do memang tanah nyo tu se nan dk kuek nahan ayia urg indo ko lgsg manghukum kejadian dek suatu sebab se sekali banyak sebab ma sanak,139,2026-09-24T16:44:39Z,
IGX_000491,instagram,DdrB0eeCVkS,https://www.instagram.com/p/DdrB0eeCVkS/,"Inilah video terdekat Hulu Banjir Bandang Arosuka Solok. Total jarak aliran banjir bandang dari Kantor DPRD Kabupaten Solok menuju Hulu paling atas mencapai ± 5,6 Km. Tampak sama seperti kejadian banj",ib.hobbies,2026-09-24T13:53:14Z,banjir_sumatra,2026-09-29,17909751723498378,,False,f21930ae98,baa dak muncul ang kalera patang bakecek an galodo dek pembalakan hutan lah tambang ilegal lah ang kecek an iduik sawit tu di nagari dingin,90,2026-09-24T18:47:45Z,
IGX_000492,instagram,DdrB0eeCVkS,https://www.instagram.com/p/DdrB0eeCVkS/,"Inilah video terdekat Hulu Banjir Bandang Arosuka Solok. Total jarak aliran banjir bandang dari Kantor DPRD Kabupaten Solok menuju Hulu paling atas mencapai ± 5,6 Km. Tampak sama seperti kejadian banj",ib.hobbies,2026-09-24T13:53:14Z,banjir_sumatra,2026-09-29,18071731388735521,,False,15699679ef,yang bilang hutan di tebang itu orang bodoh yang sok tahu otak kosong hanya bermodal dengki tanpa ilmu pengetahuan banjir bandang di solok ini krna cuaca yang tidak stabil ketika kemarau kemarin sungai kering bahkan sawah pun ikut kering pas sekali nya hujan langsung deras sekali ini yang membuat kontur tanah tidak konsisten pohon pun tidak kuat menyerap air segitu byk nya dalam waktu singkat,1,2026-09-25T03:01:14Z,
IGX_000493,instagram,DdrB0eeCVkS,https://www.instagram.com/p/DdrB0eeCVkS/,"Inilah video terdekat Hulu Banjir Bandang Arosuka Solok. Total jarak aliran banjir bandang dari Kantor DPRD Kabupaten Solok menuju Hulu paling atas mencapai ± 5,6 Km. Tampak sama seperti kejadian banj",ib.hobbies,2026-09-24T13:53:14Z,banjir_sumatra,2026-09-29,18149622634555516,,False,cc59a7211f,oi angku nasional co caliak bana elok elok jo mato kapalo angku tuw ado tidak tambang ilegal ado nak ilegal logging ado nak urang baladang di titik bancano ko urang korban bnqcano alah susah susah batambah susah pula urang dek fitnah fitnah angku tuw karambia bakwceam lo urang korban ko penbang emas ilegal elok elok mincuang angku tuw mangecek nyari makan angku dari hasil fitnah karambia itu gunoe angku walhi sakolah tinggi tinggi untuk manfitnah urang nan kanai bancano kalau iyo angku manjago lingkungan baa kok indak angku kritik pesawat amerika nan rusak di bandara bim manga nyo di perairan sumatra barat tanpa konfirmasi apo nan nyetabar di lauik tuw atau2 di bukik2 sumatra barat ko sia nan ka tahu kalau iyo santiang angku telitilah manga bana pesawat amerika tuw baputa puta2 di nagari awak sampai rusak apo tujuannyo dan sia nan ma izin nan masuak ka nagari awak ko,36,2026-09-24T20:56:21Z,
IGX_000494,instagram,DdrB0eeCVkS,https://www.instagram.com/p/DdrB0eeCVkS/,"Inilah video terdekat Hulu Banjir Bandang Arosuka Solok. Total jarak aliran banjir bandang dari Kantor DPRD Kabupaten Solok menuju Hulu paling atas mencapai ± 5,6 Km. Tampak sama seperti kejadian banj",ib.hobbies,2026-09-24T13:53:14Z,banjir_sumatra,2026-09-29,18114774095091551,,False,f03958de40,alhamdulillah hutan sumbar masih lebat,0,2026-09-29T07:49:28Z,
IGX_000495,instagram,DdrB0eeCVkS,https://www.instagram.com/p/DdrB0eeCVkS/,"Inilah video terdekat Hulu Banjir Bandang Arosuka Solok. Total jarak aliran banjir bandang dari Kantor DPRD Kabupaten Solok menuju Hulu paling atas mencapai ± 5,6 Km. Tampak sama seperti kejadian banj",ib.hobbies,2026-09-24T13:53:14Z,banjir_sumatra,2026-09-29,18053830772805021,,False,f03958de40,hulunya di hutan lebat berarti banjir bandang bukan karena penebangan liar dong murni bencana alam,0,2026-09-29T07:45:38Z,
IGX_000496,instagram,DdrB0eeCVkS,https://www.instagram.com/p/DdrB0eeCVkS/,"Inilah video terdekat Hulu Banjir Bandang Arosuka Solok. Total jarak aliran banjir bandang dari Kantor DPRD Kabupaten Solok menuju Hulu paling atas mencapai ± 5,6 Km. Tampak sama seperti kejadian banj",ib.hobbies,2026-09-24T13:53:14Z,banjir_sumatra,2026-09-29,18009903740982137,,False,16dc240334,dari ma kayu kayu gadang yang turun tu da woi kita jaga alam alam jaga kita,0,2026-09-27T03:24:01Z,
IGX_000497,instagram,DdrB0eeCVkS,https://www.instagram.com/p/DdrB0eeCVkS/,"Inilah video terdekat Hulu Banjir Bandang Arosuka Solok. Total jarak aliran banjir bandang dari Kantor DPRD Kabupaten Solok menuju Hulu paling atas mencapai ± 5,6 Km. Tampak sama seperti kejadian banj",ib.hobbies,2026-09-24T13:53:14Z,banjir_sumatra,2026-09-29,17949384177272982,,False,3060e9063a,jangan kaget tiba2 ada sawit,0,2026-09-26T01:20:59Z,
IGX_000498,instagram,DdrB0eeCVkS,https://www.instagram.com/p/DdrB0eeCVkS/,"Inilah video terdekat Hulu Banjir Bandang Arosuka Solok. Total jarak aliran banjir bandang dari Kantor DPRD Kabupaten Solok menuju Hulu paling atas mencapai ± 5,6 Km. Tampak sama seperti kejadian banj",ib.hobbies,2026-09-24T13:53:14Z,banjir_sumatra,2026-09-29,18014411681747170,,False,54765d8b24,kabanyo di solok tu banyak ameh,0,2026-09-25T19:04:12Z,
IGX_000499,instagram,DdrB0eeCVkS,https://www.instagram.com/p/DdrB0eeCVkS/,"Inilah video terdekat Hulu Banjir Bandang Arosuka Solok. Total jarak aliran banjir bandang dari Kantor DPRD Kabupaten Solok menuju Hulu paling atas mencapai ± 5,6 Km. Tampak sama seperti kejadian banj",ib.hobbies,2026-09-24T13:53:14Z,banjir_sumatra,2026-09-29,18129210883606457,,False,029cc04bbc,tolonglah jaan salah menggunokan ayat iko lah di hulunyo bana caliaklah pepohonan tinggi se sabalik mmg ptg tu di solok kemarau lumayan lamo jadi tanah tu ratak ktiko hujan labek ptg tantu lunaknyo dan dak tatahan dek pohon2 tu lai lagian sawit2 jo disabuik maa ado sawit tumbuah di daerah dingin caliaklah dari hulu tu maa ado bekas2 pohon di tebang,0,2026-09-25T17:39:13Z,
IGX_000500,instagram,DdrB0eeCVkS,https://www.instagram.com/p/DdrB0eeCVkS/,"Inilah video terdekat Hulu Banjir Bandang Arosuka Solok. Total jarak aliran banjir bandang dari Kantor DPRD Kabupaten Solok menuju Hulu paling atas mencapai ± 5,6 Km. Tampak sama seperti kejadian banj",ib.hobbies,2026-09-24T13:53:14Z,banjir_sumatra,2026-09-29,18134312431630268,,False,28bf172cd9,jaga lestarikan alam libgkungan,0,2026-09-25T15:00:03Z,
IGX_000501,instagram,DdrB0eeCVkS,https://www.instagram.com/p/DdrB0eeCVkS/,"Inilah video terdekat Hulu Banjir Bandang Arosuka Solok. Total jarak aliran banjir bandang dari Kantor DPRD Kabupaten Solok menuju Hulu paling atas mencapai ± 5,6 Km. Tampak sama seperti kejadian banj",ib.hobbies,2026-09-24T13:53:14Z,banjir_sumatra,2026-09-29,18029970632912680,,False,5493e4b8b5,lah ada yang gundul tohh di atas nya ua pantas lah,0,2026-09-25T14:49:51Z,
IGX_000502,instagram,DdrB0eeCVkS,https://www.instagram.com/p/DdrB0eeCVkS/,"Inilah video terdekat Hulu Banjir Bandang Arosuka Solok. Total jarak aliran banjir bandang dari Kantor DPRD Kabupaten Solok menuju Hulu paling atas mencapai ± 5,6 Km. Tampak sama seperti kejadian banj",ib.hobbies,2026-09-24T13:53:14Z,banjir_sumatra,2026-09-29,18016786730841707,,False,0f5cee09b2,anjiang gilo ang baco komen nn paliang ateh tu idiot aa,0,2026-09-25T14:06:19Z,
IGX_000503,instagram,DdrB0eeCVkS,https://www.instagram.com/p/DdrB0eeCVkS/,"Inilah video terdekat Hulu Banjir Bandang Arosuka Solok. Total jarak aliran banjir bandang dari Kantor DPRD Kabupaten Solok menuju Hulu paling atas mencapai ± 5,6 Km. Tampak sama seperti kejadian banj",ib.hobbies,2026-09-24T13:53:14Z,banjir_sumatra,2026-09-29,17882865051623996,,False,90bf3983d1,setiap bencana pasti allah punya maksud allah sdg menegur kita semua nya,0,2026-09-25T12:15:43Z,
IGX_000504,instagram,DdrB0eeCVkS,https://www.instagram.com/p/DdrB0eeCVkS/,"Inilah video terdekat Hulu Banjir Bandang Arosuka Solok. Total jarak aliran banjir bandang dari Kantor DPRD Kabupaten Solok menuju Hulu paling atas mencapai ± 5,6 Km. Tampak sama seperti kejadian banj",ib.hobbies,2026-09-24T13:53:14Z,banjir_sumatra,2026-09-29,18089882090475196,,False,97f8332dea,sepertinya vegetasinya masih alami belum terganggu ya,0,2026-09-25T12:00:24Z,
IGX_000505,instagram,DdrB0eeCVkS,https://www.instagram.com/p/DdrB0eeCVkS/,"Inilah video terdekat Hulu Banjir Bandang Arosuka Solok. Total jarak aliran banjir bandang dari Kantor DPRD Kabupaten Solok menuju Hulu paling atas mencapai ± 5,6 Km. Tampak sama seperti kejadian banj",ib.hobbies,2026-09-24T13:53:14Z,banjir_sumatra,2026-09-29,18149301250553788,,False,acbc594367,ini ulah brengsek para bajingan di daerah itu,0,2026-09-25T11:41:18Z,
IGX_000506,instagram,DdrB0eeCVkS,https://www.instagram.com/p/DdrB0eeCVkS/,"Inilah video terdekat Hulu Banjir Bandang Arosuka Solok. Total jarak aliran banjir bandang dari Kantor DPRD Kabupaten Solok menuju Hulu paling atas mencapai ± 5,6 Km. Tampak sama seperti kejadian banj",ib.hobbies,2026-09-24T13:53:14Z,banjir_sumatra,2026-09-29,17907810573511352,,False,a5f4665bf1,batuah patang di tuduah dek orang penabangan hutan kiro nyo baa,0,2026-09-25T11:40:14Z,
IGX_000507,instagram,DdrB0eeCVkS,https://www.instagram.com/p/DdrB0eeCVkS/,"Inilah video terdekat Hulu Banjir Bandang Arosuka Solok. Total jarak aliran banjir bandang dari Kantor DPRD Kabupaten Solok menuju Hulu paling atas mencapai ± 5,6 Km. Tampak sama seperti kejadian banj",ib.hobbies,2026-09-24T13:53:14Z,banjir_sumatra,2026-09-29,18128208910682417,,False,ba08a68ca0,polisi sna tutup mata uang makan dri sana biar bisa hidup,0,2026-09-25T11:34:03Z,
IGX_000508,instagram,DdrB0eeCVkS,https://www.instagram.com/p/DdrB0eeCVkS/,"Inilah video terdekat Hulu Banjir Bandang Arosuka Solok. Total jarak aliran banjir bandang dari Kantor DPRD Kabupaten Solok menuju Hulu paling atas mencapai ± 5,6 Km. Tampak sama seperti kejadian banj",ib.hobbies,2026-09-24T13:53:14Z,banjir_sumatra,2026-09-29,18086538896282176,,False,8c89ca836e,apakah aliran sungai kuno,0,2026-09-25T10:08:06Z,
IGX_000509,instagram,DdrB0eeCVkS,https://www.instagram.com/p/DdrB0eeCVkS/,"Inilah video terdekat Hulu Banjir Bandang Arosuka Solok. Total jarak aliran banjir bandang dari Kantor DPRD Kabupaten Solok menuju Hulu paling atas mencapai ± 5,6 Km. Tampak sama seperti kejadian banj",ib.hobbies,2026-09-24T13:53:14Z,banjir_sumatra,2026-09-29,17959631478238803,,False,8979246fe9,ado urang menurunkan hujan di situ mungkin bacurahan gadang se,0,2026-09-25T10:07:06Z,
IGX_000510,instagram,DdrB0eeCVkS,https://www.instagram.com/p/DdrB0eeCVkS/,"Inilah video terdekat Hulu Banjir Bandang Arosuka Solok. Total jarak aliran banjir bandang dari Kantor DPRD Kabupaten Solok menuju Hulu paling atas mencapai ± 5,6 Km. Tampak sama seperti kejadian banj",ib.hobbies,2026-09-24T13:53:14Z,banjir_sumatra,2026-09-29,18014740520746816,,False,1226cd1e5f,itu di akhir video perambahan itu ada bekas lahan dibakar dan sebelahnya kemungkinan sudah jadi ladang,0,2026-09-25T09:54:48Z,
IGX_000511,instagram,DdrB0eeCVkS,https://www.instagram.com/p/DdrB0eeCVkS/,"Inilah video terdekat Hulu Banjir Bandang Arosuka Solok. Total jarak aliran banjir bandang dari Kantor DPRD Kabupaten Solok menuju Hulu paling atas mencapai ± 5,6 Km. Tampak sama seperti kejadian banj",ib.hobbies,2026-09-24T13:53:14Z,banjir_sumatra,2026-09-29,17903970900569129,,False,a78e25584c,seperti beberapa waktu lalu di gunung burangrang cisarua bandung ini karena curah hujan tinggi tanahnya jenuh air jadi longsoran dari hampir di titik teratas gunung bahkan dari jembatan layang pintu tol padalarang terlihat sekali dia longsor hampir dadi puncak melihat yang di sumbar ini juga hampir dari titik puncak ya,0,2026-09-25T09:24:34Z,
IGX_000512,instagram,DdrB0eeCVkS,https://www.instagram.com/p/DdrB0eeCVkS/,"Inilah video terdekat Hulu Banjir Bandang Arosuka Solok. Total jarak aliran banjir bandang dari Kantor DPRD Kabupaten Solok menuju Hulu paling atas mencapai ± 5,6 Km. Tampak sama seperti kejadian banj",ib.hobbies,2026-09-24T13:53:14Z,banjir_sumatra,2026-09-29,17978889273105791,,False,3d093406c8,polhut itu kerjanya apa sih serius nanya,0,2026-09-25T09:22:20Z,
IGX_000513,instagram,DdrB0eeCVkS,https://www.instagram.com/p/DdrB0eeCVkS/,"Inilah video terdekat Hulu Banjir Bandang Arosuka Solok. Total jarak aliran banjir bandang dari Kantor DPRD Kabupaten Solok menuju Hulu paling atas mencapai ± 5,6 Km. Tampak sama seperti kejadian banj",ib.hobbies,2026-09-24T13:53:14Z,banjir_sumatra,2026-09-29,18409933387094616,,False,34f6fcd7ff,ado kjdian cctv dikantua mah dulu tuh,0,2026-09-25T08:40:15Z,
IGX_000514,instagram,DdrB0eeCVkS,https://www.instagram.com/p/DdrB0eeCVkS/,"Inilah video terdekat Hulu Banjir Bandang Arosuka Solok. Total jarak aliran banjir bandang dari Kantor DPRD Kabupaten Solok menuju Hulu paling atas mencapai ± 5,6 Km. Tampak sama seperti kejadian banj",ib.hobbies,2026-09-24T13:53:14Z,banjir_sumatra,2026-09-29,17945569062308395,,False,ae53742acd,ma urang yang ngecek buka lahan baru tu nyoh tolong tag akunnyo cek,0,2026-09-25T07:09:25Z,
IGX_000515,instagram,DdrB0eeCVkS,https://www.instagram.com/p/DdrB0eeCVkS/,"Inilah video terdekat Hulu Banjir Bandang Arosuka Solok. Total jarak aliran banjir bandang dari Kantor DPRD Kabupaten Solok menuju Hulu paling atas mencapai ± 5,6 Km. Tampak sama seperti kejadian banj",ib.hobbies,2026-09-24T13:53:14Z,banjir_sumatra,2026-09-29,17924643372424783,,False,25b48d5a0c,jan di rusak juo alam tu,0,2026-09-25T06:48:39Z,
IGX_000516,instagram,DdrB0eeCVkS,https://www.instagram.com/p/DdrB0eeCVkS/,"Inilah video terdekat Hulu Banjir Bandang Arosuka Solok. Total jarak aliran banjir bandang dari Kantor DPRD Kabupaten Solok menuju Hulu paling atas mencapai ± 5,6 Km. Tampak sama seperti kejadian banj",ib.hobbies,2026-09-24T13:53:14Z,banjir_sumatra,2026-09-29,18013815785749307,,False,be10600494,kami nan tinga di tapi lauik urnag banyak pindah dek takuik stunami ruponyo nan jauh dri lauik galodo lo musibahnyo sia nan ka manyangko daerah nan tingi bisa kanai banjir lo,0,2026-09-25T06:34:46Z,
IGX_000517,instagram,DdrB0eeCVkS,https://www.instagram.com/p/DdrB0eeCVkS/,"Inilah video terdekat Hulu Banjir Bandang Arosuka Solok. Total jarak aliran banjir bandang dari Kantor DPRD Kabupaten Solok menuju Hulu paling atas mencapai ± 5,6 Km. Tampak sama seperti kejadian banj",ib.hobbies,2026-09-24T13:53:14Z,banjir_sumatra,2026-09-29,17948742135055805,,False,35c5b32c3e,padohal hutan nyo masih banyak batang kayu yang gadang2,0,2026-09-25T06:23:22Z,
IGX_000518,instagram,DdrB0eeCVkS,https://www.instagram.com/p/DdrB0eeCVkS/,"Inilah video terdekat Hulu Banjir Bandang Arosuka Solok. Total jarak aliran banjir bandang dari Kantor DPRD Kabupaten Solok menuju Hulu paling atas mencapai ± 5,6 Km. Tampak sama seperti kejadian banj",ib.hobbies,2026-09-24T13:53:14Z,banjir_sumatra,2026-09-29,17903848743569183,,False,b955082caa,semoga solok bangkit kembali,0,2026-09-25T06:01:03Z,
IGX_000519,instagram,DdrB0eeCVkS,https://www.instagram.com/p/DdrB0eeCVkS/,"Inilah video terdekat Hulu Banjir Bandang Arosuka Solok. Total jarak aliran banjir bandang dari Kantor DPRD Kabupaten Solok menuju Hulu paling atas mencapai ± 5,6 Km. Tampak sama seperti kejadian banj",ib.hobbies,2026-09-24T13:53:14Z,banjir_sumatra,2026-09-29,18136442926724247,,False,82abaec719,yang kemaren bahas ada tumpukan kayu yang di bawa arus bayangin ajaa tol alirannya lewat bukit yang dipenuhin pohon yakali tidak ada pohon metong di sana gosah berlebihan lah narasinya tol,0,2026-09-25T05:34:52Z,
IGX_000520,instagram,DdrB0eeCVkS,https://www.instagram.com/p/DdrB0eeCVkS/,"Inilah video terdekat Hulu Banjir Bandang Arosuka Solok. Total jarak aliran banjir bandang dari Kantor DPRD Kabupaten Solok menuju Hulu paling atas mencapai ± 5,6 Km. Tampak sama seperti kejadian banj",ib.hobbies,2026-09-24T13:53:14Z,banjir_sumatra,2026-09-29,18104258105209517,,False,415e99b76c,mato mano mato caliek lah dak hutan kami gundul do galodo murni becana alam bukan ulah urg kampuang,0,2026-09-25T05:25:06Z,
IGX_000521,instagram,DdrB0eeCVkS,https://www.instagram.com/p/DdrB0eeCVkS/,"Inilah video terdekat Hulu Banjir Bandang Arosuka Solok. Total jarak aliran banjir bandang dari Kantor DPRD Kabupaten Solok menuju Hulu paling atas mencapai ± 5,6 Km. Tampak sama seperti kejadian banj",ib.hobbies,2026-09-24T13:53:14Z,banjir_sumatra,2026-09-29,18149698678529831,,False,b316b2a4a2,min mohon info min pas kejadian galodo ko kami siang sebelum kejadian jln k padang min tampak dk kami di ateh bukik tu takah ado kebakaran taba asoknyo apo iyo kebakaran di bukik sekitaran situ siang tu min ado yang tahu sanak,0,2026-09-25T05:22:27Z,
IGX_000522,instagram,DdrB0eeCVkS,https://www.instagram.com/p/DdrB0eeCVkS/,"Inilah video terdekat Hulu Banjir Bandang Arosuka Solok. Total jarak aliran banjir bandang dari Kantor DPRD Kabupaten Solok menuju Hulu paling atas mencapai ± 5,6 Km. Tampak sama seperti kejadian banj",ib.hobbies,2026-09-24T13:53:14Z,banjir_sumatra,2026-09-29,18085704179296953,,False,1e1e18cb72,bisa d buek tmbang ameh ma tngga bawa dompeng se lai,0,2026-09-25T04:47:43Z,
IGX_000523,instagram,DdrB0eeCVkS,https://www.instagram.com/p/DdrB0eeCVkS/,"Inilah video terdekat Hulu Banjir Bandang Arosuka Solok. Total jarak aliran banjir bandang dari Kantor DPRD Kabupaten Solok menuju Hulu paling atas mencapai ± 5,6 Km. Tampak sama seperti kejadian banj",ib.hobbies,2026-09-24T13:53:14Z,banjir_sumatra,2026-09-29,17875647666633210,,False,846cd77056,lokasinya bukan hutan gundul,0,2026-09-25T04:29:43Z,
IGX_000524,instagram,DdrB0eeCVkS,https://www.instagram.com/p/DdrB0eeCVkS/,"Inilah video terdekat Hulu Banjir Bandang Arosuka Solok. Total jarak aliran banjir bandang dari Kantor DPRD Kabupaten Solok menuju Hulu paling atas mencapai ± 5,6 Km. Tampak sama seperti kejadian banj",ib.hobbies,2026-09-24T13:53:14Z,banjir_sumatra,2026-09-29,18110521136164473,,False,2822a70856,loh bawa2 daerah sumbar indeks kualitas sdm nya posisi nasional diatas daerah2 lain seperti kalimantan dan indo timur bahkan diatas jawa barat termasuk teratasi di sumatra cuma kalah point dari kepulauan riau,0,2026-09-25T04:28:17Z,
IGX_000525,instagram,DdrB0eeCVkS,https://www.instagram.com/p/DdrB0eeCVkS/,"Inilah video terdekat Hulu Banjir Bandang Arosuka Solok. Total jarak aliran banjir bandang dari Kantor DPRD Kabupaten Solok menuju Hulu paling atas mencapai ± 5,6 Km. Tampak sama seperti kejadian banj",ib.hobbies,2026-09-24T13:53:14Z,banjir_sumatra,2026-09-29,17908706865310717,,False,8d9993b1eb,jatohnya fitnah kalian yang bilang sawit dan tambang kemaren fitnah lebih kejam dari pembunuhan fitnah,0,2026-09-25T04:26:27Z,
IGX_000526,instagram,DdrB0eeCVkS,https://www.instagram.com/p/DdrB0eeCVkS/,"Inilah video terdekat Hulu Banjir Bandang Arosuka Solok. Total jarak aliran banjir bandang dari Kantor DPRD Kabupaten Solok menuju Hulu paling atas mencapai ± 5,6 Km. Tampak sama seperti kejadian banj",ib.hobbies,2026-09-24T13:53:14Z,banjir_sumatra,2026-09-29,17980055562003693,,False,772e0014e5,yang bilang karena hutannya gundul tidak tuh,0,2026-09-25T04:06:57Z,
IGX_000527,instagram,DdrB0eeCVkS,https://www.instagram.com/p/DdrB0eeCVkS/,"Inilah video terdekat Hulu Banjir Bandang Arosuka Solok. Total jarak aliran banjir bandang dari Kantor DPRD Kabupaten Solok menuju Hulu paling atas mencapai ± 5,6 Km. Tampak sama seperti kejadian banj",ib.hobbies,2026-09-24T13:53:14Z,banjir_sumatra,2026-09-29,18118088270471759,,False,d72f8631e1,mana yang bilang sawit hutan gundul dan tambang provokator dan pengacau tangkao,0,2026-09-25T03:57:00Z,
IGX_000528,instagram,DdrB0eeCVkS,https://www.instagram.com/p/DdrB0eeCVkS/,"Inilah video terdekat Hulu Banjir Bandang Arosuka Solok. Total jarak aliran banjir bandang dari Kantor DPRD Kabupaten Solok menuju Hulu paling atas mencapai ± 5,6 Km. Tampak sama seperti kejadian banj",ib.hobbies,2026-09-24T13:53:14Z,banjir_sumatra,2026-09-29,18195309832393997,,False,9a37c2049c,mana kemarin yang suudzon ada tambang dan penebangan ilegal sesekali kita harus objektif masyarakat sekitar lebih tahu dengan keadaan daerah mereka,0,2026-09-25T03:09:06Z,
IGX_000529,instagram,DdrB0eeCVkS,https://www.instagram.com/p/DdrB0eeCVkS/,"Inilah video terdekat Hulu Banjir Bandang Arosuka Solok. Total jarak aliran banjir bandang dari Kantor DPRD Kabupaten Solok menuju Hulu paling atas mencapai ± 5,6 Km. Tampak sama seperti kejadian banj",ib.hobbies,2026-09-24T13:53:14Z,banjir_sumatra,2026-09-29,18059995946563386,,False,0ebee9b6ad,padahal cuma keliatan seuprit tapi efek nya se dasyat itu,0,2026-09-25T03:03:04Z,
IGX_000530,instagram,DdrB0eeCVkS,https://www.instagram.com/p/DdrB0eeCVkS/,"Inilah video terdekat Hulu Banjir Bandang Arosuka Solok. Total jarak aliran banjir bandang dari Kantor DPRD Kabupaten Solok menuju Hulu paling atas mencapai ± 5,6 Km. Tampak sama seperti kejadian banj",ib.hobbies,2026-09-24T13:53:14Z,banjir_sumatra,2026-09-29,18121225022480555,,False,c726a68a2c,allahu akbar alam murka allah memberi peringatan bumi ini bukanilik manusia sendiri,0,2026-09-25T02:54:16Z,
IGX_000531,instagram,DdrB0eeCVkS,https://www.instagram.com/p/DdrB0eeCVkS/,"Inilah video terdekat Hulu Banjir Bandang Arosuka Solok. Total jarak aliran banjir bandang dari Kantor DPRD Kabupaten Solok menuju Hulu paling atas mencapai ± 5,6 Km. Tampak sama seperti kejadian banj",ib.hobbies,2026-09-24T13:53:14Z,banjir_sumatra,2026-09-29,18058291607790847,,False,9e153e6109,jadi bukan karena isu pembukaan lahan yaa,0,2026-09-25T02:43:24Z,
IGX_000532,instagram,DdrB0eeCVkS,https://www.instagram.com/p/DdrB0eeCVkS/,"Inilah video terdekat Hulu Banjir Bandang Arosuka Solok. Total jarak aliran banjir bandang dari Kantor DPRD Kabupaten Solok menuju Hulu paling atas mencapai ± 5,6 Km. Tampak sama seperti kejadian banj",ib.hobbies,2026-09-24T13:53:14Z,banjir_sumatra,2026-09-29,17966259432189056,,False,fe85ac251a,buat sawiit pastinya sama orang2 pemburu rente mikirnya pndek rusaknya jangka panjang,0,2026-09-25T02:25:05Z,
IGX_000533,instagram,DdrB0eeCVkS,https://www.instagram.com/p/DdrB0eeCVkS/,"Inilah video terdekat Hulu Banjir Bandang Arosuka Solok. Total jarak aliran banjir bandang dari Kantor DPRD Kabupaten Solok menuju Hulu paling atas mencapai ± 5,6 Km. Tampak sama seperti kejadian banj",ib.hobbies,2026-09-24T13:53:14Z,banjir_sumatra,2026-09-29,18098626793242525,,False,97a652c0d1,kau tabangan drone kau sabalum mambuek statement stek lai ngaran di kau,0,2026-09-25T02:01:37Z,
IGX_000534,instagram,DdrB0eeCVkS,https://www.instagram.com/p/DdrB0eeCVkS/,"Inilah video terdekat Hulu Banjir Bandang Arosuka Solok. Total jarak aliran banjir bandang dari Kantor DPRD Kabupaten Solok menuju Hulu paling atas mencapai ± 5,6 Km. Tampak sama seperti kejadian banj",ib.hobbies,2026-09-24T13:53:14Z,banjir_sumatra,2026-09-29,18021689942714239,,False,42a4729439,mirip samo hulu galodo yang menimpa wilayah salingka danau maninjau ambo raso iko murni bencana alam,0,2026-09-25T01:56:25Z,
IGX_000535,instagram,DdrB0eeCVkS,https://www.instagram.com/p/DdrB0eeCVkS/,"Inilah video terdekat Hulu Banjir Bandang Arosuka Solok. Total jarak aliran banjir bandang dari Kantor DPRD Kabupaten Solok menuju Hulu paling atas mencapai ± 5,6 Km. Tampak sama seperti kejadian banj",ib.hobbies,2026-09-24T13:53:14Z,banjir_sumatra,2026-09-29,17964539142195195,,False,83219f5f69,semua kehendak allah,0,2026-09-25T01:48:21Z,
IGX_000536,instagram,DdrB0eeCVkS,https://www.instagram.com/p/DdrB0eeCVkS/,"Inilah video terdekat Hulu Banjir Bandang Arosuka Solok. Total jarak aliran banjir bandang dari Kantor DPRD Kabupaten Solok menuju Hulu paling atas mencapai ± 5,6 Km. Tampak sama seperti kejadian banj",ib.hobbies,2026-09-24T13:53:14Z,banjir_sumatra,2026-09-29,18029083973906458,,False,4191ae4239,tuntut yang mangecek karena hutan gundul pak,0,2026-09-25T01:31:07Z,
IGX_000537,instagram,DdrB0eeCVkS,https://www.instagram.com/p/DdrB0eeCVkS/,"Inilah video terdekat Hulu Banjir Bandang Arosuka Solok. Total jarak aliran banjir bandang dari Kantor DPRD Kabupaten Solok menuju Hulu paling atas mencapai ± 5,6 Km. Tampak sama seperti kejadian banj",ib.hobbies,2026-09-24T13:53:14Z,banjir_sumatra,2026-09-29,17934100962389439,,False,857827d939,keruk terus hingga tak tersisa hingga kalianpun binasa,0,2026-09-25T01:02:10Z,
IGX_000538,instagram,DdrB0eeCVkS,https://www.instagram.com/p/DdrB0eeCVkS/,"Inilah video terdekat Hulu Banjir Bandang Arosuka Solok. Total jarak aliran banjir bandang dari Kantor DPRD Kabupaten Solok menuju Hulu paling atas mencapai ± 5,6 Km. Tampak sama seperti kejadian banj",ib.hobbies,2026-09-24T13:53:14Z,banjir_sumatra,2026-09-29,17900227341376916,,False,ab0d4affda,hutannya rimbun tidak ada pembalakan liar sptnya,0,2026-09-25T00:51:05Z,
IGX_000539,instagram,DdrB0eeCVkS,https://www.instagram.com/p/DdrB0eeCVkS/,"Inilah video terdekat Hulu Banjir Bandang Arosuka Solok. Total jarak aliran banjir bandang dari Kantor DPRD Kabupaten Solok menuju Hulu paling atas mencapai ± 5,6 Km. Tampak sama seperti kejadian banj",ib.hobbies,2026-09-24T13:53:14Z,banjir_sumatra,2026-09-29,18112538750013880,,False,e643a6663c,yang bilang penebangan liar pasti tolol,0,2026-09-25T00:30:06Z,
IGX_000540,instagram,DdrB0eeCVkS,https://www.instagram.com/p/DdrB0eeCVkS/,"Inilah video terdekat Hulu Banjir Bandang Arosuka Solok. Total jarak aliran banjir bandang dari Kantor DPRD Kabupaten Solok menuju Hulu paling atas mencapai ± 5,6 Km. Tampak sama seperti kejadian banj",ib.hobbies,2026-09-24T13:53:14Z,banjir_sumatra,2026-09-29,18075417005446731,,False,7c7f5f6b0e,teguran tuhan ko,0,2026-09-25T00:19:02Z,
IGX_000541,instagram,DdrB0eeCVkS,https://www.instagram.com/p/DdrB0eeCVkS/,"Inilah video terdekat Hulu Banjir Bandang Arosuka Solok. Total jarak aliran banjir bandang dari Kantor DPRD Kabupaten Solok menuju Hulu paling atas mencapai ± 5,6 Km. Tampak sama seperti kejadian banj",ib.hobbies,2026-09-24T13:53:14Z,banjir_sumatra,2026-09-29,18127951391306824,,False,454861305d,kun fayakun tidak ada yang tidak mungkin bagi allah swt,0,2026-09-25T00:10:46Z,
IGX_000542,instagram,DdrB0eeCVkS,https://www.instagram.com/p/DdrB0eeCVkS/,"Inilah video terdekat Hulu Banjir Bandang Arosuka Solok. Total jarak aliran banjir bandang dari Kantor DPRD Kabupaten Solok menuju Hulu paling atas mencapai ± 5,6 Km. Tampak sama seperti kejadian banj",ib.hobbies,2026-09-24T13:53:14Z,banjir_sumatra,2026-09-29,17908712487547725,,False,c4e564a18f,hutannya masih lebat koq hanya karena faktor hujan yang berlebihan tidak dpat dtampung struktur tanahnya yang jelas allah izinkan terjadi banyak istighfar,0,2026-09-24T23:58:26Z,
IGX_000543,instagram,DdrB0eeCVkS,https://www.instagram.com/p/DdrB0eeCVkS/,"Inilah video terdekat Hulu Banjir Bandang Arosuka Solok. Total jarak aliran banjir bandang dari Kantor DPRD Kabupaten Solok menuju Hulu paling atas mencapai ± 5,6 Km. Tampak sama seperti kejadian banj",ib.hobbies,2026-09-24T13:53:14Z,banjir_sumatra,2026-09-29,18020085293923542,,False,a93cc3e60b,jelas masih alami yaa brti bukan pembalakan dsb,0,2026-09-24T23:53:49Z,
IGX_000544,instagram,DdrB0eeCVkS,https://www.instagram.com/p/DdrB0eeCVkS/,"Inilah video terdekat Hulu Banjir Bandang Arosuka Solok. Total jarak aliran banjir bandang dari Kantor DPRD Kabupaten Solok menuju Hulu paling atas mencapai ± 5,6 Km. Tampak sama seperti kejadian banj",ib.hobbies,2026-09-24T13:53:14Z,banjir_sumatra,2026-09-29,18116800625051708,,False,f695d1fc72,cara alam merawat diri,0,2026-09-24T23:49:51Z,
IGX_000545,instagram,DdrB0eeCVkS,https://www.instagram.com/p/DdrB0eeCVkS/,"Inilah video terdekat Hulu Banjir Bandang Arosuka Solok. Total jarak aliran banjir bandang dari Kantor DPRD Kabupaten Solok menuju Hulu paling atas mencapai ± 5,6 Km. Tampak sama seperti kejadian banj",ib.hobbies,2026-09-24T13:53:14Z,banjir_sumatra,2026-09-29,18098627483547439,,False,9109361187,mo nanya abgg2 itu keluar airnya dari mana ya soal nya bingung banget kok bisa ada air longsor paadahal ngk ada sungai lo,0,2026-09-24T23:48:34Z,
IGX_000546,instagram,DdrB0eeCVkS,https://www.instagram.com/p/DdrB0eeCVkS/,"Inilah video terdekat Hulu Banjir Bandang Arosuka Solok. Total jarak aliran banjir bandang dari Kantor DPRD Kabupaten Solok menuju Hulu paling atas mencapai ± 5,6 Km. Tampak sama seperti kejadian banj",ib.hobbies,2026-09-24T13:53:14Z,banjir_sumatra,2026-09-29,18093519875138813,,False,4bed6b6f01,maa yang comment gr2 tambang ameh patang nyo,0,2026-09-24T23:26:56Z,
IGX_000547,instagram,DdrB0eeCVkS,https://www.instagram.com/p/DdrB0eeCVkS/,"Inilah video terdekat Hulu Banjir Bandang Arosuka Solok. Total jarak aliran banjir bandang dari Kantor DPRD Kabupaten Solok menuju Hulu paling atas mencapai ± 5,6 Km. Tampak sama seperti kejadian banj",ib.hobbies,2026-09-24T13:53:14Z,banjir_sumatra,2026-09-29,18095982656435573,,False,677247c9da,tidak ada yang bilang batu hanyut punya siapa,0,2026-09-24T23:15:34Z,
IGX_000548,instagram,DdrB0eeCVkS,https://www.instagram.com/p/DdrB0eeCVkS/,"Inilah video terdekat Hulu Banjir Bandang Arosuka Solok. Total jarak aliran banjir bandang dari Kantor DPRD Kabupaten Solok menuju Hulu paling atas mencapai ± 5,6 Km. Tampak sama seperti kejadian banj",ib.hobbies,2026-09-24T13:53:14Z,banjir_sumatra,2026-09-29,18368066080241264,,False,30d5eba9da,trimakasih,0,2026-09-24T23:15:23Z,
IGX_000549,instagram,DdrB0eeCVkS,https://www.instagram.com/p/DdrB0eeCVkS/,"Inilah video terdekat Hulu Banjir Bandang Arosuka Solok. Total jarak aliran banjir bandang dari Kantor DPRD Kabupaten Solok menuju Hulu paling atas mencapai ± 5,6 Km. Tampak sama seperti kejadian banj",ib.hobbies,2026-09-24T13:53:14Z,banjir_sumatra,2026-09-29,17883093384687282,,False,92f0a02e9a,lapor gubernur sumbar wagub sumbar bupati,0,2026-09-24T22:40:56Z,
IGX_000550,instagram,DdrB0eeCVkS,https://www.instagram.com/p/DdrB0eeCVkS/,"Inilah video terdekat Hulu Banjir Bandang Arosuka Solok. Total jarak aliran banjir bandang dari Kantor DPRD Kabupaten Solok menuju Hulu paling atas mencapai ± 5,6 Km. Tampak sama seperti kejadian banj",ib.hobbies,2026-09-24T13:53:14Z,banjir_sumatra,2026-09-29,18111461488841691,,False,a3d83f178a,maa yang ngecek ado penebangan kalian lah badoso manuduah yang tidak2 ma muncuang kalian yang patang galak gadang tu,0,2026-09-24T20:48:10Z,
IGX_000551,instagram,DdrB0eeCVkS,https://www.instagram.com/p/DdrB0eeCVkS/,"Inilah video terdekat Hulu Banjir Bandang Arosuka Solok. Total jarak aliran banjir bandang dari Kantor DPRD Kabupaten Solok menuju Hulu paling atas mencapai ± 5,6 Km. Tampak sama seperti kejadian banj",ib.hobbies,2026-09-24T13:53:14Z,banjir_sumatra,2026-09-29,18113032721043203,,False,30fc1563f4,semoga sekeluarga aman sehat lancar dan barokah aamiin,0,2026-09-24T19:01:27Z,
IGX_000552,instagram,DdrB0eeCVkS,https://www.instagram.com/p/DdrB0eeCVkS/,"Inilah video terdekat Hulu Banjir Bandang Arosuka Solok. Total jarak aliran banjir bandang dari Kantor DPRD Kabupaten Solok menuju Hulu paling atas mencapai ± 5,6 Km. Tampak sama seperti kejadian banj",ib.hobbies,2026-09-24T13:53:14Z,banjir_sumatra,2026-09-29,18105308855211142,,False,c392cf69c4,sepertinya tidak ada peti dan ilegal loging,0,2026-09-24T17:39:51Z,
IGX_000553,instagram,DdrB0eeCVkS,https://www.instagram.com/p/DdrB0eeCVkS/,"Inilah video terdekat Hulu Banjir Bandang Arosuka Solok. Total jarak aliran banjir bandang dari Kantor DPRD Kabupaten Solok menuju Hulu paling atas mencapai ± 5,6 Km. Tampak sama seperti kejadian banj",ib.hobbies,2026-09-24T13:53:14Z,banjir_sumatra,2026-09-29,18108956495140396,,False,aeb6abe952,mana kemarin yang nyalah2in pemerintah kok hening fitnah itu dosanya besar loh,0,2026-09-24T17:10:35Z,
IGX_000554,instagram,DdrB0eeCVkS,https://www.instagram.com/p/DdrB0eeCVkS/,"Inilah video terdekat Hulu Banjir Bandang Arosuka Solok. Total jarak aliran banjir bandang dari Kantor DPRD Kabupaten Solok menuju Hulu paling atas mencapai ± 5,6 Km. Tampak sama seperti kejadian banj",ib.hobbies,2026-09-24T13:53:14Z,banjir_sumatra,2026-09-29,18389773450200940,,False,41ac3bda55,semoga kita semua selalu dalam lindungan allah swt,0,2026-09-24T17:09:33Z,
IGX_000555,instagram,DdrB0eeCVkS,https://www.instagram.com/p/DdrB0eeCVkS/,"Inilah video terdekat Hulu Banjir Bandang Arosuka Solok. Total jarak aliran banjir bandang dari Kantor DPRD Kabupaten Solok menuju Hulu paling atas mencapai ± 5,6 Km. Tampak sama seperti kejadian banj",ib.hobbies,2026-09-24T13:53:14Z,banjir_sumatra,2026-09-29,18116833342752784,,False,d52061c575,katanya ada sawit dikaki gunung,0,2026-09-24T16:46:55Z,
IGX_000556,instagram,DdrB0eeCVkS,https://www.instagram.com/p/DdrB0eeCVkS/,"Inilah video terdekat Hulu Banjir Bandang Arosuka Solok. Total jarak aliran banjir bandang dari Kantor DPRD Kabupaten Solok menuju Hulu paling atas mencapai ± 5,6 Km. Tampak sama seperti kejadian banj",ib.hobbies,2026-09-24T13:53:14Z,banjir_sumatra,2026-09-29,17974190069933723,,False,00187fd844,hampir aja mau nyalahin sawit,0,2026-09-24T16:41:17Z,
IGX_000557,instagram,DdrB0eeCVkS,https://www.instagram.com/p/DdrB0eeCVkS/,"Inilah video terdekat Hulu Banjir Bandang Arosuka Solok. Total jarak aliran banjir bandang dari Kantor DPRD Kabupaten Solok menuju Hulu paling atas mencapai ± 5,6 Km. Tampak sama seperti kejadian banj",ib.hobbies,2026-09-24T13:53:14Z,banjir_sumatra,2026-09-29,18090186341392289,,False,aa119e2e00,yang vidioin keren banget,0,2026-09-24T16:38:04Z,
IGX_000558,instagram,DdrB0eeCVkS,https://www.instagram.com/p/DdrB0eeCVkS/,"Inilah video terdekat Hulu Banjir Bandang Arosuka Solok. Total jarak aliran banjir bandang dari Kantor DPRD Kabupaten Solok menuju Hulu paling atas mencapai ± 5,6 Km. Tampak sama seperti kejadian banj",ib.hobbies,2026-09-24T13:53:14Z,banjir_sumatra,2026-09-29,18154119622517489,,False,923766cdaa,a beko adotu yang manyabuik penebangan liar sagalo macam,0,2026-09-24T16:32:06Z,
IGX_000559,instagram,DdrB0eeCVkS,https://www.instagram.com/p/DdrB0eeCVkS/,"Inilah video terdekat Hulu Banjir Bandang Arosuka Solok. Total jarak aliran banjir bandang dari Kantor DPRD Kabupaten Solok menuju Hulu paling atas mencapai ± 5,6 Km. Tampak sama seperti kejadian banj",ib.hobbies,2026-09-24T13:53:14Z,banjir_sumatra,2026-09-29,17923457643423375,,False,84bd88ed24,katanya akar pohon mengikat tanah,0,2026-09-24T16:27:55Z,
IGX_000560,instagram,DdrB0eeCVkS,https://www.instagram.com/p/DdrB0eeCVkS/,"Inilah video terdekat Hulu Banjir Bandang Arosuka Solok. Total jarak aliran banjir bandang dari Kantor DPRD Kabupaten Solok menuju Hulu paling atas mencapai ± 5,6 Km. Tampak sama seperti kejadian banj",ib.hobbies,2026-09-24T13:53:14Z,banjir_sumatra,2026-09-29,17869642083643499,,False,9cb7547910,ini,0,2026-09-24T16:10:22Z,
IGX_000561,instagram,Dd2SQsGB4Lm,https://www.instagram.com/p/Dd2SQsGB4Lm/,"Benarkah kondisi karhutla di Kalimantan masih bisa disebut normal? Coba lihat gambaran dari udara ini! Pada 23 September 2026, Kepala BNPB Suharyanto melaporkan dalam rapat terbatas bersama Presiden b",sumardionogeologist7,2026-09-28T22:44:19Z,karhutla_kalimantan,2026-09-29,18079476419706584,,False,97041634f0,adain yuk berdo a berjamaah di pekan sari semoga pejabat matinya susah bumi nolak zasadnya semoga hidupnya selalu banyak cobaan hidup amin,0,2026-09-29T12:35:43Z,
IGX_000562,instagram,Dd2SQsGB4Lm,https://www.instagram.com/p/Dd2SQsGB4Lm/,"Benarkah kondisi karhutla di Kalimantan masih bisa disebut normal? Coba lihat gambaran dari udara ini! Pada 23 September 2026, Kepala BNPB Suharyanto melaporkan dalam rapat terbatas bersama Presiden b",sumardionogeologist7,2026-09-28T22:44:19Z,karhutla_kalimantan,2026-09-29,18125592659480159,,False,b926852cfa,habis kebakaran tumbuhlah sawit,0,2026-09-29T12:35:40Z,
IGX_000563,instagram,Dd2SQsGB4Lm,https://www.instagram.com/p/Dd2SQsGB4Lm/,"Benarkah kondisi karhutla di Kalimantan masih bisa disebut normal? Coba lihat gambaran dari udara ini! Pada 23 September 2026, Kepala BNPB Suharyanto melaporkan dalam rapat terbatas bersama Presiden b",sumardionogeologist7,2026-09-28T22:44:19Z,karhutla_kalimantan,2026-09-29,18103818653365593,,False,dbb31f7418,maksudnya normal buat di tanami sawit jadi tolong jangan di plesetkan,0,2026-09-29T12:35:29Z,
IGX_000564,instagram,Dd2SQsGB4Lm,https://www.instagram.com/p/Dd2SQsGB4Lm/,"Benarkah kondisi karhutla di Kalimantan masih bisa disebut normal? Coba lihat gambaran dari udara ini! Pada 23 September 2026, Kepala BNPB Suharyanto melaporkan dalam rapat terbatas bersama Presiden b",sumardionogeologist7,2026-09-28T22:44:19Z,karhutla_kalimantan,2026-09-29,18175141135453871,,False,11ec451a0c,miriss,0,2026-09-29T12:35:23Z,
IGX_000565,instagram,Dd2SQsGB4Lm,https://www.instagram.com/p/Dd2SQsGB4Lm/,"Benarkah kondisi karhutla di Kalimantan masih bisa disebut normal? Coba lihat gambaran dari udara ini! Pada 23 September 2026, Kepala BNPB Suharyanto melaporkan dalam rapat terbatas bersama Presiden b",sumardionogeologist7,2026-09-28T22:44:19Z,karhutla_kalimantan,2026-09-29,18124533451844402,,False,2923f816cb,bentar lagi hamparan tanaman sawit akan menghijaukan lahan yang terbakar,0,2026-09-29T12:35:14Z,
IGX_000566,instagram,Dd2SQsGB4Lm,https://www.instagram.com/p/Dd2SQsGB4Lm/,"Benarkah kondisi karhutla di Kalimantan masih bisa disebut normal? Coba lihat gambaran dari udara ini! Pada 23 September 2026, Kepala BNPB Suharyanto melaporkan dalam rapat terbatas bersama Presiden b",sumardionogeologist7,2026-09-28T22:44:19Z,karhutla_kalimantan,2026-09-29,18012403805951444,,False,b36edea720,presidennya aj yang tidak pinter sori ye,0,2026-09-29T12:34:52Z,
IGX_000567,instagram,Dd2SQsGB4Lm,https://www.instagram.com/p/Dd2SQsGB4Lm/,"Benarkah kondisi karhutla di Kalimantan masih bisa disebut normal? Coba lihat gambaran dari udara ini! Pada 23 September 2026, Kepala BNPB Suharyanto melaporkan dalam rapat terbatas bersama Presiden b",sumardionogeologist7,2026-09-28T22:44:19Z,karhutla_kalimantan,2026-09-29,18440236537194490,,False,de50fdf2a2,itu normal bagi orang2 yang abnormal tahu,0,2026-09-29T12:34:46Z,
IGX_000568,instagram,Dd2SQsGB4Lm,https://www.instagram.com/p/Dd2SQsGB4Lm/,"Benarkah kondisi karhutla di Kalimantan masih bisa disebut normal? Coba lihat gambaran dari udara ini! Pada 23 September 2026, Kepala BNPB Suharyanto melaporkan dalam rapat terbatas bersama Presiden b",sumardionogeologist7,2026-09-28T22:44:19Z,karhutla_kalimantan,2026-09-29,18127763356797781,,False,0a63f89732,mas krm langsung ke pak prabowo biar dia melihat sendiri kejahatan yang dilakukan oleh orang yang tidak bertanggung jwab seprti ini,0,2026-09-29T12:34:23Z,
IGX_000569,instagram,Dd2SQsGB4Lm,https://www.instagram.com/p/Dd2SQsGB4Lm/,"Benarkah kondisi karhutla di Kalimantan masih bisa disebut normal? Coba lihat gambaran dari udara ini! Pada 23 September 2026, Kepala BNPB Suharyanto melaporkan dalam rapat terbatas bersama Presiden b",sumardionogeologist7,2026-09-28T22:44:19Z,karhutla_kalimantan,2026-09-29,18078123335401810,,False,30eb680a95,wowo mantap rencana gua berjalan lancar,0,2026-09-29T12:33:55Z,
IGX_000570,instagram,Dd2SQsGB4Lm,https://www.instagram.com/p/Dd2SQsGB4Lm/,"Benarkah kondisi karhutla di Kalimantan masih bisa disebut normal? Coba lihat gambaran dari udara ini! Pada 23 September 2026, Kepala BNPB Suharyanto melaporkan dalam rapat terbatas bersama Presiden b",sumardionogeologist7,2026-09-28T22:44:19Z,karhutla_kalimantan,2026-09-29,17993290022841370,,False,64d01fdf18,belajar dari keslaahan ya adik adik besok milih presiden jangan modal jogat joget gemoy yang rasain efek nya kalau salah milih bukan diri sendiri aja,0,2026-09-29T12:33:54Z,
IGX_000571,instagram,Dd2SQsGB4Lm,https://www.instagram.com/p/Dd2SQsGB4Lm/,"Benarkah kondisi karhutla di Kalimantan masih bisa disebut normal? Coba lihat gambaran dari udara ini! Pada 23 September 2026, Kepala BNPB Suharyanto melaporkan dalam rapat terbatas bersama Presiden b",sumardionogeologist7,2026-09-28T22:44:19Z,karhutla_kalimantan,2026-09-29,18329657920273126,,False,59bc1c79d4,pungsi presiden dan pejabat apa emangnya ngatur bansos sama apbn doang selebihnya buat memperkaya diri mereka dan kekuasaan indonesia tidak sehat pemerintahannya,0,2026-09-29T12:33:42Z,
IGX_000572,instagram,Dd2SQsGB4Lm,https://www.instagram.com/p/Dd2SQsGB4Lm/,"Benarkah kondisi karhutla di Kalimantan masih bisa disebut normal? Coba lihat gambaran dari udara ini! Pada 23 September 2026, Kepala BNPB Suharyanto melaporkan dalam rapat terbatas bersama Presiden b",sumardionogeologist7,2026-09-28T22:44:19Z,karhutla_kalimantan,2026-09-29,18148929292551888,,False,36d75f33bf,besok periksa mata itu mata masih katarak apa sudah buta berbicara tidak sesuai dengan penglihatan gue tanya ini kalian kan punya anak anak kalian di ajarkan oleh kalian kejujuran atau kebohongan,0,2026-09-29T12:33:37Z,
IGX_000573,instagram,Dd2SQsGB4Lm,https://www.instagram.com/p/Dd2SQsGB4Lm/,"Benarkah kondisi karhutla di Kalimantan masih bisa disebut normal? Coba lihat gambaran dari udara ini! Pada 23 September 2026, Kepala BNPB Suharyanto melaporkan dalam rapat terbatas bersama Presiden b",sumardionogeologist7,2026-09-28T22:44:19Z,karhutla_kalimantan,2026-09-29,18394405555205194,,False,3b96c20f62,akan kembali hijau tapi hijau pohon sawit,0,2026-09-29T12:33:21Z,
IGX_000574,instagram,Dd2SQsGB4Lm,https://www.instagram.com/p/Dd2SQsGB4Lm/,"Benarkah kondisi karhutla di Kalimantan masih bisa disebut normal? Coba lihat gambaran dari udara ini! Pada 23 September 2026, Kepala BNPB Suharyanto melaporkan dalam rapat terbatas bersama Presiden b",sumardionogeologist7,2026-09-28T22:44:19Z,karhutla_kalimantan,2026-09-29,17944074858347807,,False,b2702da42a,duh kenapa di posting vidionya bahaya kalau ketahuan pria sawit,1,2026-09-29T12:33:09Z,
IGX_000575,instagram,Dd2SQsGB4Lm,https://www.instagram.com/p/Dd2SQsGB4Lm/,"Benarkah kondisi karhutla di Kalimantan masih bisa disebut normal? Coba lihat gambaran dari udara ini! Pada 23 September 2026, Kepala BNPB Suharyanto melaporkan dalam rapat terbatas bersama Presiden b",sumardionogeologist7,2026-09-28T22:44:19Z,karhutla_kalimantan,2026-09-29,18090814358450314,,False,a25a197afb,bnpb sebut normal karena siap untuk ditanami sawi,0,2026-09-29T12:33:04Z,
IGX_000576,instagram,Dd2SQsGB4Lm,https://www.instagram.com/p/Dd2SQsGB4Lm/,"Benarkah kondisi karhutla di Kalimantan masih bisa disebut normal? Coba lihat gambaran dari udara ini! Pada 23 September 2026, Kepala BNPB Suharyanto melaporkan dalam rapat terbatas bersama Presiden b",sumardionogeologist7,2026-09-28T22:44:19Z,karhutla_kalimantan,2026-09-29,17885875311623658,,False,11e5186567,normal pala lu urus itu kalimantan,0,2026-09-29T12:32:32Z,
IGX_000577,instagram,Dd2SQsGB4Lm,https://www.instagram.com/p/Dd2SQsGB4Lm/,"Benarkah kondisi karhutla di Kalimantan masih bisa disebut normal? Coba lihat gambaran dari udara ini! Pada 23 September 2026, Kepala BNPB Suharyanto melaporkan dalam rapat terbatas bersama Presiden b",sumardionogeologist7,2026-09-28T22:44:19Z,karhutla_kalimantan,2026-09-29,18073867661736736,,False,77314e14fa,lapor aman pak,0,2026-09-29T12:31:53Z,
IGX_000578,instagram,Dd2SQsGB4Lm,https://www.instagram.com/p/Dd2SQsGB4Lm/,"Benarkah kondisi karhutla di Kalimantan masih bisa disebut normal? Coba lihat gambaran dari udara ini! Pada 23 September 2026, Kepala BNPB Suharyanto melaporkan dalam rapat terbatas bersama Presiden b",sumardionogeologist7,2026-09-28T22:44:19Z,karhutla_kalimantan,2026-09-29,18013336622957567,,False,531dcfa02d,mentrinya ngapusi instansinya asal lapor presiden nya tidak peduli yaudah mau ngarep apalagi,0,2026-09-29T12:31:15Z,
IGX_000579,instagram,Dd2SQsGB4Lm,https://www.instagram.com/p/Dd2SQsGB4Lm/,"Benarkah kondisi karhutla di Kalimantan masih bisa disebut normal? Coba lihat gambaran dari udara ini! Pada 23 September 2026, Kepala BNPB Suharyanto melaporkan dalam rapat terbatas bersama Presiden b",sumardionogeologist7,2026-09-28T22:44:19Z,karhutla_kalimantan,2026-09-29,18118059364944405,,False,f17b172163,presiden tidak mau tahu faktanya karena memang sudah tahu dan punya lahan disana,0,2026-09-29T12:30:43Z,
IGX_000580,instagram,Dd2SQsGB4Lm,https://www.instagram.com/p/Dd2SQsGB4Lm/,"Benarkah kondisi karhutla di Kalimantan masih bisa disebut normal? Coba lihat gambaran dari udara ini! Pada 23 September 2026, Kepala BNPB Suharyanto melaporkan dalam rapat terbatas bersama Presiden b",sumardionogeologist7,2026-09-28T22:44:19Z,karhutla_kalimantan,2026-09-29,17912173629283840,,False,be6d7c6876,presiden di buat dongo terus sama para menteri nya yang koplak,0,2026-09-29T12:29:38Z,
IGX_000581,instagram,Dd2SQsGB4Lm,https://www.instagram.com/p/Dd2SQsGB4Lm/,"Benarkah kondisi karhutla di Kalimantan masih bisa disebut normal? Coba lihat gambaran dari udara ini! Pada 23 September 2026, Kepala BNPB Suharyanto melaporkan dalam rapat terbatas bersama Presiden b",sumardionogeologist7,2026-09-28T22:44:19Z,karhutla_kalimantan,2026-09-29,18128613559794738,,False,a008ec5a46,liat wok liat,0,2026-09-29T12:29:08Z,
IGX_000582,instagram,Dd2SQsGB4Lm,https://www.instagram.com/p/Dd2SQsGB4Lm/,"Benarkah kondisi karhutla di Kalimantan masih bisa disebut normal? Coba lihat gambaran dari udara ini! Pada 23 September 2026, Kepala BNPB Suharyanto melaporkan dalam rapat terbatas bersama Presiden b",sumardionogeologist7,2026-09-28T22:44:19Z,karhutla_kalimantan,2026-09-29,18117444572070190,,False,54f632f997,negeri yang indah di hancurkan orang yang tidak bertanggung jawab,0,2026-09-29T12:29:01Z,
IGX_000583,instagram,Dd2SQsGB4Lm,https://www.instagram.com/p/Dd2SQsGB4Lm/,"Benarkah kondisi karhutla di Kalimantan masih bisa disebut normal? Coba lihat gambaran dari udara ini! Pada 23 September 2026, Kepala BNPB Suharyanto melaporkan dalam rapat terbatas bersama Presiden b",sumardionogeologist7,2026-09-28T22:44:19Z,karhutla_kalimantan,2026-09-29,17869753923648161,,False,cd90706290,normal pala lu wo yang normal hanya badan mu yang gembul,0,2026-09-29T12:28:58Z,
IGX_000584,instagram,Dd2SQsGB4Lm,https://www.instagram.com/p/Dd2SQsGB4Lm/,"Benarkah kondisi karhutla di Kalimantan masih bisa disebut normal? Coba lihat gambaran dari udara ini! Pada 23 September 2026, Kepala BNPB Suharyanto melaporkan dalam rapat terbatas bersama Presiden b",sumardionogeologist7,2026-09-28T22:44:19Z,karhutla_kalimantan,2026-09-29,18127431712878936,,False,11602fdae8,kalau laporan yang jelek2 takut dipecat,0,2026-09-29T12:28:56Z,
IGX_000585,instagram,Dd2SQsGB4Lm,https://www.instagram.com/p/Dd2SQsGB4Lm/,"Benarkah kondisi karhutla di Kalimantan masih bisa disebut normal? Coba lihat gambaran dari udara ini! Pada 23 September 2026, Kepala BNPB Suharyanto melaporkan dalam rapat terbatas bersama Presiden b",sumardionogeologist7,2026-09-28T22:44:19Z,karhutla_kalimantan,2026-09-29,17975472201129993,,False,47699695e9,lahan cuan ini mah,0,2026-09-29T12:28:45Z,
IGX_000586,instagram,Dd2SQsGB4Lm,https://www.instagram.com/p/Dd2SQsGB4Lm/,"Benarkah kondisi karhutla di Kalimantan masih bisa disebut normal? Coba lihat gambaran dari udara ini! Pada 23 September 2026, Kepala BNPB Suharyanto melaporkan dalam rapat terbatas bersama Presiden b",sumardionogeologist7,2026-09-28T22:44:19Z,karhutla_kalimantan,2026-09-29,18016910033940682,,False,87fa43e91b,gimana tidak normal instansinya juga penjilat tkut hidupnya tidak normal kalau dia jujur ta k,0,2026-09-29T12:27:30Z,
IGX_000587,instagram,Dd2SQsGB4Lm,https://www.instagram.com/p/Dd2SQsGB4Lm/,"Benarkah kondisi karhutla di Kalimantan masih bisa disebut normal? Coba lihat gambaran dari udara ini! Pada 23 September 2026, Kepala BNPB Suharyanto melaporkan dalam rapat terbatas bersama Presiden b",sumardionogeologist7,2026-09-28T22:44:19Z,karhutla_kalimantan,2026-09-29,18209180845367647,,False,9f8ce3aa8a,tlg trn btl2 jangan cmn dapat lapora saya mendapat lapora miris liatnya pak org2 disekitar bapak penjilat smw dulu sblm pemilihan saya kami menaro harapan besar pada bapak saat terpilih jdi presiden tapi smw nonsen hnya orang sekitar bapak aja yang merasakan,0,2026-09-29T12:27:03Z,
IGX_000588,instagram,Dd2SQsGB4Lm,https://www.instagram.com/p/Dd2SQsGB4Lm/,"Benarkah kondisi karhutla di Kalimantan masih bisa disebut normal? Coba lihat gambaran dari udara ini! Pada 23 September 2026, Kepala BNPB Suharyanto melaporkan dalam rapat terbatas bersama Presiden b",sumardionogeologist7,2026-09-28T22:44:19Z,karhutla_kalimantan,2026-09-29,18630819331036667,,False,0dbb973ac6,presidenya ngk bs kerja anak buahnya tukang ngibulin perpaduan yang bagus,0,2026-09-29T12:26:47Z,
IGX_000589,instagram,Dd2SQsGB4Lm,https://www.instagram.com/p/Dd2SQsGB4Lm/,"Benarkah kondisi karhutla di Kalimantan masih bisa disebut normal? Coba lihat gambaran dari udara ini! Pada 23 September 2026, Kepala BNPB Suharyanto melaporkan dalam rapat terbatas bersama Presiden b",sumardionogeologist7,2026-09-28T22:44:19Z,karhutla_kalimantan,2026-09-29,18115386245594745,,False,4de5156414,laporan mah dibagus bagusin,0,2026-09-29T12:26:37Z,
IGX_000590,instagram,Dd2SQsGB4Lm,https://www.instagram.com/p/Dd2SQsGB4Lm/,"Benarkah kondisi karhutla di Kalimantan masih bisa disebut normal? Coba lihat gambaran dari udara ini! Pada 23 September 2026, Kepala BNPB Suharyanto melaporkan dalam rapat terbatas bersama Presiden b",sumardionogeologist7,2026-09-28T22:44:19Z,karhutla_kalimantan,2026-09-29,18108146414618688,,False,39827ff5aa,yeaah dapat lahan luas buat nanam sawit,0,2026-09-29T12:26:29Z,
IGX_000591,instagram,Dd2SQsGB4Lm,https://www.instagram.com/p/Dd2SQsGB4Lm/,"Benarkah kondisi karhutla di Kalimantan masih bisa disebut normal? Coba lihat gambaran dari udara ini! Pada 23 September 2026, Kepala BNPB Suharyanto melaporkan dalam rapat terbatas bersama Presiden b",sumardionogeologist7,2026-09-28T22:44:19Z,karhutla_kalimantan,2026-09-29,17985171120099498,,False,4fe89ea9b4,mereka lg sibuk mencari muka untuk selanjutnya menjilat,0,2026-09-29T12:26:26Z,
IGX_000592,instagram,Dd2SQsGB4Lm,https://www.instagram.com/p/Dd2SQsGB4Lm/,"Benarkah kondisi karhutla di Kalimantan masih bisa disebut normal? Coba lihat gambaran dari udara ini! Pada 23 September 2026, Kepala BNPB Suharyanto melaporkan dalam rapat terbatas bersama Presiden b",sumardionogeologist7,2026-09-28T22:44:19Z,karhutla_kalimantan,2026-09-29,18087700832675538,,False,b2d95b4797,ini lah kebiasaan indo bro membuat laporan aman aman hanya untuk melegakan atasan,0,2026-09-29T12:26:18Z,
IGX_000593,instagram,Dd2SQsGB4Lm,https://www.instagram.com/p/Dd2SQsGB4Lm/,"Benarkah kondisi karhutla di Kalimantan masih bisa disebut normal? Coba lihat gambaran dari udara ini! Pada 23 September 2026, Kepala BNPB Suharyanto melaporkan dalam rapat terbatas bersama Presiden b",sumardionogeologist7,2026-09-28T22:44:19Z,karhutla_kalimantan,2026-09-29,18630769789038635,,False,63a81874a8,mengerijan sekali,0,2026-09-29T12:25:49Z,
IGX_000594,instagram,Dd2SQsGB4Lm,https://www.instagram.com/p/Dd2SQsGB4Lm/,"Benarkah kondisi karhutla di Kalimantan masih bisa disebut normal? Coba lihat gambaran dari udara ini! Pada 23 September 2026, Kepala BNPB Suharyanto melaporkan dalam rapat terbatas bersama Presiden b",sumardionogeologist7,2026-09-28T22:44:19Z,karhutla_kalimantan,2026-09-29,18128778026500489,,False,41af4afc40,bnpb matanya buta apa gimana sih,0,2026-09-29T12:25:38Z,
IGX_000595,instagram,Dd2SQsGB4Lm,https://www.instagram.com/p/Dd2SQsGB4Lm/,"Benarkah kondisi karhutla di Kalimantan masih bisa disebut normal? Coba lihat gambaran dari udara ini! Pada 23 September 2026, Kepala BNPB Suharyanto melaporkan dalam rapat terbatas bersama Presiden b",sumardionogeologist7,2026-09-28T22:44:19Z,karhutla_kalimantan,2026-09-29,17962699860195110,,False,66429a1531,bantu up guys biar pemerintah rrsah,0,2026-09-29T12:25:25Z,
IGX_000596,instagram,Dd2SQsGB4Lm,https://www.instagram.com/p/Dd2SQsGB4Lm/,"Benarkah kondisi karhutla di Kalimantan masih bisa disebut normal? Coba lihat gambaran dari udara ini! Pada 23 September 2026, Kepala BNPB Suharyanto melaporkan dalam rapat terbatas bersama Presiden b",sumardionogeologist7,2026-09-28T22:44:19Z,karhutla_kalimantan,2026-09-29,18093533585161982,,False,81c3178754,logikanya api datengnya dri mana sedangkan hutan tuh sangat lembab dan banyak sumber air kok tiba2 kebakarannya bisa sejauh itu tar ujungnya di buat lahan sawit yang sertifikatnya di buat dengan atas nama se orang individu kawasan industri bilangnya buat kekayaan negara pertanyaannya yang seperti itu siapa l apakah masyarakat pejabatnya,0,2026-09-29T12:25:23Z,
IGX_000597,instagram,Dd2SQsGB4Lm,https://www.instagram.com/p/Dd2SQsGB4Lm/,"Benarkah kondisi karhutla di Kalimantan masih bisa disebut normal? Coba lihat gambaran dari udara ini! Pada 23 September 2026, Kepala BNPB Suharyanto melaporkan dalam rapat terbatas bersama Presiden b",sumardionogeologist7,2026-09-28T22:44:19Z,karhutla_kalimantan,2026-09-29,18129704179754692,,False,e5b01ba97b,parah saya sekeluarga batuk2 sepangjang hari maaf maudy ayunda kabar tidak enak ini tp realita berat disini air sulit bensin sulit ekonomi sulit pemadaman listrik kerap terjadi ampun sudah,0,2026-09-29T12:24:47Z,
IGX_000598,instagram,Dd2SQsGB4Lm,https://www.instagram.com/p/Dd2SQsGB4Lm/,"Benarkah kondisi karhutla di Kalimantan masih bisa disebut normal? Coba lihat gambaran dari udara ini! Pada 23 September 2026, Kepala BNPB Suharyanto melaporkan dalam rapat terbatas bersama Presiden b",sumardionogeologist7,2026-09-28T22:44:19Z,karhutla_kalimantan,2026-09-29,18178327498435337,,False,be197da5ef,bnpb hancur ini lihat bangke,0,2026-09-29T12:24:46Z,
IGX_000599,instagram,Dd2SQsGB4Lm,https://www.instagram.com/p/Dd2SQsGB4Lm/,"Benarkah kondisi karhutla di Kalimantan masih bisa disebut normal? Coba lihat gambaran dari udara ini! Pada 23 September 2026, Kepala BNPB Suharyanto melaporkan dalam rapat terbatas bersama Presiden b",sumardionogeologist7,2026-09-28T22:44:19Z,karhutla_kalimantan,2026-09-29,18116469808779235,,False,7d262f75a2,emng sengaja di bikin seperti gitu sama orang orang,0,2026-09-29T12:24:40Z,
IGX_000600,instagram,Dd2SQsGB4Lm,https://www.instagram.com/p/Dd2SQsGB4Lm/,"Benarkah kondisi karhutla di Kalimantan masih bisa disebut normal? Coba lihat gambaran dari udara ini! Pada 23 September 2026, Kepala BNPB Suharyanto melaporkan dalam rapat terbatas bersama Presiden b",sumardionogeologist7,2026-09-28T22:44:19Z,karhutla_kalimantan,2026-09-29,18167833432464319,,False,353b5d2b1c,saya dapat laporan kali ini dri masyarakat,0,2026-09-29T12:24:33Z,
IGX_000601,instagram,Dd2SQsGB4Lm,https://www.instagram.com/p/Dd2SQsGB4Lm/,"Benarkah kondisi karhutla di Kalimantan masih bisa disebut normal? Coba lihat gambaran dari udara ini! Pada 23 September 2026, Kepala BNPB Suharyanto melaporkan dalam rapat terbatas bersama Presiden b",sumardionogeologist7,2026-09-28T22:44:19Z,karhutla_kalimantan,2026-09-29,18010953236986143,,False,cc1ed888e0,hati2 pak laknat allah sangat pedih untuk para pemimpin,0,2026-09-29T12:24:33Z,
IGX_000602,instagram,Dd2SQsGB4Lm,https://www.instagram.com/p/Dd2SQsGB4Lm/,"Benarkah kondisi karhutla di Kalimantan masih bisa disebut normal? Coba lihat gambaran dari udara ini! Pada 23 September 2026, Kepala BNPB Suharyanto melaporkan dalam rapat terbatas bersama Presiden b",sumardionogeologist7,2026-09-28T22:44:19Z,karhutla_kalimantan,2026-09-29,17991185124024190,,False,085521f703,normal untuk ditanami pohon sawit yo wok,0,2026-09-29T12:23:51Z,
IGX_000603,instagram,Dd2SQsGB4Lm,https://www.instagram.com/p/Dd2SQsGB4Lm/,"Benarkah kondisi karhutla di Kalimantan masih bisa disebut normal? Coba lihat gambaran dari udara ini! Pada 23 September 2026, Kepala BNPB Suharyanto melaporkan dalam rapat terbatas bersama Presiden b",sumardionogeologist7,2026-09-28T22:44:19Z,karhutla_kalimantan,2026-09-29,18122512255915510,,False,b4d1c72b6d,jujur nnya di televisi ada tidak berita terang an soal karhutla seperti gini,0,2026-09-29T12:23:42Z,
IGX_000604,instagram,Dd2SQsGB4Lm,https://www.instagram.com/p/Dd2SQsGB4Lm/,"Benarkah kondisi karhutla di Kalimantan masih bisa disebut normal? Coba lihat gambaran dari udara ini! Pada 23 September 2026, Kepala BNPB Suharyanto melaporkan dalam rapat terbatas bersama Presiden b",sumardionogeologist7,2026-09-28T22:44:19Z,karhutla_kalimantan,2026-09-29,17912753967530056,,False,1714185057,dan mereka pasti bilang aah ini mah ai tertawa,0,2026-09-29T12:23:36Z,
IGX_000605,instagram,Dd2SQsGB4Lm,https://www.instagram.com/p/Dd2SQsGB4Lm/,"Benarkah kondisi karhutla di Kalimantan masih bisa disebut normal? Coba lihat gambaran dari udara ini! Pada 23 September 2026, Kepala BNPB Suharyanto melaporkan dalam rapat terbatas bersama Presiden b",sumardionogeologist7,2026-09-28T22:44:19Z,karhutla_kalimantan,2026-09-29,18113721713020837,,False,046431f74e,kebarakan karhutla masih disebut bencana parah sih,0,2026-09-29T12:22:44Z,
IGX_000606,instagram,Dd2SQsGB4Lm,https://www.instagram.com/p/Dd2SQsGB4Lm/,"Benarkah kondisi karhutla di Kalimantan masih bisa disebut normal? Coba lihat gambaran dari udara ini! Pada 23 September 2026, Kepala BNPB Suharyanto melaporkan dalam rapat terbatas bersama Presiden b",sumardionogeologist7,2026-09-28T22:44:19Z,karhutla_kalimantan,2026-09-29,18112139032856707,,False,e10a52f001,maklum presiden nya sudah tua jadi kebanyak dibohongin jadinya percaya percaya aja kwkwkw,0,2026-09-29T12:22:44Z,
IGX_000607,instagram,Dd2SQsGB4Lm,https://www.instagram.com/p/Dd2SQsGB4Lm/,"Benarkah kondisi karhutla di Kalimantan masih bisa disebut normal? Coba lihat gambaran dari udara ini! Pada 23 September 2026, Kepala BNPB Suharyanto melaporkan dalam rapat terbatas bersama Presiden b",sumardionogeologist7,2026-09-28T22:44:19Z,karhutla_kalimantan,2026-09-29,18427865446149796,,False,0ba2c0ca7d,maen medsos pak prabowo biar tahu keadaan sebenarnya jangan dari laporan saja,0,2026-09-29T12:22:40Z,
IGX_000608,instagram,Dd2SQsGB4Lm,https://www.instagram.com/p/Dd2SQsGB4Lm/,"Benarkah kondisi karhutla di Kalimantan masih bisa disebut normal? Coba lihat gambaran dari udara ini! Pada 23 September 2026, Kepala BNPB Suharyanto melaporkan dalam rapat terbatas bersama Presiden b",sumardionogeologist7,2026-09-28T22:44:19Z,karhutla_kalimantan,2026-09-29,17987604249099611,,False,efc61cdc58,ya allah tuhanku mereka2 yang merusak bumi mu berilah azab yang setimpal,0,2026-09-29T12:22:37Z,
IGX_000609,instagram,Dd2SQsGB4Lm,https://www.instagram.com/p/Dd2SQsGB4Lm/,"Benarkah kondisi karhutla di Kalimantan masih bisa disebut normal? Coba lihat gambaran dari udara ini! Pada 23 September 2026, Kepala BNPB Suharyanto melaporkan dalam rapat terbatas bersama Presiden b",sumardionogeologist7,2026-09-28T22:44:19Z,karhutla_kalimantan,2026-09-29,17951182893318723,,False,1b954b09d8,buser koruptor kalau kata si yono mbg,0,2026-09-29T12:22:28Z,
IGX_000610,instagram,Dd2SQsGB4Lm,https://www.instagram.com/p/Dd2SQsGB4Lm/,"Benarkah kondisi karhutla di Kalimantan masih bisa disebut normal? Coba lihat gambaran dari udara ini! Pada 23 September 2026, Kepala BNPB Suharyanto melaporkan dalam rapat terbatas bersama Presiden b",sumardionogeologist7,2026-09-28T22:44:19Z,karhutla_kalimantan,2026-09-29,17945919354072593,,False,0bca8e561d,mngkin bnpb takut digeser maka ya dia bilang normal aja,0,2026-09-29T12:22:25Z,
IGX_000611,instagram,Dd2SQsGB4Lm,https://www.instagram.com/p/Dd2SQsGB4Lm/,"Benarkah kondisi karhutla di Kalimantan masih bisa disebut normal? Coba lihat gambaran dari udara ini! Pada 23 September 2026, Kepala BNPB Suharyanto melaporkan dalam rapat terbatas bersama Presiden b",sumardionogeologist7,2026-09-28T22:44:19Z,karhutla_kalimantan,2026-09-29,17997085769824206,,False,4f1a2213bb,pemimpin domgo akan gampang dibdohi sama org2 tolol bin bodoh,0,2026-09-29T12:22:22Z,
IGX_000612,instagram,Dd2SQsGB4Lm,https://www.instagram.com/p/Dd2SQsGB4Lm/,"Benarkah kondisi karhutla di Kalimantan masih bisa disebut normal? Coba lihat gambaran dari udara ini! Pada 23 September 2026, Kepala BNPB Suharyanto melaporkan dalam rapat terbatas bersama Presiden b",sumardionogeologist7,2026-09-28T22:44:19Z,karhutla_kalimantan,2026-09-29,18115963165983880,,False,98f174354f,normal kok normal rakyat kita korbankan,0,2026-09-29T12:22:02Z,
IGX_000613,instagram,Dd2SQsGB4Lm,https://www.instagram.com/p/Dd2SQsGB4Lm/,"Benarkah kondisi karhutla di Kalimantan masih bisa disebut normal? Coba lihat gambaran dari udara ini! Pada 23 September 2026, Kepala BNPB Suharyanto melaporkan dalam rapat terbatas bersama Presiden b",sumardionogeologist7,2026-09-28T22:44:19Z,karhutla_kalimantan,2026-09-29,18070294499765225,,False,97b6cdc4e2,orang pusat yang dikirim ke tempat bencana karhutla di kalimantan buang buang uang negara tanpa memberi sumbangsih yang berarti justru menambah runyam negeri konoha,0,2026-09-29T12:21:57Z,
IGX_000614,instagram,Dd2SQsGB4Lm,https://www.instagram.com/p/Dd2SQsGB4Lm/,"Benarkah kondisi karhutla di Kalimantan masih bisa disebut normal? Coba lihat gambaran dari udara ini! Pada 23 September 2026, Kepala BNPB Suharyanto melaporkan dalam rapat terbatas bersama Presiden b",sumardionogeologist7,2026-09-28T22:44:19Z,karhutla_kalimantan,2026-09-29,18069714953499842,,False,c57031c052,silent majority beneran silent ini sudah mah goblok pura pura koar koar ini si silent majority,0,2026-09-29T12:21:52Z,
IGX_000615,instagram,Dd2SQsGB4Lm,https://www.instagram.com/p/Dd2SQsGB4Lm/,"Benarkah kondisi karhutla di Kalimantan masih bisa disebut normal? Coba lihat gambaran dari udara ini! Pada 23 September 2026, Kepala BNPB Suharyanto melaporkan dalam rapat terbatas bersama Presiden b",sumardionogeologist7,2026-09-28T22:44:19Z,karhutla_kalimantan,2026-09-29,18018362912932346,,False,9c41d08715,otw nyawitt,0,2026-09-29T12:21:50Z,
IGX_000616,instagram,Dd2SQsGB4Lm,https://www.instagram.com/p/Dd2SQsGB4Lm/,"Benarkah kondisi karhutla di Kalimantan masih bisa disebut normal? Coba lihat gambaran dari udara ini! Pada 23 September 2026, Kepala BNPB Suharyanto melaporkan dalam rapat terbatas bersama Presiden b",sumardionogeologist7,2026-09-28T22:44:19Z,karhutla_kalimantan,2026-09-29,17968304802174964,,False,49c0b140ec,itung itungan aja nanti di pengadilan allah,0,2026-09-29T12:21:45Z,
IGX_000617,instagram,Dd2SQsGB4Lm,https://www.instagram.com/p/Dd2SQsGB4Lm/,"Benarkah kondisi karhutla di Kalimantan masih bisa disebut normal? Coba lihat gambaran dari udara ini! Pada 23 September 2026, Kepala BNPB Suharyanto melaporkan dalam rapat terbatas bersama Presiden b",sumardionogeologist7,2026-09-28T22:44:19Z,karhutla_kalimantan,2026-09-29,18105758023961154,,False,0ff5dd867d,proyek berhasil bentar lagi ribuan hektar pohon sawit,0,2026-09-29T12:21:25Z,
IGX_000618,instagram,Dd2SQsGB4Lm,https://www.instagram.com/p/Dd2SQsGB4Lm/,"Benarkah kondisi karhutla di Kalimantan masih bisa disebut normal? Coba lihat gambaran dari udara ini! Pada 23 September 2026, Kepala BNPB Suharyanto melaporkan dalam rapat terbatas bersama Presiden b",sumardionogeologist7,2026-09-28T22:44:19Z,karhutla_kalimantan,2026-09-29,18569883961076151,,False,13a56d4f0b,pejabat kntol smua penipu,0,2026-09-29T12:21:19Z,
IGX_000619,instagram,Dd2SQsGB4Lm,https://www.instagram.com/p/Dd2SQsGB4Lm/,"Benarkah kondisi karhutla di Kalimantan masih bisa disebut normal? Coba lihat gambaran dari udara ini! Pada 23 September 2026, Kepala BNPB Suharyanto melaporkan dalam rapat terbatas bersama Presiden b",sumardionogeologist7,2026-09-28T22:44:19Z,karhutla_kalimantan,2026-09-29,17954590956081811,,False,3f44cd0a58,video ini tidak bakalan di kasih liat ke presiden,0,2026-09-29T12:21:09Z,
IGX_000620,instagram,Dd2SQsGB4Lm,https://www.instagram.com/p/Dd2SQsGB4Lm/,"Benarkah kondisi karhutla di Kalimantan masih bisa disebut normal? Coba lihat gambaran dari udara ini! Pada 23 September 2026, Kepala BNPB Suharyanto melaporkan dalam rapat terbatas bersama Presiden b",sumardionogeologist7,2026-09-28T22:44:19Z,karhutla_kalimantan,2026-09-29,17904057189584936,,False,ec507f5170,prabacot suka di jilat bawahannya,0,2026-09-29T12:20:40Z,
IGX_000621,instagram,Dd2SQsGB4Lm,https://www.instagram.com/p/Dd2SQsGB4Lm/,"Benarkah kondisi karhutla di Kalimantan masih bisa disebut normal? Coba lihat gambaran dari udara ini! Pada 23 September 2026, Kepala BNPB Suharyanto melaporkan dalam rapat terbatas bersama Presiden b",sumardionogeologist7,2026-09-28T22:44:19Z,karhutla_kalimantan,2026-09-29,18113819800840807,,False,9329128f5a,use this bro,0,2026-09-29T12:20:23Z,
IGX_000622,instagram,Dd2SQsGB4Lm,https://www.instagram.com/p/Dd2SQsGB4Lm/,"Benarkah kondisi karhutla di Kalimantan masih bisa disebut normal? Coba lihat gambaran dari udara ini! Pada 23 September 2026, Kepala BNPB Suharyanto melaporkan dalam rapat terbatas bersama Presiden b",sumardionogeologist7,2026-09-28T22:44:19Z,karhutla_kalimantan,2026-09-29,18658175416022062,,False,dc4acc36da,khawatir lahan seluas itu bakalan jadi sawit semua,0,2026-09-29T08:57:51Z,
IGX_000623,instagram,Dd2SQsGB4Lm,https://www.instagram.com/p/Dd2SQsGB4Lm/,"Benarkah kondisi karhutla di Kalimantan masih bisa disebut normal? Coba lihat gambaran dari udara ini! Pada 23 September 2026, Kepala BNPB Suharyanto melaporkan dalam rapat terbatas bersama Presiden b",sumardionogeologist7,2026-09-28T22:44:19Z,karhutla_kalimantan,2026-09-29,18014865674953902,,False,27b7df2c45,buzzer ajg kalian diam mending,0,2026-09-29T08:57:06Z,
IGX_000624,instagram,Dd2SQsGB4Lm,https://www.instagram.com/p/Dd2SQsGB4Lm/,"Benarkah kondisi karhutla di Kalimantan masih bisa disebut normal? Coba lihat gambaran dari udara ini! Pada 23 September 2026, Kepala BNPB Suharyanto melaporkan dalam rapat terbatas bersama Presiden b",sumardionogeologist7,2026-09-28T22:44:19Z,karhutla_kalimantan,2026-09-29,18429186970146959,,False,43d30b394e,tolong tulisan judulnya lebih diperbesar lagi min,0,2026-09-29T08:56:53Z,
IGX_000625,instagram,Dd2SQsGB4Lm,https://www.instagram.com/p/Dd2SQsGB4Lm/,"Benarkah kondisi karhutla di Kalimantan masih bisa disebut normal? Coba lihat gambaran dari udara ini! Pada 23 September 2026, Kepala BNPB Suharyanto melaporkan dalam rapat terbatas bersama Presiden b",sumardionogeologist7,2026-09-28T22:44:19Z,karhutla_kalimantan,2026-09-29,18130220045499707,,False,f48ab2a0e2,kalian masih percaya pemerintah pusat dan daerah,0,2026-09-29T08:56:46Z,
IGX_000626,instagram,Dd2SQsGB4Lm,https://www.instagram.com/p/Dd2SQsGB4Lm/,"Benarkah kondisi karhutla di Kalimantan masih bisa disebut normal? Coba lihat gambaran dari udara ini! Pada 23 September 2026, Kepala BNPB Suharyanto melaporkan dalam rapat terbatas bersama Presiden b",sumardionogeologist7,2026-09-28T22:44:19Z,karhutla_kalimantan,2026-09-29,18102783620363659,,False,cb42fcd8e6,kemusnahan jantung dunia,0,2026-09-29T08:53:58Z,
IGX_000627,instagram,Dd2SQsGB4Lm,https://www.instagram.com/p/Dd2SQsGB4Lm/,"Benarkah kondisi karhutla di Kalimantan masih bisa disebut normal? Coba lihat gambaran dari udara ini! Pada 23 September 2026, Kepala BNPB Suharyanto melaporkan dalam rapat terbatas bersama Presiden b",sumardionogeologist7,2026-09-28T22:44:19Z,karhutla_kalimantan,2026-09-29,18111149966134338,,False,61fa20e496,api padam terbitlah sawit,0,2026-09-29T08:49:30Z,
IGX_000628,instagram,Dd2SQsGB4Lm,https://www.instagram.com/p/Dd2SQsGB4Lm/,"Benarkah kondisi karhutla di Kalimantan masih bisa disebut normal? Coba lihat gambaran dari udara ini! Pada 23 September 2026, Kepala BNPB Suharyanto melaporkan dalam rapat terbatas bersama Presiden b",sumardionogeologist7,2026-09-28T22:44:19Z,karhutla_kalimantan,2026-09-29,18086921099307864,,False,5f5ebd94ee,ya normal lah normal untuk sawit,0,2026-09-29T08:49:30Z,
IGX_000629,instagram,Dd2SQsGB4Lm,https://www.instagram.com/p/Dd2SQsGB4Lm/,"Benarkah kondisi karhutla di Kalimantan masih bisa disebut normal? Coba lihat gambaran dari udara ini! Pada 23 September 2026, Kepala BNPB Suharyanto melaporkan dalam rapat terbatas bersama Presiden b",sumardionogeologist7,2026-09-28T22:44:19Z,karhutla_kalimantan,2026-09-29,18106335455462267,,False,050eefb4d6,negara membiarkan,0,2026-09-29T08:48:01Z,
IGX_000630,instagram,Dd2SQsGB4Lm,https://www.instagram.com/p/Dd2SQsGB4Lm/,"Benarkah kondisi karhutla di Kalimantan masih bisa disebut normal? Coba lihat gambaran dari udara ini! Pada 23 September 2026, Kepala BNPB Suharyanto melaporkan dalam rapat terbatas bersama Presiden b",sumardionogeologist7,2026-09-28T22:44:19Z,karhutla_kalimantan,2026-09-29,18078334745430798,,False,e233121c1b,karena memang presiden nya sebe90 itu,0,2026-09-29T08:47:25Z,
IGX_000631,instagram,Dd2SQsGB4Lm,https://www.instagram.com/p/Dd2SQsGB4Lm/,"Benarkah kondisi karhutla di Kalimantan masih bisa disebut normal? Coba lihat gambaran dari udara ini! Pada 23 September 2026, Kepala BNPB Suharyanto melaporkan dalam rapat terbatas bersama Presiden b",sumardionogeologist7,2026-09-28T22:44:19Z,karhutla_kalimantan,2026-09-29,18097683080400267,,False,a146087b3c,miris semuanya gampang di bodohi sarjana pendidikan tinggi,0,2026-09-29T08:46:52Z,
IGX_000632,instagram,Dd2SQsGB4Lm,https://www.instagram.com/p/Dd2SQsGB4Lm/,"Benarkah kondisi karhutla di Kalimantan masih bisa disebut normal? Coba lihat gambaran dari udara ini! Pada 23 September 2026, Kepala BNPB Suharyanto melaporkan dalam rapat terbatas bersama Presiden b",sumardionogeologist7,2026-09-28T22:44:19Z,karhutla_kalimantan,2026-09-29,18085842770289583,,False,085149bca0,bakal calon hutan sawit tidak tuh,0,2026-09-29T08:46:43Z,
IGX_000633,instagram,Dd2SQsGB4Lm,https://www.instagram.com/p/Dd2SQsGB4Lm/,"Benarkah kondisi karhutla di Kalimantan masih bisa disebut normal? Coba lihat gambaran dari udara ini! Pada 23 September 2026, Kepala BNPB Suharyanto melaporkan dalam rapat terbatas bersama Presiden b",sumardionogeologist7,2026-09-28T22:44:19Z,karhutla_kalimantan,2026-09-29,17983425948115319,,False,f6d44e5696,itu luasnya sudah kali negara singapura,0,2026-09-29T08:46:10Z,
IGX_000634,instagram,Dd2SQsGB4Lm,https://www.instagram.com/p/Dd2SQsGB4Lm/,"Benarkah kondisi karhutla di Kalimantan masih bisa disebut normal? Coba lihat gambaran dari udara ini! Pada 23 September 2026, Kepala BNPB Suharyanto melaporkan dalam rapat terbatas bersama Presiden b",sumardionogeologist7,2026-09-28T22:44:19Z,karhutla_kalimantan,2026-09-29,18117087373965409,,False,7b559ff57b,semoga pejabat dan ex pejabat negara indonesia buzzerrp semuanya semoga diberikan hidayah nya aamiin,0,2026-09-29T08:46:05Z,
IGX_000635,instagram,Dd2SQsGB4Lm,https://www.instagram.com/p/Dd2SQsGB4Lm/,"Benarkah kondisi karhutla di Kalimantan masih bisa disebut normal? Coba lihat gambaran dari udara ini! Pada 23 September 2026, Kepala BNPB Suharyanto melaporkan dalam rapat terbatas bersama Presiden b",sumardionogeologist7,2026-09-28T22:44:19Z,karhutla_kalimantan,2026-09-29,18448873645192609,,False,0d1fedb017,الل ه م إ ن ي أ ع و ذ ب ك م ن إ م ار ة الص ب ي ان و الس ف ه اء allahumma inni a udzubika min imaarotisshibyaan was sufahaa artinya ya allah sungguh kami berlindung kepada mu dari pemimpin yang kekanak kanakan dan dari pemimpin yang bodoh ini adalah doa dari abu hurairah radhiyallahu anhu disebutkan oleh imam al bukhari dalam al adab al mufrad no,0,2026-09-29T08:45:55Z,
IGX_000636,instagram,Dd2SQsGB4Lm,https://www.instagram.com/p/Dd2SQsGB4Lm/,"Benarkah kondisi karhutla di Kalimantan masih bisa disebut normal? Coba lihat gambaran dari udara ini! Pada 23 September 2026, Kepala BNPB Suharyanto melaporkan dalam rapat terbatas bersama Presiden b",sumardionogeologist7,2026-09-28T22:44:19Z,karhutla_kalimantan,2026-09-29,18124154116904438,,False,be07e2bf2d,memang gobl k si wowo bukannya lihat sendiri malah cuma terima laporan kalau pemalas tidak usah jadi presiden,0,2026-09-29T08:44:36Z,
IGX_000637,instagram,Dd2SQsGB4Lm,https://www.instagram.com/p/Dd2SQsGB4Lm/,"Benarkah kondisi karhutla di Kalimantan masih bisa disebut normal? Coba lihat gambaran dari udara ini! Pada 23 September 2026, Kepala BNPB Suharyanto melaporkan dalam rapat terbatas bersama Presiden b",sumardionogeologist7,2026-09-28T22:44:19Z,karhutla_kalimantan,2026-09-29,18123058969898150,,False,5c0229dfbe,keknya memang masih mendingan dijajah belanda daripada dijajah orang sendiri,0,2026-09-29T08:43:45Z,
IGX_000638,instagram,Dd2SQsGB4Lm,https://www.instagram.com/p/Dd2SQsGB4Lm/,"Benarkah kondisi karhutla di Kalimantan masih bisa disebut normal? Coba lihat gambaran dari udara ini! Pada 23 September 2026, Kepala BNPB Suharyanto melaporkan dalam rapat terbatas bersama Presiden b",sumardionogeologist7,2026-09-28T22:44:19Z,karhutla_kalimantan,2026-09-29,18108298970184522,,False,bc94e7210f,si normal,0,2026-09-29T08:42:39Z,
IGX_000639,instagram,Dd2SQsGB4Lm,https://www.instagram.com/p/Dd2SQsGB4Lm/,"Benarkah kondisi karhutla di Kalimantan masih bisa disebut normal? Coba lihat gambaran dari udara ini! Pada 23 September 2026, Kepala BNPB Suharyanto melaporkan dalam rapat terbatas bersama Presiden b",sumardionogeologist7,2026-09-28T22:44:19Z,karhutla_kalimantan,2026-09-29,18074937353488161,,False,da88102377,bukan awan tapi asap kebakaran sudah berapa minggu sering kebakaran di sini senang,0,2026-09-29T08:42:33Z,
IGX_000640,instagram,Dd2SQsGB4Lm,https://www.instagram.com/p/Dd2SQsGB4Lm/,"Benarkah kondisi karhutla di Kalimantan masih bisa disebut normal? Coba lihat gambaran dari udara ini! Pada 23 September 2026, Kepala BNPB Suharyanto melaporkan dalam rapat terbatas bersama Presiden b",sumardionogeologist7,2026-09-28T22:44:19Z,karhutla_kalimantan,2026-09-29,18085025594696130,,False,26b04df579,kabinet isimya rata2 para cuan ers yang penting abs,0,2026-09-29T08:42:14Z,
IGX_000641,instagram,Dd2SQsGB4Lm,https://www.instagram.com/p/Dd2SQsGB4Lm/,"Benarkah kondisi karhutla di Kalimantan masih bisa disebut normal? Coba lihat gambaran dari udara ini! Pada 23 September 2026, Kepala BNPB Suharyanto melaporkan dalam rapat terbatas bersama Presiden b",sumardionogeologist7,2026-09-28T22:44:19Z,karhutla_kalimantan,2026-09-29,18095183420556882,,False,3d64d8ca42,mau heran tpi ini lah pemerintah kita sekarang,0,2026-09-29T08:41:56Z,
IGX_000642,instagram,Dd2SQsGB4Lm,https://www.instagram.com/p/Dd2SQsGB4Lm/,"Benarkah kondisi karhutla di Kalimantan masih bisa disebut normal? Coba lihat gambaran dari udara ini! Pada 23 September 2026, Kepala BNPB Suharyanto melaporkan dalam rapat terbatas bersama Presiden b",sumardionogeologist7,2026-09-28T22:44:19Z,karhutla_kalimantan,2026-09-29,18136031050650998,,False,da88102377,sama kek di papua sini sudah banyak kebakaran hutan,0,2026-09-29T08:40:58Z,
IGX_000643,instagram,Dd2SQsGB4Lm,https://www.instagram.com/p/Dd2SQsGB4Lm/,"Benarkah kondisi karhutla di Kalimantan masih bisa disebut normal? Coba lihat gambaran dari udara ini! Pada 23 September 2026, Kepala BNPB Suharyanto melaporkan dalam rapat terbatas bersama Presiden b",sumardionogeologist7,2026-09-28T22:44:19Z,karhutla_kalimantan,2026-09-29,18127840976499458,,False,3e22f4c79a,rada rada g pejabat skrng mah,0,2026-09-29T08:40:46Z,
IGX_000644,instagram,Dd2SQsGB4Lm,https://www.instagram.com/p/Dd2SQsGB4Lm/,"Benarkah kondisi karhutla di Kalimantan masih bisa disebut normal? Coba lihat gambaran dari udara ini! Pada 23 September 2026, Kepala BNPB Suharyanto melaporkan dalam rapat terbatas bersama Presiden b",sumardionogeologist7,2026-09-28T22:44:19Z,karhutla_kalimantan,2026-09-29,18096950021437559,,False,349a8bf212,tunggu saja azabku amat pedih janji allah,0,2026-09-29T08:39:51Z,
IGX_000645,instagram,Dd2SQsGB4Lm,https://www.instagram.com/p/Dd2SQsGB4Lm/,"Benarkah kondisi karhutla di Kalimantan masih bisa disebut normal? Coba lihat gambaran dari udara ini! Pada 23 September 2026, Kepala BNPB Suharyanto melaporkan dalam rapat terbatas bersama Presiden b",sumardionogeologist7,2026-09-28T22:44:19Z,karhutla_kalimantan,2026-09-29,18078119525708802,,False,a8dce304be,ladang sawit i m coming brother,0,2026-09-29T08:39:43Z,
IGX_000646,instagram,Dd2SQsGB4Lm,https://www.instagram.com/p/Dd2SQsGB4Lm/,"Benarkah kondisi karhutla di Kalimantan masih bisa disebut normal? Coba lihat gambaran dari udara ini! Pada 23 September 2026, Kepala BNPB Suharyanto melaporkan dalam rapat terbatas bersama Presiden b",sumardionogeologist7,2026-09-28T22:44:19Z,karhutla_kalimantan,2026-09-29,18253915621308859,,False,4b1f79e8ba,kepala anjing,0,2026-09-29T08:38:58Z,
IGX_000647,instagram,Dd2SQsGB4Lm,https://www.instagram.com/p/Dd2SQsGB4Lm/,"Benarkah kondisi karhutla di Kalimantan masih bisa disebut normal? Coba lihat gambaran dari udara ini! Pada 23 September 2026, Kepala BNPB Suharyanto melaporkan dalam rapat terbatas bersama Presiden b",sumardionogeologist7,2026-09-28T22:44:19Z,karhutla_kalimantan,2026-09-29,17891244264681703,,False,3062e2f0d4,ambisius setelah berkali2 gagal akirnya terpilih giliran sudah jadi presiden bingung mau ngapain,0,2026-09-29T08:35:19Z,
IGX_000648,instagram,Dd2SQsGB4Lm,https://www.instagram.com/p/Dd2SQsGB4Lm/,"Benarkah kondisi karhutla di Kalimantan masih bisa disebut normal? Coba lihat gambaran dari udara ini! Pada 23 September 2026, Kepala BNPB Suharyanto melaporkan dalam rapat terbatas bersama Presiden b",sumardionogeologist7,2026-09-28T22:44:19Z,karhutla_kalimantan,2026-09-29,18023263316872674,,False,74b8fbdb8d,sekitar lo itu cuma penjilat bangun jangan mimpi indah mulu lu itu presiden apa bukan,0,2026-09-29T08:34:46Z,
IGX_000649,instagram,Dd2SQsGB4Lm,https://www.instagram.com/p/Dd2SQsGB4Lm/,"Benarkah kondisi karhutla di Kalimantan masih bisa disebut normal? Coba lihat gambaran dari udara ini! Pada 23 September 2026, Kepala BNPB Suharyanto melaporkan dalam rapat terbatas bersama Presiden b",sumardionogeologist7,2026-09-28T22:44:19Z,karhutla_kalimantan,2026-09-29,18629690851054865,,False,730f805812,sudah jadi penjilat semua sekarang,0,2026-09-29T08:33:30Z,
IGX_000650,instagram,Dd2SQsGB4Lm,https://www.instagram.com/p/Dd2SQsGB4Lm/,"Benarkah kondisi karhutla di Kalimantan masih bisa disebut normal? Coba lihat gambaran dari udara ini! Pada 23 September 2026, Kepala BNPB Suharyanto melaporkan dalam rapat terbatas bersama Presiden b",sumardionogeologist7,2026-09-28T22:44:19Z,karhutla_kalimantan,2026-09-29,17864502198677782,,False,bf1c1984fe,gmn kalau ujan,0,2026-09-29T08:31:44Z,
IGX_000651,instagram,Dd2SQsGB4Lm,https://www.instagram.com/p/Dd2SQsGB4Lm/,"Benarkah kondisi karhutla di Kalimantan masih bisa disebut normal? Coba lihat gambaran dari udara ini! Pada 23 September 2026, Kepala BNPB Suharyanto melaporkan dalam rapat terbatas bersama Presiden b",sumardionogeologist7,2026-09-28T22:44:19Z,karhutla_kalimantan,2026-09-29,17930681916407059,,False,73dc5d4cb6,innalillahi wa innailaihi rojiun,0,2026-09-29T08:31:27Z,
IGX_000652,instagram,Dd2SQsGB4Lm,https://www.instagram.com/p/Dd2SQsGB4Lm/,"Benarkah kondisi karhutla di Kalimantan masih bisa disebut normal? Coba lihat gambaran dari udara ini! Pada 23 September 2026, Kepala BNPB Suharyanto melaporkan dalam rapat terbatas bersama Presiden b",sumardionogeologist7,2026-09-28T22:44:19Z,karhutla_kalimantan,2026-09-29,17956613412017566,,False,080e8ea7ab,sudah palak kali orang2 yang mau bikin sawit ini mudah2an dosa dosa yang akan kalian bawa nanti di perlihatkan di dunia ini amin amin amin ya allah,0,2026-09-29T08:31:01Z,
IGX_000653,instagram,Dd2SQsGB4Lm,https://www.instagram.com/p/Dd2SQsGB4Lm/,"Benarkah kondisi karhutla di Kalimantan masih bisa disebut normal? Coba lihat gambaran dari udara ini! Pada 23 September 2026, Kepala BNPB Suharyanto melaporkan dalam rapat terbatas bersama Presiden b",sumardionogeologist7,2026-09-28T22:44:19Z,karhutla_kalimantan,2026-09-29,17952830202035519,,False,468c672c7c,tinggal tanam tuh,0,2026-09-29T08:30:46Z,
IGX_000654,instagram,Dd2SQsGB4Lm,https://www.instagram.com/p/Dd2SQsGB4Lm/,"Benarkah kondisi karhutla di Kalimantan masih bisa disebut normal? Coba lihat gambaran dari udara ini! Pada 23 September 2026, Kepala BNPB Suharyanto melaporkan dalam rapat terbatas bersama Presiden b",sumardionogeologist7,2026-09-28T22:44:19Z,karhutla_kalimantan,2026-09-29,18427688293147668,,False,461abc02d1,biasanya abis kebaran tumbuh sawit,0,2026-09-29T08:30:19Z,
IGX_000655,instagram,Dd2SQsGB4Lm,https://www.instagram.com/p/Dd2SQsGB4Lm/,"Benarkah kondisi karhutla di Kalimantan masih bisa disebut normal? Coba lihat gambaran dari udara ini! Pada 23 September 2026, Kepala BNPB Suharyanto melaporkan dalam rapat terbatas bersama Presiden b",sumardionogeologist7,2026-09-28T22:44:19Z,karhutla_kalimantan,2026-09-29,18040281380832796,,False,0f29db4b8c,bodo amatlah kntol mayoritas sana emng sudah yakin sama wowo jadi mereka juga tahu kedepannya pandai pandailah kalian setan,0,2026-09-29T08:29:49Z,
IGX_000656,instagram,Dd2SQsGB4Lm,https://www.instagram.com/p/Dd2SQsGB4Lm/,"Benarkah kondisi karhutla di Kalimantan masih bisa disebut normal? Coba lihat gambaran dari udara ini! Pada 23 September 2026, Kepala BNPB Suharyanto melaporkan dalam rapat terbatas bersama Presiden b",sumardionogeologist7,2026-09-28T22:44:19Z,karhutla_kalimantan,2026-09-29,18142780954594702,,False,be3e83691e,siap tanam sawit itu,0,2026-09-29T08:28:19Z,
IGX_000657,instagram,Dd2SQsGB4Lm,https://www.instagram.com/p/Dd2SQsGB4Lm/,"Benarkah kondisi karhutla di Kalimantan masih bisa disebut normal? Coba lihat gambaran dari udara ini! Pada 23 September 2026, Kepala BNPB Suharyanto melaporkan dalam rapat terbatas bersama Presiden b",sumardionogeologist7,2026-09-28T22:44:19Z,karhutla_kalimantan,2026-09-29,18189008512406195,,False,7142728215,normal lh itu emnk emnk normalnya sebelum ditanam sawit bgitu,0,2026-09-29T08:27:50Z,
IGX_000658,instagram,Dd2SQsGB4Lm,https://www.instagram.com/p/Dd2SQsGB4Lm/,"Benarkah kondisi karhutla di Kalimantan masih bisa disebut normal? Coba lihat gambaran dari udara ini! Pada 23 September 2026, Kepala BNPB Suharyanto melaporkan dalam rapat terbatas bersama Presiden b",sumardionogeologist7,2026-09-28T22:44:19Z,karhutla_kalimantan,2026-09-29,18638754559035327,,False,221841b999,abis sudah hutan kita suram masa depan anak cucu kita nanti,0,2026-09-29T08:27:12Z,
IGX_000659,instagram,Dd2SQsGB4Lm,https://www.instagram.com/p/Dd2SQsGB4Lm/,"Benarkah kondisi karhutla di Kalimantan masih bisa disebut normal? Coba lihat gambaran dari udara ini! Pada 23 September 2026, Kepala BNPB Suharyanto melaporkan dalam rapat terbatas bersama Presiden b",sumardionogeologist7,2026-09-28T22:44:19Z,karhutla_kalimantan,2026-09-29,18030559988850501,,False,5be5e7169e,proyek isam sama prabowo tanam sawit,0,2026-09-29T08:26:05Z,
IGX_000660,instagram,Dd2SQsGB4Lm,https://www.instagram.com/p/Dd2SQsGB4Lm/,"Benarkah kondisi karhutla di Kalimantan masih bisa disebut normal? Coba lihat gambaran dari udara ini! Pada 23 September 2026, Kepala BNPB Suharyanto melaporkan dalam rapat terbatas bersama Presiden b",sumardionogeologist7,2026-09-28T22:44:19Z,karhutla_kalimantan,2026-09-29,18116616379954166,,False,6943ac31b8,siap2 ada pohon sawit dadakan semua ada pertangging jawabannya jangan pernah merasa memiliki sumberdaya negri ini sumberdaya harus dimiliki seluruh rakyat indonesia,0,2026-09-29T08:25:06Z,
IGX_000661,instagram,Dd2SQsGB4Lm,https://www.instagram.com/p/Dd2SQsGB4Lm/,"Benarkah kondisi karhutla di Kalimantan masih bisa disebut normal? Coba lihat gambaran dari udara ini! Pada 23 September 2026, Kepala BNPB Suharyanto melaporkan dalam rapat terbatas bersama Presiden b",sumardionogeologist7,2026-09-28T22:44:19Z,karhutla_kalimantan,2026-09-29,17990303130100616,,False,56d614e04c,pohonnya sudah tidak ada yaa,0,2026-09-29T08:24:29Z,
IGX_000662,instagram,Dd2SQsGB4Lm,https://www.instagram.com/p/Dd2SQsGB4Lm/,"Benarkah kondisi karhutla di Kalimantan masih bisa disebut normal? Coba lihat gambaran dari udara ini! Pada 23 September 2026, Kepala BNPB Suharyanto melaporkan dalam rapat terbatas bersama Presiden b",sumardionogeologist7,2026-09-28T22:44:19Z,karhutla_kalimantan,2026-09-29,18122818286481768,,False,5198add589,parah si presiden gila wakil gila kagak ada perhatian nya di otak mereka mbg kopded dan menteri tai yang ingin duit doang stop di,0,2026-09-29T08:22:45Z,
IGX_000663,instagram,Dd2SQsGB4Lm,https://www.instagram.com/p/Dd2SQsGB4Lm/,"Benarkah kondisi karhutla di Kalimantan masih bisa disebut normal? Coba lihat gambaran dari udara ini! Pada 23 September 2026, Kepala BNPB Suharyanto melaporkan dalam rapat terbatas bersama Presiden b",sumardionogeologist7,2026-09-28T22:44:19Z,karhutla_kalimantan,2026-09-29,18430393456198666,,False,4e9ce3575c,bukan cuma manusia yang di rugikan disana bnyk satwa flora fauna yang hidup kalian sebegitu rakus nya seperti akan hidup tahun,0,2026-09-29T08:22:15Z,
IGX_000664,instagram,Dd2SQsGB4Lm,https://www.instagram.com/p/Dd2SQsGB4Lm/,"Benarkah kondisi karhutla di Kalimantan masih bisa disebut normal? Coba lihat gambaran dari udara ini! Pada 23 September 2026, Kepala BNPB Suharyanto melaporkan dalam rapat terbatas bersama Presiden b",sumardionogeologist7,2026-09-28T22:44:19Z,karhutla_kalimantan,2026-09-29,18150341398529880,,False,c890fcc5d9,lapor presiden dengan kenyataan pun tetap tidak ada guna nya,0,2026-09-29T08:19:53Z,
IGX_000665,instagram,Dd2SQsGB4Lm,https://www.instagram.com/p/Dd2SQsGB4Lm/,"Benarkah kondisi karhutla di Kalimantan masih bisa disebut normal? Coba lihat gambaran dari udara ini! Pada 23 September 2026, Kepala BNPB Suharyanto melaporkan dalam rapat terbatas bersama Presiden b",sumardionogeologist7,2026-09-28T22:44:19Z,karhutla_kalimantan,2026-09-29,17989966167111191,,False,539b63f9c4,ngeri,0,2026-09-29T08:19:03Z,
IGX_000666,instagram,Dd2SQsGB4Lm,https://www.instagram.com/p/Dd2SQsGB4Lm/,"Benarkah kondisi karhutla di Kalimantan masih bisa disebut normal? Coba lihat gambaran dari udara ini! Pada 23 September 2026, Kepala BNPB Suharyanto melaporkan dalam rapat terbatas bersama Presiden b",sumardionogeologist7,2026-09-28T22:44:19Z,karhutla_kalimantan,2026-09-29,18095216552400531,,False,5bb93bf7be,mari kita reboisasi dengen penanaman yang berfungsi mencukupi kebutuhan ethanol di negeri ini bibit mana bibit,0,2026-09-29T08:18:35Z,
IGX_000667,instagram,Dd2SQsGB4Lm,https://www.instagram.com/p/Dd2SQsGB4Lm/,"Benarkah kondisi karhutla di Kalimantan masih bisa disebut normal? Coba lihat gambaran dari udara ini! Pada 23 September 2026, Kepala BNPB Suharyanto melaporkan dalam rapat terbatas bersama Presiden b",sumardionogeologist7,2026-09-28T22:44:19Z,karhutla_kalimantan,2026-09-29,18353928847171265,,False,9674aa8a01,normalah si wowo kan suka nyawit,0,2026-09-29T08:16:14Z,
IGX_000668,instagram,Dd2SQsGB4Lm,https://www.instagram.com/p/Dd2SQsGB4Lm/,"Benarkah kondisi karhutla di Kalimantan masih bisa disebut normal? Coba lihat gambaran dari udara ini! Pada 23 September 2026, Kepala BNPB Suharyanto melaporkan dalam rapat terbatas bersama Presiden b",sumardionogeologist7,2026-09-28T22:44:19Z,karhutla_kalimantan,2026-09-29,17981507472108880,,False,c361c585f7,mata mereka buta gua bilang yah kalau aku mikir mending orang buta jadi presiden lebih berguna ini masih di kasi sempurna bisa melihat mendengar tubuh lengkap semuanya malah bangsat,0,2026-09-29T08:15:35Z,
IGX_000669,instagram,Dd2SQsGB4Lm,https://www.instagram.com/p/Dd2SQsGB4Lm/,"Benarkah kondisi karhutla di Kalimantan masih bisa disebut normal? Coba lihat gambaran dari udara ini! Pada 23 September 2026, Kepala BNPB Suharyanto melaporkan dalam rapat terbatas bersama Presiden b",sumardionogeologist7,2026-09-28T22:44:19Z,karhutla_kalimantan,2026-09-29,18636502129034468,,False,c906ca7b6d,allah tidak pernah tidur,0,2026-09-29T08:13:32Z,
IGX_000670,instagram,Dd2SQsGB4Lm,https://www.instagram.com/p/Dd2SQsGB4Lm/,"Benarkah kondisi karhutla di Kalimantan masih bisa disebut normal? Coba lihat gambaran dari udara ini! Pada 23 September 2026, Kepala BNPB Suharyanto melaporkan dalam rapat terbatas bersama Presiden b",sumardionogeologist7,2026-09-28T22:44:19Z,karhutla_kalimantan,2026-09-29,17975206853932181,,False,af2d6b88ff,cek aja besok lusa sudah ada sawit,0,2026-09-29T08:12:32Z,
IGX_000671,instagram,Dd2SQsGB4Lm,https://www.instagram.com/p/Dd2SQsGB4Lm/,"Benarkah kondisi karhutla di Kalimantan masih bisa disebut normal? Coba lihat gambaran dari udara ini! Pada 23 September 2026, Kepala BNPB Suharyanto melaporkan dalam rapat terbatas bersama Presiden b",sumardionogeologist7,2026-09-28T22:44:19Z,karhutla_kalimantan,2026-09-29,18028337639908327,,False,c651889091,tunggu ditanami sawit lbh menguntungkan tertawa,0,2026-09-29T08:11:11Z,
IGX_000672,instagram,Dd2SQsGB4Lm,https://www.instagram.com/p/Dd2SQsGB4Lm/,"Benarkah kondisi karhutla di Kalimantan masih bisa disebut normal? Coba lihat gambaran dari udara ini! Pada 23 September 2026, Kepala BNPB Suharyanto melaporkan dalam rapat terbatas bersama Presiden b",sumardionogeologist7,2026-09-28T22:44:19Z,karhutla_kalimantan,2026-09-29,18080770820380791,,False,a2cc11f29e,laporan asal bos senang naik jabatan dapat anggaran tambahan belanja kantor,0,2026-09-29T08:09:53Z,
IGX_000673,instagram,Dd2SQsGB4Lm,https://www.instagram.com/p/Dd2SQsGB4Lm/,"Benarkah kondisi karhutla di Kalimantan masih bisa disebut normal? Coba lihat gambaran dari udara ini! Pada 23 September 2026, Kepala BNPB Suharyanto melaporkan dalam rapat terbatas bersama Presiden b",sumardionogeologist7,2026-09-28T22:44:19Z,karhutla_kalimantan,2026-09-29,18091292489676841,,False,cd603c16d7,yang ptg jilat jabatan aman,0,2026-09-29T08:09:07Z,
IGX_000674,instagram,Dd2SQsGB4Lm,https://www.instagram.com/p/Dd2SQsGB4Lm/,"Benarkah kondisi karhutla di Kalimantan masih bisa disebut normal? Coba lihat gambaran dari udara ini! Pada 23 September 2026, Kepala BNPB Suharyanto melaporkan dalam rapat terbatas bersama Presiden b",sumardionogeologist7,2026-09-28T22:44:19Z,karhutla_kalimantan,2026-09-29,17987957766063913,,False,c6bc51d355,yang bilang kan tidak normal maklumin aja apa yang dia bilang tak akan pernah normal,0,2026-09-29T08:07:53Z,
IGX_000675,instagram,Dd2SQsGB4Lm,https://www.instagram.com/p/Dd2SQsGB4Lm/,"Benarkah kondisi karhutla di Kalimantan masih bisa disebut normal? Coba lihat gambaran dari udara ini! Pada 23 September 2026, Kepala BNPB Suharyanto melaporkan dalam rapat terbatas bersama Presiden b",sumardionogeologist7,2026-09-28T22:44:19Z,karhutla_kalimantan,2026-09-29,17960222784228299,,False,b0281280c8,sudah luas lahannya bos silahkan tanam,0,2026-09-29T08:07:43Z,
IGX_000676,instagram,Dd2SQsGB4Lm,https://www.instagram.com/p/Dd2SQsGB4Lm/,"Benarkah kondisi karhutla di Kalimantan masih bisa disebut normal? Coba lihat gambaran dari udara ini! Pada 23 September 2026, Kepala BNPB Suharyanto melaporkan dalam rapat terbatas bersama Presiden b",sumardionogeologist7,2026-09-28T22:44:19Z,karhutla_kalimantan,2026-09-29,17903631537349605,,False,351848687a,gw sampai heran kenapa ya dengan teknologi yang canggih seperti skrng pak presiden gampang banget d tipu sama bawahan nya,0,2026-09-29T08:06:17Z,
IGX_000677,instagram,Dd2SQsGB4Lm,https://www.instagram.com/p/Dd2SQsGB4Lm/,"Benarkah kondisi karhutla di Kalimantan masih bisa disebut normal? Coba lihat gambaran dari udara ini! Pada 23 September 2026, Kepala BNPB Suharyanto melaporkan dalam rapat terbatas bersama Presiden b",sumardionogeologist7,2026-09-28T22:44:19Z,karhutla_kalimantan,2026-09-29,18127604773808656,,False,f1d29579b8,laporan abs,0,2026-09-29T08:04:45Z,
IGX_000678,instagram,Dd2SQsGB4Lm,https://www.instagram.com/p/Dd2SQsGB4Lm/,"Benarkah kondisi karhutla di Kalimantan masih bisa disebut normal? Coba lihat gambaran dari udara ini! Pada 23 September 2026, Kepala BNPB Suharyanto melaporkan dalam rapat terbatas bersama Presiden b",sumardionogeologist7,2026-09-28T22:44:19Z,karhutla_kalimantan,2026-09-29,18089750822230644,,False,c0657cc901,hasbiyallah wani mal wakil,0,2026-09-29T08:02:59Z,
IGX_000679,instagram,Dd2SQsGB4Lm,https://www.instagram.com/p/Dd2SQsGB4Lm/,"Benarkah kondisi karhutla di Kalimantan masih bisa disebut normal? Coba lihat gambaran dari udara ini! Pada 23 September 2026, Kepala BNPB Suharyanto melaporkan dalam rapat terbatas bersama Presiden b",sumardionogeologist7,2026-09-28T22:44:19Z,karhutla_kalimantan,2026-09-29,18105665545975464,,False,4e05854720,sawit,0,2026-09-29T08:01:06Z,
IGX_000680,instagram,Dd2SQsGB4Lm,https://www.instagram.com/p/Dd2SQsGB4Lm/,"Benarkah kondisi karhutla di Kalimantan masih bisa disebut normal? Coba lihat gambaran dari udara ini! Pada 23 September 2026, Kepala BNPB Suharyanto melaporkan dalam rapat terbatas bersama Presiden b",sumardionogeologist7,2026-09-28T22:44:19Z,karhutla_kalimantan,2026-09-29,17972623797155680,,False,4e05854720,saqi,0,2026-09-29T08:01:01Z,
IGX_000681,instagram,Dd2SQsGB4Lm,https://www.instagram.com/p/Dd2SQsGB4Lm/,"Benarkah kondisi karhutla di Kalimantan masih bisa disebut normal? Coba lihat gambaran dari udara ini! Pada 23 September 2026, Kepala BNPB Suharyanto melaporkan dalam rapat terbatas bersama Presiden b",sumardionogeologist7,2026-09-28T22:44:19Z,karhutla_kalimantan,2026-09-29,17924357154200749,,False,1d00116ffc,jadi ini yang digaungkan bbm ramah lingkungan hasil produk sawit itu,0,2026-09-29T07:59:14Z,
IGX_000682,instagram,Dd2SQsGB4Lm,https://www.instagram.com/p/Dd2SQsGB4Lm/,"Benarkah kondisi karhutla di Kalimantan masih bisa disebut normal? Coba lihat gambaran dari udara ini! Pada 23 September 2026, Kepala BNPB Suharyanto melaporkan dalam rapat terbatas bersama Presiden b",sumardionogeologist7,2026-09-28T22:44:19Z,karhutla_kalimantan,2026-09-29,18012072791959524,,False,f35c7309e0,laporan abs,0,2026-09-29T07:59:02Z,
IGX_000683,instagram,Dd2SQsGB4Lm,https://www.instagram.com/p/Dd2SQsGB4Lm/,"Benarkah kondisi karhutla di Kalimantan masih bisa disebut normal? Coba lihat gambaran dari udara ini! Pada 23 September 2026, Kepala BNPB Suharyanto melaporkan dalam rapat terbatas bersama Presiden b",sumardionogeologist7,2026-09-28T22:44:19Z,karhutla_kalimantan,2026-09-29,18104811968277494,,False,340244dcde,taukan anjing2 penjilat pemerintah rezim ini mang bangsat semua,0,2026-09-29T07:54:20Z,
IGX_000684,instagram,Dd2SQsGB4Lm,https://www.instagram.com/p/Dd2SQsGB4Lm/,"Benarkah kondisi karhutla di Kalimantan masih bisa disebut normal? Coba lihat gambaran dari udara ini! Pada 23 September 2026, Kepala BNPB Suharyanto melaporkan dalam rapat terbatas bersama Presiden b",sumardionogeologist7,2026-09-28T22:44:19Z,karhutla_kalimantan,2026-09-29,18089762807497146,,False,24a74e5e66,hanya dengar data tanpa peduli fakta,0,2026-09-29T07:54:07Z,
IGX_000685,instagram,Dd2SQsGB4Lm,https://www.instagram.com/p/Dd2SQsGB4Lm/,"Benarkah kondisi karhutla di Kalimantan masih bisa disebut normal? Coba lihat gambaran dari udara ini! Pada 23 September 2026, Kepala BNPB Suharyanto melaporkan dalam rapat terbatas bersama Presiden b",sumardionogeologist7,2026-09-28T22:44:19Z,karhutla_kalimantan,2026-09-29,18097828055359529,,False,b29118a3de,kagak punya mata,0,2026-09-29T07:53:20Z,
IGX_000686,instagram,Dd2SQsGB4Lm,https://www.instagram.com/p/Dd2SQsGB4Lm/,"Benarkah kondisi karhutla di Kalimantan masih bisa disebut normal? Coba lihat gambaran dari udara ini! Pada 23 September 2026, Kepala BNPB Suharyanto melaporkan dalam rapat terbatas bersama Presiden b",sumardionogeologist7,2026-09-28T22:44:19Z,karhutla_kalimantan,2026-09-29,18070874720726911,,False,4ca7641dfb,sistem dajjal future ai dajjal future pak wowok ya jud ma jud future pak yonoo wiwik kiamat future konoha beserta isinya,0,2026-09-29T07:51:19Z,
IGX_000687,instagram,Dd2SQsGB4Lm,https://www.instagram.com/p/Dd2SQsGB4Lm/,"Benarkah kondisi karhutla di Kalimantan masih bisa disebut normal? Coba lihat gambaran dari udara ini! Pada 23 September 2026, Kepala BNPB Suharyanto melaporkan dalam rapat terbatas bersama Presiden b",sumardionogeologist7,2026-09-28T22:44:19Z,karhutla_kalimantan,2026-09-29,18032557331847716,,False,3f0eb0b8a2,aku mengartikan normal dalam hal yang lain,0,2026-09-29T07:48:34Z,
IGX_000688,instagram,Dd2SQsGB4Lm,https://www.instagram.com/p/Dd2SQsGB4Lm/,"Benarkah kondisi karhutla di Kalimantan masih bisa disebut normal? Coba lihat gambaran dari udara ini! Pada 23 September 2026, Kepala BNPB Suharyanto melaporkan dalam rapat terbatas bersama Presiden b",sumardionogeologist7,2026-09-28T22:44:19Z,karhutla_kalimantan,2026-09-29,18382901293227613,,False,9a73c30dcd,ya allah jagalah indonesiaku dari orang orang yang berniat buruk terhadap bangsa ini yang kami punya cuma doa,0,2026-09-29T07:46:10Z,
IGX_000689,instagram,Dd2SQsGB4Lm,https://www.instagram.com/p/Dd2SQsGB4Lm/,"Benarkah kondisi karhutla di Kalimantan masih bisa disebut normal? Coba lihat gambaran dari udara ini! Pada 23 September 2026, Kepala BNPB Suharyanto melaporkan dalam rapat terbatas bersama Presiden b",sumardionogeologist7,2026-09-28T22:44:19Z,karhutla_kalimantan,2026-09-29,18109431460890270,,False,b2895846b8,pas cocok buat tanam sawit,0,2026-09-29T07:46:10Z,
IGX_000690,instagram,Dd2SQsGB4Lm,https://www.instagram.com/p/Dd2SQsGB4Lm/,"Benarkah kondisi karhutla di Kalimantan masih bisa disebut normal? Coba lihat gambaran dari udara ini! Pada 23 September 2026, Kepala BNPB Suharyanto melaporkan dalam rapat terbatas bersama Presiden b",sumardionogeologist7,2026-09-28T22:44:19Z,karhutla_kalimantan,2026-09-29,17946871986300990,,False,394f398155,tidak bakal di liat sama,0,2026-09-29T07:44:37Z,
IGX_000691,instagram,Dd2SQsGB4Lm,https://www.instagram.com/p/Dd2SQsGB4Lm/,"Benarkah kondisi karhutla di Kalimantan masih bisa disebut normal? Coba lihat gambaran dari udara ini! Pada 23 September 2026, Kepala BNPB Suharyanto melaporkan dalam rapat terbatas bersama Presiden b",sumardionogeologist7,2026-09-28T22:44:19Z,karhutla_kalimantan,2026-09-29,18171575092460796,,False,3c69df5d40,penguasa plenger semua,0,2026-09-29T07:43:20Z,
IGX_000692,instagram,Dd2SQsGB4Lm,https://www.instagram.com/p/Dd2SQsGB4Lm/,"Benarkah kondisi karhutla di Kalimantan masih bisa disebut normal? Coba lihat gambaran dari udara ini! Pada 23 September 2026, Kepala BNPB Suharyanto melaporkan dalam rapat terbatas bersama Presiden b",sumardionogeologist7,2026-09-28T22:44:19Z,karhutla_kalimantan,2026-09-29,18115639199318683,,False,10a4235674,abs semua kabinet,0,2026-09-29T07:41:51Z,
IGX_000693,instagram,Dd2SQsGB4Lm,https://www.instagram.com/p/Dd2SQsGB4Lm/,"Benarkah kondisi karhutla di Kalimantan masih bisa disebut normal? Coba lihat gambaran dari udara ini! Pada 23 September 2026, Kepala BNPB Suharyanto melaporkan dalam rapat terbatas bersama Presiden b",sumardionogeologist7,2026-09-28T22:44:19Z,karhutla_kalimantan,2026-09-29,17871800559636709,,False,8d1dff7a22,pria sawit tertawa melihat ini,0,2026-09-29T07:40:45Z,
IGX_000694,instagram,Dd2SQsGB4Lm,https://www.instagram.com/p/Dd2SQsGB4Lm/,"Benarkah kondisi karhutla di Kalimantan masih bisa disebut normal? Coba lihat gambaran dari udara ini! Pada 23 September 2026, Kepala BNPB Suharyanto melaporkan dalam rapat terbatas bersama Presiden b",sumardionogeologist7,2026-09-28T22:44:19Z,karhutla_kalimantan,2026-09-29,18223814143339495,,False,6ef6507d35,astagfirullah azab allah itu nyata,0,2026-09-29T07:39:33Z,
IGX_000695,instagram,Dd2SQsGB4Lm,https://www.instagram.com/p/Dd2SQsGB4Lm/,"Benarkah kondisi karhutla di Kalimantan masih bisa disebut normal? Coba lihat gambaran dari udara ini! Pada 23 September 2026, Kepala BNPB Suharyanto melaporkan dalam rapat terbatas bersama Presiden b",sumardionogeologist7,2026-09-28T22:44:19Z,karhutla_kalimantan,2026-09-29,18393503686166238,,False,bd57749f10,bnpb itu termul,0,2026-09-29T07:39:19Z,
IGX_000696,instagram,Dd2SQsGB4Lm,https://www.instagram.com/p/Dd2SQsGB4Lm/,"Benarkah kondisi karhutla di Kalimantan masih bisa disebut normal? Coba lihat gambaran dari udara ini! Pada 23 September 2026, Kepala BNPB Suharyanto melaporkan dalam rapat terbatas bersama Presiden b",sumardionogeologist7,2026-09-28T22:44:19Z,karhutla_kalimantan,2026-09-29,18110131712595162,,False,51a6d90f5a,saya mendapat laporan,0,2026-09-29T07:36:38Z,
IGX_000697,instagram,Dd2SQsGB4Lm,https://www.instagram.com/p/Dd2SQsGB4Lm/,"Benarkah kondisi karhutla di Kalimantan masih bisa disebut normal? Coba lihat gambaran dari udara ini! Pada 23 September 2026, Kepala BNPB Suharyanto melaporkan dalam rapat terbatas bersama Presiden b",sumardionogeologist7,2026-09-28T22:44:19Z,karhutla_kalimantan,2026-09-29,18015717551748059,,False,77e914ac5e,sudah lah jadi sawit ituu,0,2026-09-29T07:36:01Z,
IGX_000698,instagram,Dd2SQsGB4Lm,https://www.instagram.com/p/Dd2SQsGB4Lm/,"Benarkah kondisi karhutla di Kalimantan masih bisa disebut normal? Coba lihat gambaran dari udara ini! Pada 23 September 2026, Kepala BNPB Suharyanto melaporkan dalam rapat terbatas bersama Presiden b",sumardionogeologist7,2026-09-28T22:44:19Z,karhutla_kalimantan,2026-09-29,17909007555307803,,False,ee14038e6a,yang penting bapak senang wkk,0,2026-09-29T07:31:38Z,
IGX_000699,instagram,Dd2SQsGB4Lm,https://www.instagram.com/p/Dd2SQsGB4Lm/,"Benarkah kondisi karhutla di Kalimantan masih bisa disebut normal? Coba lihat gambaran dari udara ini! Pada 23 September 2026, Kepala BNPB Suharyanto melaporkan dalam rapat terbatas bersama Presiden b",sumardionogeologist7,2026-09-28T22:44:19Z,karhutla_kalimantan,2026-09-29,18128699606307510,,False,f2803de371,lalu gmn,0,2026-09-29T07:29:38Z,
IGX_000700,instagram,Dd2SQsGB4Lm,https://www.instagram.com/p/Dd2SQsGB4Lm/,"Benarkah kondisi karhutla di Kalimantan masih bisa disebut normal? Coba lihat gambaran dari udara ini! Pada 23 September 2026, Kepala BNPB Suharyanto melaporkan dalam rapat terbatas bersama Presiden b",sumardionogeologist7,2026-09-28T22:44:19Z,karhutla_kalimantan,2026-09-29,18000627872992117,,False,1e638ca99a,saya mendapat laporan,0,2026-09-29T07:26:14Z,
IGX_000701,instagram,Dd2SQsGB4Lm,https://www.instagram.com/p/Dd2SQsGB4Lm/,"Benarkah kondisi karhutla di Kalimantan masih bisa disebut normal? Coba lihat gambaran dari udara ini! Pada 23 September 2026, Kepala BNPB Suharyanto melaporkan dalam rapat terbatas bersama Presiden b",sumardionogeologist7,2026-09-28T22:44:19Z,karhutla_kalimantan,2026-09-29,18101311073368982,,False,7e370b926b,anjg sekali orang yang bakar hutan demi kepentingan hidupnya semoga di akhirat kelak di asapi siksaannya,0,2026-09-29T07:26:01Z,
IGX_000702,instagram,Dd2SQsGB4Lm,https://www.instagram.com/p/Dd2SQsGB4Lm/,"Benarkah kondisi karhutla di Kalimantan masih bisa disebut normal? Coba lihat gambaran dari udara ini! Pada 23 September 2026, Kepala BNPB Suharyanto melaporkan dalam rapat terbatas bersama Presiden b",sumardionogeologist7,2026-09-28T22:44:19Z,karhutla_kalimantan,2026-09-29,17887114212621725,,False,63c1db12ab,terbitlah sawiit,0,2026-09-29T07:23:49Z,
IGX_000703,instagram,Dd2SQsGB4Lm,https://www.instagram.com/p/Dd2SQsGB4Lm/,"Benarkah kondisi karhutla di Kalimantan masih bisa disebut normal? Coba lihat gambaran dari udara ini! Pada 23 September 2026, Kepala BNPB Suharyanto melaporkan dalam rapat terbatas bersama Presiden b",sumardionogeologist7,2026-09-28T22:44:19Z,karhutla_kalimantan,2026-09-29,18093277706235286,,False,34a04d7c0d,setan2 membakar menebang hutan untuk tambang dan sawit,0,2026-09-29T07:21:27Z,
IGX_000704,instagram,Dd2SQsGB4Lm,https://www.instagram.com/p/Dd2SQsGB4Lm/,"Benarkah kondisi karhutla di Kalimantan masih bisa disebut normal? Coba lihat gambaran dari udara ini! Pada 23 September 2026, Kepala BNPB Suharyanto melaporkan dalam rapat terbatas bersama Presiden b",sumardionogeologist7,2026-09-28T22:44:19Z,karhutla_kalimantan,2026-09-29,18077039225416586,,False,6affa7f1fe,normal kok itu normal terjadi di indonesia tidak usah dibesar besarkan,0,2026-09-29T07:21:23Z,
IGX_000705,instagram,Dd2SQsGB4Lm,https://www.instagram.com/p/Dd2SQsGB4Lm/,"Benarkah kondisi karhutla di Kalimantan masih bisa disebut normal? Coba lihat gambaran dari udara ini! Pada 23 September 2026, Kepala BNPB Suharyanto melaporkan dalam rapat terbatas bersama Presiden b",sumardionogeologist7,2026-09-28T22:44:19Z,karhutla_kalimantan,2026-09-29,18030626570891159,,False,ba2af0e8c6,mikir si kalau ad otak,0,2026-09-29T07:21:12Z,
IGX_000706,instagram,Dd2SQsGB4Lm,https://www.instagram.com/p/Dd2SQsGB4Lm/,"Benarkah kondisi karhutla di Kalimantan masih bisa disebut normal? Coba lihat gambaran dari udara ini! Pada 23 September 2026, Kepala BNPB Suharyanto melaporkan dalam rapat terbatas bersama Presiden b",sumardionogeologist7,2026-09-28T22:44:19Z,karhutla_kalimantan,2026-09-29,18338567956276534,,False,15aec3e3ac,mudahan ada lagi sosok seperti pak sutopo purwo nugroho doni monardo di bnpb,0,2026-09-29T07:20:02Z,
IGX_000707,instagram,Dd2SQsGB4Lm,https://www.instagram.com/p/Dd2SQsGB4Lm/,"Benarkah kondisi karhutla di Kalimantan masih bisa disebut normal? Coba lihat gambaran dari udara ini! Pada 23 September 2026, Kepala BNPB Suharyanto melaporkan dalam rapat terbatas bersama Presiden b",sumardionogeologist7,2026-09-28T22:44:19Z,karhutla_kalimantan,2026-09-29,18487123123128871,,False,fe85ac251a,abis ini tanem sawiit teima kasih ke pemerintah karena sudah memadamkan apinya itu contoh ucapan terima kasih para pemilik lahan yang sudah d padamkan,0,2026-09-29T07:18:16Z,
IGX_000708,instagram,Dd2SQsGB4Lm,https://www.instagram.com/p/Dd2SQsGB4Lm/,"Benarkah kondisi karhutla di Kalimantan masih bisa disebut normal? Coba lihat gambaran dari udara ini! Pada 23 September 2026, Kepala BNPB Suharyanto melaporkan dalam rapat terbatas bersama Presiden b",sumardionogeologist7,2026-09-28T22:44:19Z,karhutla_kalimantan,2026-09-29,18131138002767801,,False,25dd3195cb,harusny para menteri turun langsung kelapangan sebelum bikin laporan,0,2026-09-29T07:11:31Z,
IGX_000709,instagram,Dd2SQsGB4Lm,https://www.instagram.com/p/Dd2SQsGB4Lm/,"Benarkah kondisi karhutla di Kalimantan masih bisa disebut normal? Coba lihat gambaran dari udara ini! Pada 23 September 2026, Kepala BNPB Suharyanto melaporkan dalam rapat terbatas bersama Presiden b",sumardionogeologist7,2026-09-28T22:44:19Z,karhutla_kalimantan,2026-09-29,18356468869247322,,False,07d485b176,menurut ceo sawit normal karena mau diganti sawit forest lebih menguntungkan,0,2026-09-29T07:07:30Z,
IGX_000710,instagram,Dd2SQsGB4Lm,https://www.instagram.com/p/Dd2SQsGB4Lm/,"Benarkah kondisi karhutla di Kalimantan masih bisa disebut normal? Coba lihat gambaran dari udara ini! Pada 23 September 2026, Kepala BNPB Suharyanto melaporkan dalam rapat terbatas bersama Presiden b",sumardionogeologist7,2026-09-28T22:44:19Z,karhutla_kalimantan,2026-09-29,18109736531141973,,False,2ca2f30b07,kenapa mreka suka berbohong ya karena rakyatnya beberapa ada yang sngat mudah percaya akan sesuatu contoh sumber air berwarna saja jdi objek sakral goa tembus ke mekkah dan masih bnyak lagi hal yang konyol tpi ada saja yang masih percaya,0,2026-09-29T07:06:18Z,
IGX_000711,instagram,Dd2SQsGB4Lm,https://www.instagram.com/p/Dd2SQsGB4Lm/,"Benarkah kondisi karhutla di Kalimantan masih bisa disebut normal? Coba lihat gambaran dari udara ini! Pada 23 September 2026, Kepala BNPB Suharyanto melaporkan dalam rapat terbatas bersama Presiden b",sumardionogeologist7,2026-09-28T22:44:19Z,karhutla_kalimantan,2026-09-29,17988458727025696,,False,b043c2f408,presiden paling gampang di bohongi anak buah ya tertawa,0,2026-09-29T07:04:52Z,
IGX_000712,instagram,Dd2SQsGB4Lm,https://www.instagram.com/p/Dd2SQsGB4Lm/,"Benarkah kondisi karhutla di Kalimantan masih bisa disebut normal? Coba lihat gambaran dari udara ini! Pada 23 September 2026, Kepala BNPB Suharyanto melaporkan dalam rapat terbatas bersama Presiden b",sumardionogeologist7,2026-09-28T22:44:19Z,karhutla_kalimantan,2026-09-29,18374406787241125,,False,5814d8e055,kata pemerintah terimakasih para yang bakar lahan karena pemerintah akan menanam pohon lagi,0,2026-09-29T07:02:28Z,
IGX_000713,instagram,Dd2SQsGB4Lm,https://www.instagram.com/p/Dd2SQsGB4Lm/,"Benarkah kondisi karhutla di Kalimantan masih bisa disebut normal? Coba lihat gambaran dari udara ini! Pada 23 September 2026, Kepala BNPB Suharyanto melaporkan dalam rapat terbatas bersama Presiden b",sumardionogeologist7,2026-09-28T22:44:19Z,karhutla_kalimantan,2026-09-29,17899511379600082,,False,1941a87030,kok tidak pernah dibahas forum dprri ya,0,2026-09-29T06:59:06Z,
IGX_000714,instagram,Dd2SQsGB4Lm,https://www.instagram.com/p/Dd2SQsGB4Lm/,"Benarkah kondisi karhutla di Kalimantan masih bisa disebut normal? Coba lihat gambaran dari udara ini! Pada 23 September 2026, Kepala BNPB Suharyanto melaporkan dalam rapat terbatas bersama Presiden b",sumardionogeologist7,2026-09-28T22:44:19Z,karhutla_kalimantan,2026-09-29,18129851965688277,,False,d807f0a7de,kebanyakan ini itu indonesia jadi tolol,0,2026-09-29T06:56:56Z,
IGX_000715,instagram,Dd2SQsGB4Lm,https://www.instagram.com/p/Dd2SQsGB4Lm/,"Benarkah kondisi karhutla di Kalimantan masih bisa disebut normal? Coba lihat gambaran dari udara ini! Pada 23 September 2026, Kepala BNPB Suharyanto melaporkan dalam rapat terbatas bersama Presiden b",sumardionogeologist7,2026-09-28T22:44:19Z,karhutla_kalimantan,2026-09-29,18107953208210855,,False,31995d741d,susah pejabatnya asal bapa senang,0,2026-09-29T06:56:29Z,
IGX_000716,instagram,Dd2SQsGB4Lm,https://www.instagram.com/p/Dd2SQsGB4Lm/,"Benarkah kondisi karhutla di Kalimantan masih bisa disebut normal? Coba lihat gambaran dari udara ini! Pada 23 September 2026, Kepala BNPB Suharyanto melaporkan dalam rapat terbatas bersama Presiden b",sumardionogeologist7,2026-09-28T22:44:19Z,karhutla_kalimantan,2026-09-29,17894609052414226,,False,62049bd3ea,semoga yang punya akun nya sehat sehat trus ya,0,2026-09-29T06:51:56Z,
IGX_000717,instagram,Dd2SQsGB4Lm,https://www.instagram.com/p/Dd2SQsGB4Lm/,"Benarkah kondisi karhutla di Kalimantan masih bisa disebut normal? Coba lihat gambaran dari udara ini! Pada 23 September 2026, Kepala BNPB Suharyanto melaporkan dalam rapat terbatas bersama Presiden b",sumardionogeologist7,2026-09-28T22:44:19Z,karhutla_kalimantan,2026-09-29,18135075553662364,,False,0ff5ae3920,tinggal ditanami sawit untungnya bs buat danai mbg,0,2026-09-29T06:51:25Z,
IGX_000718,instagram,Dd2SQsGB4Lm,https://www.instagram.com/p/Dd2SQsGB4Lm/,"Benarkah kondisi karhutla di Kalimantan masih bisa disebut normal? Coba lihat gambaran dari udara ini! Pada 23 September 2026, Kepala BNPB Suharyanto melaporkan dalam rapat terbatas bersama Presiden b",sumardionogeologist7,2026-09-28T22:44:19Z,karhutla_kalimantan,2026-09-29,17897089347395419,,False,e511ff11c9,ri bapak mohon lihat ini mohon cek kembali,0,2026-09-29T06:49:44Z,
IGX_000719,instagram,Dd2SQsGB4Lm,https://www.instagram.com/p/Dd2SQsGB4Lm/,"Benarkah kondisi karhutla di Kalimantan masih bisa disebut normal? Coba lihat gambaran dari udara ini! Pada 23 September 2026, Kepala BNPB Suharyanto melaporkan dalam rapat terbatas bersama Presiden b",sumardionogeologist7,2026-09-28T22:44:19Z,karhutla_kalimantan,2026-09-29,18176314882446250,,False,0fce0d028e,timbulah sawit,0,2026-09-29T06:46:53Z,
IGX_000720,instagram,Dd2SQsGB4Lm,https://www.instagram.com/p/Dd2SQsGB4Lm/,"Benarkah kondisi karhutla di Kalimantan masih bisa disebut normal? Coba lihat gambaran dari udara ini! Pada 23 September 2026, Kepala BNPB Suharyanto melaporkan dalam rapat terbatas bersama Presiden b",sumardionogeologist7,2026-09-28T22:44:19Z,karhutla_kalimantan,2026-09-29,17914542444493930,,False,a894375594,sudah siap lahan bt tanam sawit,0,2026-09-29T06:44:06Z,
IGX_000721,instagram,Dd2SQsGB4Lm,https://www.instagram.com/p/Dd2SQsGB4Lm/,"Benarkah kondisi karhutla di Kalimantan masih bisa disebut normal? Coba lihat gambaran dari udara ini! Pada 23 September 2026, Kepala BNPB Suharyanto melaporkan dalam rapat terbatas bersama Presiden b",sumardionogeologist7,2026-09-28T22:44:19Z,karhutla_kalimantan,2026-09-29,18110705954130777,,False,b1537a8b0f,kapan ya kiamat di indonesia yang bs menyelematkan indonesia cuman kiamat sih sudah tidak ada obat indonesia,0,2026-09-29T06:41:45Z,
IGX_000722,instagram,Dd2SQsGB4Lm,https://www.instagram.com/p/Dd2SQsGB4Lm/,"Benarkah kondisi karhutla di Kalimantan masih bisa disebut normal? Coba lihat gambaran dari udara ini! Pada 23 September 2026, Kepala BNPB Suharyanto melaporkan dalam rapat terbatas bersama Presiden b",sumardionogeologist7,2026-09-28T22:44:19Z,karhutla_kalimantan,2026-09-29,18094019492130389,,False,6607cd4ae0,loh trus salahnya dimana kan bagi mereka itu normal,0,2026-09-29T06:41:04Z,
IGX_000723,instagram,Dd2SQsGB4Lm,https://www.instagram.com/p/Dd2SQsGB4Lm/,"Benarkah kondisi karhutla di Kalimantan masih bisa disebut normal? Coba lihat gambaran dari udara ini! Pada 23 September 2026, Kepala BNPB Suharyanto melaporkan dalam rapat terbatas bersama Presiden b",sumardionogeologist7,2026-09-28T22:44:19Z,karhutla_kalimantan,2026-09-29,18018335744946035,,False,0e178564e9,sawit sawit,0,2026-09-29T06:38:41Z,
IGX_000724,instagram,Dd2SQsGB4Lm,https://www.instagram.com/p/Dd2SQsGB4Lm/,"Benarkah kondisi karhutla di Kalimantan masih bisa disebut normal? Coba lihat gambaran dari udara ini! Pada 23 September 2026, Kepala BNPB Suharyanto melaporkan dalam rapat terbatas bersama Presiden b",sumardionogeologist7,2026-09-28T22:44:19Z,karhutla_kalimantan,2026-09-29,18139112398614460,,False,47a7248ed9,jahat banget si raja sawit memang benar kebakaran hutan memang paling efisien untuk bikin lahan sawit tapi ndk gitu juga jangan ada lagi deh pejabat yang dukung sawit langsung pecat kalau ketahuan,0,2026-09-29T06:30:26Z,
IGX_000725,instagram,Dd2SQsGB4Lm,https://www.instagram.com/p/Dd2SQsGB4Lm/,"Benarkah kondisi karhutla di Kalimantan masih bisa disebut normal? Coba lihat gambaran dari udara ini! Pada 23 September 2026, Kepala BNPB Suharyanto melaporkan dalam rapat terbatas bersama Presiden b",sumardionogeologist7,2026-09-28T22:44:19Z,karhutla_kalimantan,2026-09-29,17896854096392916,,False,2c022b2d00,pemerintahan tobat dahh neraka panas lohh,0,2026-09-29T06:30:04Z,
IGX_000726,instagram,Dd2SQsGB4Lm,https://www.instagram.com/p/Dd2SQsGB4Lm/,"Benarkah kondisi karhutla di Kalimantan masih bisa disebut normal? Coba lihat gambaran dari udara ini! Pada 23 September 2026, Kepala BNPB Suharyanto melaporkan dalam rapat terbatas bersama Presiden b",sumardionogeologist7,2026-09-28T22:44:19Z,karhutla_kalimantan,2026-09-29,18150202000527792,,False,053f89c284,apa yang dilalukan negara ini sungguh sungguh menyedihkan,0,2026-09-29T06:28:30Z,
IGX_000727,instagram,Dd2SQsGB4Lm,https://www.instagram.com/p/Dd2SQsGB4Lm/,"Benarkah kondisi karhutla di Kalimantan masih bisa disebut normal? Coba lihat gambaran dari udara ini! Pada 23 September 2026, Kepala BNPB Suharyanto melaporkan dalam rapat terbatas bersama Presiden b",sumardionogeologist7,2026-09-28T22:44:19Z,karhutla_kalimantan,2026-09-29,18078817655345320,,False,c67cf89ec1,yuk semua serentak tag,0,2026-09-29T06:25:31Z,
IGX_000728,instagram,Dd2SQsGB4Lm,https://www.instagram.com/p/Dd2SQsGB4Lm/,"Benarkah kondisi karhutla di Kalimantan masih bisa disebut normal? Coba lihat gambaran dari udara ini! Pada 23 September 2026, Kepala BNPB Suharyanto melaporkan dalam rapat terbatas bersama Presiden b",sumardionogeologist7,2026-09-28T22:44:19Z,karhutla_kalimantan,2026-09-29,18126548545648085,,False,2a2e183a3c,normal untuk sawit tanam,0,2026-09-29T06:25:01Z,
IGX_000729,instagram,Dd2SQsGB4Lm,https://www.instagram.com/p/Dd2SQsGB4Lm/,"Benarkah kondisi karhutla di Kalimantan masih bisa disebut normal? Coba lihat gambaran dari udara ini! Pada 23 September 2026, Kepala BNPB Suharyanto melaporkan dalam rapat terbatas bersama Presiden b",sumardionogeologist7,2026-09-28T22:44:19Z,karhutla_kalimantan,2026-09-29,18411255829084762,,False,47dfffe2c6,terimakasih sudah ngasih tahu seluas apa lahan siap tanam sawit itu gitu tidak,0,2026-09-29T06:21:30Z,
IGX_000730,instagram,Dd2SQsGB4Lm,https://www.instagram.com/p/Dd2SQsGB4Lm/,"Benarkah kondisi karhutla di Kalimantan masih bisa disebut normal? Coba lihat gambaran dari udara ini! Pada 23 September 2026, Kepala BNPB Suharyanto melaporkan dalam rapat terbatas bersama Presiden b",sumardionogeologist7,2026-09-28T22:44:19Z,karhutla_kalimantan,2026-09-29,18076217696744073,,False,8ca5d4b08d,gilakk,0,2026-09-29T06:18:46Z,
IGX_000731,instagram,Dd2SQsGB4Lm,https://www.instagram.com/p/Dd2SQsGB4Lm/,"Benarkah kondisi karhutla di Kalimantan masih bisa disebut normal? Coba lihat gambaran dari udara ini! Pada 23 September 2026, Kepala BNPB Suharyanto melaporkan dalam rapat terbatas bersama Presiden b",sumardionogeologist7,2026-09-28T22:44:19Z,karhutla_kalimantan,2026-09-29,18105245455957451,,False,096cf1d53a,pecat mentri kehutanan nya,0,2026-09-29T06:18:12Z,
IGX_000732,instagram,Dd2SQsGB4Lm,https://www.instagram.com/p/Dd2SQsGB4Lm/,"Benarkah kondisi karhutla di Kalimantan masih bisa disebut normal? Coba lihat gambaran dari udara ini! Pada 23 September 2026, Kepala BNPB Suharyanto melaporkan dalam rapat terbatas bersama Presiden b",sumardionogeologist7,2026-09-28T22:44:19Z,karhutla_kalimantan,2026-09-29,18248851087309183,,False,2256395b21,heran aku punya presiden mantan jago tembak tapi tidak mau pantau langsung jgn2 dulu absen blusukan masuk hutan kali yaa masa kalah ma mantan terindah si tukang kayu n anaknya ya tidak ada babibu,0,2026-09-29T06:15:11Z,
IGX_000733,instagram,Dd2SQsGB4Lm,https://www.instagram.com/p/Dd2SQsGB4Lm/,"Benarkah kondisi karhutla di Kalimantan masih bisa disebut normal? Coba lihat gambaran dari udara ini! Pada 23 September 2026, Kepala BNPB Suharyanto melaporkan dalam rapat terbatas bersama Presiden b",sumardionogeologist7,2026-09-28T22:44:19Z,karhutla_kalimantan,2026-09-29,17887279734618526,,False,e3a74cf67b,presiden bagus perintahkan tanam bibit sawit semua negara tunduk indonesia cuan cuan,0,2026-09-29T06:13:05Z,
IGX_000734,instagram,Dd2SQsGB4Lm,https://www.instagram.com/p/Dd2SQsGB4Lm/,"Benarkah kondisi karhutla di Kalimantan masih bisa disebut normal? Coba lihat gambaran dari udara ini! Pada 23 September 2026, Kepala BNPB Suharyanto melaporkan dalam rapat terbatas bersama Presiden b",sumardionogeologist7,2026-09-28T22:44:19Z,karhutla_kalimantan,2026-09-29,17909188830307329,,False,b9ea8ee888,teman2 di game yang dari kalimantan bilang masih parah dan pada sakit sesak nafas lho presiden blas tidak mau buka mata apa ya miris,0,2026-09-29T06:11:16Z,
IGX_000735,instagram,Dd2SQsGB4Lm,https://www.instagram.com/p/Dd2SQsGB4Lm/,"Benarkah kondisi karhutla di Kalimantan masih bisa disebut normal? Coba lihat gambaran dari udara ini! Pada 23 September 2026, Kepala BNPB Suharyanto melaporkan dalam rapat terbatas bersama Presiden b",sumardionogeologist7,2026-09-28T22:44:19Z,karhutla_kalimantan,2026-09-29,17876033214567218,,False,e5814e2607,itu presiden goblok percaya aja apa kata anak buah goblok tergoblok,0,2026-09-29T06:10:26Z,
IGX_000736,instagram,Dd2SQsGB4Lm,https://www.instagram.com/p/Dd2SQsGB4Lm/,"Benarkah kondisi karhutla di Kalimantan masih bisa disebut normal? Coba lihat gambaran dari udara ini! Pada 23 September 2026, Kepala BNPB Suharyanto melaporkan dalam rapat terbatas bersama Presiden b",sumardionogeologist7,2026-09-28T22:44:19Z,karhutla_kalimantan,2026-09-29,18114904931071337,,False,0881e43fda,waktunya nanam sawit banyak banyak dikalimantan nanti uangnya di ambil pusat,0,2026-09-29T06:10:13Z,
IGX_000737,instagram,Dd2SQsGB4Lm,https://www.instagram.com/p/Dd2SQsGB4Lm/,"Benarkah kondisi karhutla di Kalimantan masih bisa disebut normal? Coba lihat gambaran dari udara ini! Pada 23 September 2026, Kepala BNPB Suharyanto melaporkan dalam rapat terbatas bersama Presiden b",sumardionogeologist7,2026-09-28T22:44:19Z,karhutla_kalimantan,2026-09-29,18100298153369134,,False,d777a4a10b,keseringan ditontonin youtube kids ya begitu sama babysitter,0,2026-09-29T06:09:39Z,
IGX_000738,instagram,Dd2SQsGB4Lm,https://www.instagram.com/p/Dd2SQsGB4Lm/,"Benarkah kondisi karhutla di Kalimantan masih bisa disebut normal? Coba lihat gambaran dari udara ini! Pada 23 September 2026, Kepala BNPB Suharyanto melaporkan dalam rapat terbatas bersama Presiden b",sumardionogeologist7,2026-09-28T22:44:19Z,karhutla_kalimantan,2026-09-29,18205586548322395,,False,a900904d5a,pak pres skg bilang nya saya dapat info saya dapat info sesekali turun ke lapangan pak jangan mencari backingan untuk pemilu,0,2026-09-29T06:08:12Z,
IGX_000739,instagram,Dd2SQsGB4Lm,https://www.instagram.com/p/Dd2SQsGB4Lm/,"Benarkah kondisi karhutla di Kalimantan masih bisa disebut normal? Coba lihat gambaran dari udara ini! Pada 23 September 2026, Kepala BNPB Suharyanto melaporkan dalam rapat terbatas bersama Presiden b",sumardionogeologist7,2026-09-28T22:44:19Z,karhutla_kalimantan,2026-09-29,17927956443414180,,False,7a8bdaace7,andaipun presiden tahu dia kan memang tidak peduli bila peduli harusnya diberita tv nasional sudah kita dengar pesawat khusus pemadam kebakaran lahan dicarter sebanyak unit para pembakar lahan dan hutan sudah dipenjara dan sudah dicabut hak politik dan setelah lepas dari lapas dijatuhi penjara kota seumur hidup tapi apakah kita mendengar itu,0,2026-09-29T06:07:33Z,
IGX_000740,instagram,Dd2SQsGB4Lm,https://www.instagram.com/p/Dd2SQsGB4Lm/,"Benarkah kondisi karhutla di Kalimantan masih bisa disebut normal? Coba lihat gambaran dari udara ini! Pada 23 September 2026, Kepala BNPB Suharyanto melaporkan dalam rapat terbatas bersama Presiden b",sumardionogeologist7,2026-09-28T22:44:19Z,karhutla_kalimantan,2026-09-29,17960954184211715,,False,0ad72edcf4,gabakal nyampe ke prabowo diumpetin video gini,0,2026-09-29T06:07:31Z,
IGX_000741,instagram,Dd2SQsGB4Lm,https://www.instagram.com/p/Dd2SQsGB4Lm/,"Benarkah kondisi karhutla di Kalimantan masih bisa disebut normal? Coba lihat gambaran dari udara ini! Pada 23 September 2026, Kepala BNPB Suharyanto melaporkan dalam rapat terbatas bersama Presiden b",sumardionogeologist7,2026-09-28T22:44:19Z,karhutla_kalimantan,2026-09-29,18114213248032876,,False,b0304ebddd,kari nyocot wae salah opo maneh kerjo,0,2026-09-29T06:06:49Z,
IGX_000742,instagram,Dd2SQsGB4Lm,https://www.instagram.com/p/Dd2SQsGB4Lm/,"Benarkah kondisi karhutla di Kalimantan masih bisa disebut normal? Coba lihat gambaran dari udara ini! Pada 23 September 2026, Kepala BNPB Suharyanto melaporkan dalam rapat terbatas bersama Presiden b",sumardionogeologist7,2026-09-28T22:44:19Z,karhutla_kalimantan,2026-09-29,18223513879329036,,False,49a38c1e93,yang deket karhutla bisa tidak ya orang pohon tanamin kembali hutannya,0,2026-09-29T06:05:12Z,
IGX_000743,instagram,Dd2SQsGB4Lm,https://www.instagram.com/p/Dd2SQsGB4Lm/,"Benarkah kondisi karhutla di Kalimantan masih bisa disebut normal? Coba lihat gambaran dari udara ini! Pada 23 September 2026, Kepala BNPB Suharyanto melaporkan dalam rapat terbatas bersama Presiden b",sumardionogeologist7,2026-09-28T22:44:19Z,karhutla_kalimantan,2026-09-29,18128063827841028,,False,49a38c1e93,subur sekali buat otak sawit,0,2026-09-29T06:04:26Z,
IGX_000744,instagram,Dd2SQsGB4Lm,https://www.instagram.com/p/Dd2SQsGB4Lm/,"Benarkah kondisi karhutla di Kalimantan masih bisa disebut normal? Coba lihat gambaran dari udara ini! Pada 23 September 2026, Kepala BNPB Suharyanto melaporkan dalam rapat terbatas bersama Presiden b",sumardionogeologist7,2026-09-28T22:44:19Z,karhutla_kalimantan,2026-09-29,18076471373408962,,False,f3e3585f21,tumbuhan apa yang akan tumbuh disana ah saya suka teka teki tertawa,0,2026-09-29T06:03:21Z,
IGX_000745,instagram,Dd2SQsGB4Lm,https://www.instagram.com/p/Dd2SQsGB4Lm/,"Benarkah kondisi karhutla di Kalimantan masih bisa disebut normal? Coba lihat gambaran dari udara ini! Pada 23 September 2026, Kepala BNPB Suharyanto melaporkan dalam rapat terbatas bersama Presiden b",sumardionogeologist7,2026-09-28T22:44:19Z,karhutla_kalimantan,2026-09-29,18636219874002162,,False,ee04d08b6c,itu sudah sesuai rencana kelihatan nya sudah gundul siap tanam bibit nyaa,0,2026-09-29T06:03:01Z,
IGX_000746,instagram,Dd2SQsGB4Lm,https://www.instagram.com/p/Dd2SQsGB4Lm/,"Benarkah kondisi karhutla di Kalimantan masih bisa disebut normal? Coba lihat gambaran dari udara ini! Pada 23 September 2026, Kepala BNPB Suharyanto melaporkan dalam rapat terbatas bersama Presiden b",sumardionogeologist7,2026-09-28T22:44:19Z,karhutla_kalimantan,2026-09-29,17992121646020504,,False,3e84736292,sayangnya presiden tidak maen ig,0,2026-09-29T06:01:49Z,
IGX_000747,instagram,Dd2SQsGB4Lm,https://www.instagram.com/p/Dd2SQsGB4Lm/,"Benarkah kondisi karhutla di Kalimantan masih bisa disebut normal? Coba lihat gambaran dari udara ini! Pada 23 September 2026, Kepala BNPB Suharyanto melaporkan dalam rapat terbatas bersama Presiden b",sumardionogeologist7,2026-09-28T22:44:19Z,karhutla_kalimantan,2026-09-29,18111998291326438,,False,c416635776,melek pak melek,0,2026-09-29T06:00:37Z,
IGX_000748,instagram,Dd2SQsGB4Lm,https://www.instagram.com/p/Dd2SQsGB4Lm/,"Benarkah kondisi karhutla di Kalimantan masih bisa disebut normal? Coba lihat gambaran dari udara ini! Pada 23 September 2026, Kepala BNPB Suharyanto melaporkan dalam rapat terbatas bersama Presiden b",sumardionogeologist7,2026-09-28T22:44:19Z,karhutla_kalimantan,2026-09-29,18171829228399917,,False,0a5cd59a48,wkww pejabat e kakean menjilat,0,2026-09-29T06:00:29Z,
IGX_000749,instagram,Dd2SQsGB4Lm,https://www.instagram.com/p/Dd2SQsGB4Lm/,"Benarkah kondisi karhutla di Kalimantan masih bisa disebut normal? Coba lihat gambaran dari udara ini! Pada 23 September 2026, Kepala BNPB Suharyanto melaporkan dalam rapat terbatas bersama Presiden b",sumardionogeologist7,2026-09-28T22:44:19Z,karhutla_kalimantan,2026-09-29,18097761974417305,,False,449ea0b65d,dari mana normalnya tolol,0,2026-09-29T05:58:49Z,
IGX_000750,instagram,Dd2SQsGB4Lm,https://www.instagram.com/p/Dd2SQsGB4Lm/,"Benarkah kondisi karhutla di Kalimantan masih bisa disebut normal? Coba lihat gambaran dari udara ini! Pada 23 September 2026, Kepala BNPB Suharyanto melaporkan dalam rapat terbatas bersama Presiden b",sumardionogeologist7,2026-09-28T22:44:19Z,karhutla_kalimantan,2026-09-29,18636307573052322,,False,34734bbeff,saatnya teriak walcome sawit,0,2026-09-29T05:58:43Z,
IGX_000751,instagram,Dd2SQsGB4Lm,https://www.instagram.com/p/Dd2SQsGB4Lm/,"Benarkah kondisi karhutla di Kalimantan masih bisa disebut normal? Coba lihat gambaran dari udara ini! Pada 23 September 2026, Kepala BNPB Suharyanto melaporkan dalam rapat terbatas bersama Presiden b",sumardionogeologist7,2026-09-28T22:44:19Z,karhutla_kalimantan,2026-09-29,18416656231155137,,False,cb75808536,sukses dia buka lahan buat sawit nya,0,2026-09-29T05:58:33Z,
IGX_000752,instagram,Dd2SQsGB4Lm,https://www.instagram.com/p/Dd2SQsGB4Lm/,"Benarkah kondisi karhutla di Kalimantan masih bisa disebut normal? Coba lihat gambaran dari udara ini! Pada 23 September 2026, Kepala BNPB Suharyanto melaporkan dalam rapat terbatas bersama Presiden b",sumardionogeologist7,2026-09-28T22:44:19Z,karhutla_kalimantan,2026-09-29,18105874448100223,,False,f1f6c4d6fb,gw kalau punya anak buah kyak bgitu copot,0,2026-09-29T05:55:35Z,
IGX_000753,instagram,Dd2SQsGB4Lm,https://www.instagram.com/p/Dd2SQsGB4Lm/,"Benarkah kondisi karhutla di Kalimantan masih bisa disebut normal? Coba lihat gambaran dari udara ini! Pada 23 September 2026, Kepala BNPB Suharyanto melaporkan dalam rapat terbatas bersama Presiden b",sumardionogeologist7,2026-09-28T22:44:19Z,karhutla_kalimantan,2026-09-29,18100498598528519,,False,0f72fb0a59,kalian aja yang sensian normal disinikan ya emng wajar habis ini mau di tanam sawit,0,2026-09-29T05:55:00Z,
IGX_000754,instagram,Dd2SQsGB4Lm,https://www.instagram.com/p/Dd2SQsGB4Lm/,"Benarkah kondisi karhutla di Kalimantan masih bisa disebut normal? Coba lihat gambaran dari udara ini! Pada 23 September 2026, Kepala BNPB Suharyanto melaporkan dalam rapat terbatas bersama Presiden b",sumardionogeologist7,2026-09-28T22:44:19Z,karhutla_kalimantan,2026-09-29,18076948637408252,,False,a8f614cfc2,habis itu tumbuhlah sawit,0,2026-09-29T05:54:02Z,
IGX_000755,instagram,Dd2SQsGB4Lm,https://www.instagram.com/p/Dd2SQsGB4Lm/,"Benarkah kondisi karhutla di Kalimantan masih bisa disebut normal? Coba lihat gambaran dari udara ini! Pada 23 September 2026, Kepala BNPB Suharyanto melaporkan dalam rapat terbatas bersama Presiden b",sumardionogeologist7,2026-09-28T22:44:19Z,karhutla_kalimantan,2026-09-29,18127281526848007,,False,a45a70b694,tertawa abs karena bowo sawitanto cuma pingin denger yang baik baik,0,2026-09-29T05:53:48Z,
IGX_000756,instagram,Dd2SQsGB4Lm,https://www.instagram.com/p/Dd2SQsGB4Lm/,"Benarkah kondisi karhutla di Kalimantan masih bisa disebut normal? Coba lihat gambaran dari udara ini! Pada 23 September 2026, Kepala BNPB Suharyanto melaporkan dalam rapat terbatas bersama Presiden b",sumardionogeologist7,2026-09-28T22:44:19Z,karhutla_kalimantan,2026-09-29,18150574054530263,,False,d7cd0acf98,pejabat yang ngomong normal matamu picek semoga rumahnya kebakaran,0,2026-09-29T05:52:31Z,
IGX_000757,instagram,Dd2SQsGB4Lm,https://www.instagram.com/p/Dd2SQsGB4Lm/,"Benarkah kondisi karhutla di Kalimantan masih bisa disebut normal? Coba lihat gambaran dari udara ini! Pada 23 September 2026, Kepala BNPB Suharyanto melaporkan dalam rapat terbatas bersama Presiden b",sumardionogeologist7,2026-09-28T22:44:19Z,karhutla_kalimantan,2026-09-29,18632150077005449,,False,0eec949721,katanya sawit juga tumbuhan,0,2026-09-29T05:51:56Z,
IGX_000758,instagram,Dd2SQsGB4Lm,https://www.instagram.com/p/Dd2SQsGB4Lm/,"Benarkah kondisi karhutla di Kalimantan masih bisa disebut normal? Coba lihat gambaran dari udara ini! Pada 23 September 2026, Kepala BNPB Suharyanto melaporkan dalam rapat terbatas bersama Presiden b",sumardionogeologist7,2026-09-28T22:44:19Z,karhutla_kalimantan,2026-09-29,17949464277083604,,False,3f0716663a,normal tai anying,0,2026-09-29T05:51:44Z,
IGX_000759,instagram,Dd2SQsGB4Lm,https://www.instagram.com/p/Dd2SQsGB4Lm/,"Benarkah kondisi karhutla di Kalimantan masih bisa disebut normal? Coba lihat gambaran dari udara ini! Pada 23 September 2026, Kepala BNPB Suharyanto melaporkan dalam rapat terbatas bersama Presiden b",sumardionogeologist7,2026-09-28T22:44:19Z,karhutla_kalimantan,2026-09-29,18124662449484100,,False,7a79dce4a2,cuaca hari ini bener2 helap oleh asap pedih banget mata dlm rumah pun asap masuk,0,2026-09-29T05:51:34Z,
IGX_000760,instagram,Dd2SQsGB4Lm,https://www.instagram.com/p/Dd2SQsGB4Lm/,"Benarkah kondisi karhutla di Kalimantan masih bisa disebut normal? Coba lihat gambaran dari udara ini! Pada 23 September 2026, Kepala BNPB Suharyanto melaporkan dalam rapat terbatas bersama Presiden b",sumardionogeologist7,2026-09-28T22:44:19Z,karhutla_kalimantan,2026-09-29,18387783139225314,,False,275b3da56e,titikin lokasinya bang tunggu bulan kalau tumbuh sawit brrti aman,0,2026-09-29T05:51:09Z,
IGX_000761,instagram,Dd2SQsGB4Lm,https://www.instagram.com/p/Dd2SQsGB4Lm/,"Benarkah kondisi karhutla di Kalimantan masih bisa disebut normal? Coba lihat gambaran dari udara ini! Pada 23 September 2026, Kepala BNPB Suharyanto melaporkan dalam rapat terbatas bersama Presiden b",sumardionogeologist7,2026-09-28T22:44:19Z,karhutla_kalimantan,2026-09-29,18113187251121578,,False,0dd4777015,normal pala lu ini di batam makin pekat asap nya,0,2026-09-29T05:51:01Z,
IGX_000762,instagram,Dd2SQsGB4Lm,https://www.instagram.com/p/Dd2SQsGB4Lm/,"Benarkah kondisi karhutla di Kalimantan masih bisa disebut normal? Coba lihat gambaran dari udara ini! Pada 23 September 2026, Kepala BNPB Suharyanto melaporkan dalam rapat terbatas bersama Presiden b",sumardionogeologist7,2026-09-28T22:44:19Z,karhutla_kalimantan,2026-09-29,17990848494061186,,False,bcb194c344,sakit negara siluman,0,2026-09-29T05:50:39Z,
IGX_000763,instagram,Dd2SQsGB4Lm,https://www.instagram.com/p/Dd2SQsGB4Lm/,"Benarkah kondisi karhutla di Kalimantan masih bisa disebut normal? Coba lihat gambaran dari udara ini! Pada 23 September 2026, Kepala BNPB Suharyanto melaporkan dalam rapat terbatas bersama Presiden b",sumardionogeologist7,2026-09-28T22:44:19Z,karhutla_kalimantan,2026-09-29,18271492882305536,,False,7e44536e46,kan tujuannya memang gitu bang buat nyawit,0,2026-09-29T05:49:53Z,
IGX_000764,instagram,Dd2SQsGB4Lm,https://www.instagram.com/p/Dd2SQsGB4Lm/,"Benarkah kondisi karhutla di Kalimantan masih bisa disebut normal? Coba lihat gambaran dari udara ini! Pada 23 September 2026, Kepala BNPB Suharyanto melaporkan dalam rapat terbatas bersama Presiden b",sumardionogeologist7,2026-09-28T22:44:19Z,karhutla_kalimantan,2026-09-29,17896048149608491,,False,9dea52c3ff,jujur itu normal lah tapi setelah itu janggan lupa tanam sawit bayak iya,0,2026-09-29T05:49:02Z,
IGX_000765,instagram,Dd2SQsGB4Lm,https://www.instagram.com/p/Dd2SQsGB4Lm/,"Benarkah kondisi karhutla di Kalimantan masih bisa disebut normal? Coba lihat gambaran dari udara ini! Pada 23 September 2026, Kepala BNPB Suharyanto melaporkan dalam rapat terbatas bersama Presiden b",sumardionogeologist7,2026-09-28T22:44:19Z,karhutla_kalimantan,2026-09-29,18498267580105471,,False,66a6f8ef49,biadab,0,2026-09-29T05:48:56Z,
IGX_000766,instagram,Dd2SQsGB4Lm,https://www.instagram.com/p/Dd2SQsGB4Lm/,"Benarkah kondisi karhutla di Kalimantan masih bisa disebut normal? Coba lihat gambaran dari udara ini! Pada 23 September 2026, Kepala BNPB Suharyanto melaporkan dalam rapat terbatas bersama Presiden b",sumardionogeologist7,2026-09-28T22:44:19Z,karhutla_kalimantan,2026-09-29,17915476632460093,,False,327971e0f9,shame on you ketularan jadi penjilat,0,2026-09-29T05:42:23Z,
IGX_000767,instagram,Dd2SQsGB4Lm,https://www.instagram.com/p/Dd2SQsGB4Lm/,"Benarkah kondisi karhutla di Kalimantan masih bisa disebut normal? Coba lihat gambaran dari udara ini! Pada 23 September 2026, Kepala BNPB Suharyanto melaporkan dalam rapat terbatas bersama Presiden b",sumardionogeologist7,2026-09-28T22:44:19Z,karhutla_kalimantan,2026-09-29,18464156485188462,,False,6eb49d5753,kalau laporannya jelek takut dipecat dia,0,2026-09-29T05:40:32Z,
IGX_000768,instagram,Dd2SQsGB4Lm,https://www.instagram.com/p/Dd2SQsGB4Lm/,"Benarkah kondisi karhutla di Kalimantan masih bisa disebut normal? Coba lihat gambaran dari udara ini! Pada 23 September 2026, Kepala BNPB Suharyanto melaporkan dalam rapat terbatas bersama Presiden b",sumardionogeologist7,2026-09-28T22:44:19Z,karhutla_kalimantan,2026-09-29,18126432520822962,,False,95090c4c4e,pecat lah,0,2026-09-29T05:35:06Z,
IGX_000769,instagram,Dd2SQsGB4Lm,https://www.instagram.com/p/Dd2SQsGB4Lm/,"Benarkah kondisi karhutla di Kalimantan masih bisa disebut normal? Coba lihat gambaran dari udara ini! Pada 23 September 2026, Kepala BNPB Suharyanto melaporkan dalam rapat terbatas bersama Presiden b",sumardionogeologist7,2026-09-28T22:44:19Z,karhutla_kalimantan,2026-09-29,17920520550439601,,False,059ff276e9,tenang saudara nanti akan dihijaukan dengan pohon sawit sebanyak mungkin supaya tetap terjaga kualitas udara,0,2026-09-29T05:29:49Z,
IGX_000770,instagram,Dd2SQsGB4Lm,https://www.instagram.com/p/Dd2SQsGB4Lm/,"Benarkah kondisi karhutla di Kalimantan masih bisa disebut normal? Coba lihat gambaran dari udara ini! Pada 23 September 2026, Kepala BNPB Suharyanto melaporkan dalam rapat terbatas bersama Presiden b",sumardionogeologist7,2026-09-28T22:44:19Z,karhutla_kalimantan,2026-09-29,18101969327374381,,False,54bc592a38,lalu tetap masih mau duduk jadi mentri karena belum balik modal dari ambisi politiknya,0,2026-09-29T05:28:49Z,
IGX_000771,instagram,Dd2SQsGB4Lm,https://www.instagram.com/p/Dd2SQsGB4Lm/,"Benarkah kondisi karhutla di Kalimantan masih bisa disebut normal? Coba lihat gambaran dari udara ini! Pada 23 September 2026, Kepala BNPB Suharyanto melaporkan dalam rapat terbatas bersama Presiden b",sumardionogeologist7,2026-09-28T22:44:19Z,karhutla_kalimantan,2026-09-29,17960433891210544,,False,3f02339258,mang bangsat mereka baiknya pada mati aj,0,2026-09-29T05:27:32Z,
IGX_000772,instagram,Dd2SQsGB4Lm,https://www.instagram.com/p/Dd2SQsGB4Lm/,"Benarkah kondisi karhutla di Kalimantan masih bisa disebut normal? Coba lihat gambaran dari udara ini! Pada 23 September 2026, Kepala BNPB Suharyanto melaporkan dalam rapat terbatas bersama Presiden b",sumardionogeologist7,2026-09-28T22:44:19Z,karhutla_kalimantan,2026-09-29,17884332315622225,,False,bd5771f495,na uzubillahiminzalik,0,2026-09-29T05:22:35Z,
IGX_000773,instagram,Dd2SQsGB4Lm,https://www.instagram.com/p/Dd2SQsGB4Lm/,"Benarkah kondisi karhutla di Kalimantan masih bisa disebut normal? Coba lihat gambaran dari udara ini! Pada 23 September 2026, Kepala BNPB Suharyanto melaporkan dalam rapat terbatas bersama Presiden b",sumardionogeologist7,2026-09-28T22:44:19Z,karhutla_kalimantan,2026-09-29,18115718800802498,,False,632f76c7c3,siap untuk ditanamin sawit,0,2026-09-29T05:19:50Z,
IGX_000774,instagram,Dd2SQsGB4Lm,https://www.instagram.com/p/Dd2SQsGB4Lm/,"Benarkah kondisi karhutla di Kalimantan masih bisa disebut normal? Coba lihat gambaran dari udara ini! Pada 23 September 2026, Kepala BNPB Suharyanto melaporkan dalam rapat terbatas bersama Presiden b",sumardionogeologist7,2026-09-28T22:44:19Z,karhutla_kalimantan,2026-09-29,17896975575603665,,False,49206fff58,bnpb sudah kali lo kesalahan dulu disumtra ini di kalimantan masa tidak belajar dari kesalahan yang dulu,0,2026-09-29T05:17:35Z,
IGX_000775,instagram,Dd2SQsGB4Lm,https://www.instagram.com/p/Dd2SQsGB4Lm/,"Benarkah kondisi karhutla di Kalimantan masih bisa disebut normal? Coba lihat gambaran dari udara ini! Pada 23 September 2026, Kepala BNPB Suharyanto melaporkan dalam rapat terbatas bersama Presiden b",sumardionogeologist7,2026-09-28T22:44:19Z,karhutla_kalimantan,2026-09-29,18019166012730575,,False,da02e60e52,pinjem bang buat basmi opm,0,2026-09-29T05:16:03Z,
IGX_000776,instagram,Dd2SQsGB4Lm,https://www.instagram.com/p/Dd2SQsGB4Lm/,"Benarkah kondisi karhutla di Kalimantan masih bisa disebut normal? Coba lihat gambaran dari udara ini! Pada 23 September 2026, Kepala BNPB Suharyanto melaporkan dalam rapat terbatas bersama Presiden b",sumardionogeologist7,2026-09-28T22:44:19Z,karhutla_kalimantan,2026-09-29,18406517839091980,,False,cceb2b603c,mirisnyo,0,2026-09-29T05:15:11Z,
IGX_000777,instagram,Dd2SQsGB4Lm,https://www.instagram.com/p/Dd2SQsGB4Lm/,"Benarkah kondisi karhutla di Kalimantan masih bisa disebut normal? Coba lihat gambaran dari udara ini! Pada 23 September 2026, Kepala BNPB Suharyanto melaporkan dalam rapat terbatas bersama Presiden b",sumardionogeologist7,2026-09-28T22:44:19Z,karhutla_kalimantan,2026-09-29,18096387275548399,,False,85a8d5ff26,saya mendapatkan laporan saya mendapatkan laporan seorang presiden cuma percaya sama laporan dari anak buahnya yang sedang ngibulin dia,0,2026-09-29T05:14:45Z,
IGX_000778,instagram,Dd2SQsGB4Lm,https://www.instagram.com/p/Dd2SQsGB4Lm/,"Benarkah kondisi karhutla di Kalimantan masih bisa disebut normal? Coba lihat gambaran dari udara ini! Pada 23 September 2026, Kepala BNPB Suharyanto melaporkan dalam rapat terbatas bersama Presiden b",sumardionogeologist7,2026-09-28T22:44:19Z,karhutla_kalimantan,2026-09-29,17867320542658238,,False,b1695b9c0b,katanya sawit juga pohon oleh yang katanya bapak sawit itu,0,2026-09-29T05:14:28Z,
IGX_000779,instagram,Dd2SQsGB4Lm,https://www.instagram.com/p/Dd2SQsGB4Lm/,"Benarkah kondisi karhutla di Kalimantan masih bisa disebut normal? Coba lihat gambaran dari udara ini! Pada 23 September 2026, Kepala BNPB Suharyanto melaporkan dalam rapat terbatas bersama Presiden b",sumardionogeologist7,2026-09-28T22:44:19Z,karhutla_kalimantan,2026-09-29,18215137312348518,,False,fdc7f0952b,saya dapat laporan,0,2026-09-29T05:14:23Z,
IGX_000780,instagram,Dd2SQsGB4Lm,https://www.instagram.com/p/Dd2SQsGB4Lm/,"Benarkah kondisi karhutla di Kalimantan masih bisa disebut normal? Coba lihat gambaran dari udara ini! Pada 23 September 2026, Kepala BNPB Suharyanto melaporkan dalam rapat terbatas bersama Presiden b",sumardionogeologist7,2026-09-28T22:44:19Z,karhutla_kalimantan,2026-09-29,18629432152027494,,False,f37a52d3b2,bawahannya tukang ngibul semua dan yang menerima laporan juga tololnya kebangetan buta dan tuli,0,2026-09-29T05:12:28Z,
IGX_000781,instagram,Dd2SQsGB4Lm,https://www.instagram.com/p/Dd2SQsGB4Lm/,"Benarkah kondisi karhutla di Kalimantan masih bisa disebut normal? Coba lihat gambaran dari udara ini! Pada 23 September 2026, Kepala BNPB Suharyanto melaporkan dalam rapat terbatas bersama Presiden b",sumardionogeologist7,2026-09-28T22:44:19Z,karhutla_kalimantan,2026-09-29,18113056166104438,,False,12b6c61ca6,mungkin sekelas setan yang bilang normal atau mungkin lebih buruk dari setan,0,2026-09-29T05:10:50Z,
IGX_000782,instagram,Dd2SQsGB4Lm,https://www.instagram.com/p/Dd2SQsGB4Lm/,"Benarkah kondisi karhutla di Kalimantan masih bisa disebut normal? Coba lihat gambaran dari udara ini! Pada 23 September 2026, Kepala BNPB Suharyanto melaporkan dalam rapat terbatas bersama Presiden b",sumardionogeologist7,2026-09-28T22:44:19Z,karhutla_kalimantan,2026-09-29,18626428675060732,,False,ec55609650,brani bgt presiden di boongin,0,2026-09-29T05:09:36Z,
IGX_000783,instagram,Dd2SQsGB4Lm,https://www.instagram.com/p/Dd2SQsGB4Lm/,"Benarkah kondisi karhutla di Kalimantan masih bisa disebut normal? Coba lihat gambaran dari udara ini! Pada 23 September 2026, Kepala BNPB Suharyanto melaporkan dalam rapat terbatas bersama Presiden b",sumardionogeologist7,2026-09-28T22:44:19Z,karhutla_kalimantan,2026-09-29,17950119468290270,,False,bcc70e3794,presiden sendiri itu apa tidak bisa melihat sendiri kok apa2 selaku saya mendapatkan laporan mana laporannya bohong semua gila memang,0,2026-09-29T05:09:29Z,
IGX_000784,instagram,Dd2SQsGB4Lm,https://www.instagram.com/p/Dd2SQsGB4Lm/,"Benarkah kondisi karhutla di Kalimantan masih bisa disebut normal? Coba lihat gambaran dari udara ini! Pada 23 September 2026, Kepala BNPB Suharyanto melaporkan dalam rapat terbatas bersama Presiden b",sumardionogeologist7,2026-09-28T22:44:19Z,karhutla_kalimantan,2026-09-29,17960286383997899,,False,d2f6ad83fa,itu pejabat korup yang ngomong laporan ke presidenpun di korup,0,2026-09-29T05:06:47Z,
IGX_000785,instagram,Dd2SQsGB4Lm,https://www.instagram.com/p/Dd2SQsGB4Lm/,"Benarkah kondisi karhutla di Kalimantan masih bisa disebut normal? Coba lihat gambaran dari udara ini! Pada 23 September 2026, Kepala BNPB Suharyanto melaporkan dalam rapat terbatas bersama Presiden b",sumardionogeologist7,2026-09-28T22:44:19Z,karhutla_kalimantan,2026-09-29,18021629009707524,,False,9c42c244fe,penjahat sedang di pemerintahan,0,2026-09-29T05:05:54Z,
IGX_000786,instagram,Dd2SQsGB4Lm,https://www.instagram.com/p/Dd2SQsGB4Lm/,"Benarkah kondisi karhutla di Kalimantan masih bisa disebut normal? Coba lihat gambaran dari udara ini! Pada 23 September 2026, Kepala BNPB Suharyanto melaporkan dalam rapat terbatas bersama Presiden b",sumardionogeologist7,2026-09-28T22:44:19Z,karhutla_kalimantan,2026-09-29,18144762823602077,,False,532341f391,mau di apa lagi sudah masa y bani berkuasa smoga cepat brrakhir ya allah,0,2026-09-29T05:02:29Z,
IGX_000787,instagram,Dd2SQsGB4Lm,https://www.instagram.com/p/Dd2SQsGB4Lm/,"Benarkah kondisi karhutla di Kalimantan masih bisa disebut normal? Coba lihat gambaran dari udara ini! Pada 23 September 2026, Kepala BNPB Suharyanto melaporkan dalam rapat terbatas bersama Presiden b",sumardionogeologist7,2026-09-28T22:44:19Z,karhutla_kalimantan,2026-09-29,18431786140180365,,False,0d37ac567b,masa presiden tidak punya intelijen sih sampai kondisi yang sebenarnya tidak tahu setiap laporan hrs crosscek di lapangan kan bisa ya,0,2026-09-29T05:01:16Z,
IGX_000788,instagram,Dd2SQsGB4Lm,https://www.instagram.com/p/Dd2SQsGB4Lm/,"Benarkah kondisi karhutla di Kalimantan masih bisa disebut normal? Coba lihat gambaran dari udara ini! Pada 23 September 2026, Kepala BNPB Suharyanto melaporkan dalam rapat terbatas bersama Presiden b",sumardionogeologist7,2026-09-28T22:44:19Z,karhutla_kalimantan,2026-09-29,18593115835064507,,False,cc5ca6f666,astaghfirullah habis gundul sudah ya allah tidak tahan liatnya,0,2026-09-29T05:00:31Z,
IGX_000789,instagram,Dd2SQsGB4Lm,https://www.instagram.com/p/Dd2SQsGB4Lm/,"Benarkah kondisi karhutla di Kalimantan masih bisa disebut normal? Coba lihat gambaran dari udara ini! Pada 23 September 2026, Kepala BNPB Suharyanto melaporkan dalam rapat terbatas bersama Presiden b",sumardionogeologist7,2026-09-28T22:44:19Z,karhutla_kalimantan,2026-09-29,18089587577427424,,False,a5ec8c73e0,yang sedang saya pikirkan mayan buat tanam sawit bisa untung besar,0,2026-09-29T04:59:37Z,
IGX_000790,instagram,Dd2SQsGB4Lm,https://www.instagram.com/p/Dd2SQsGB4Lm/,"Benarkah kondisi karhutla di Kalimantan masih bisa disebut normal? Coba lihat gambaran dari udara ini! Pada 23 September 2026, Kepala BNPB Suharyanto melaporkan dalam rapat terbatas bersama Presiden b",sumardionogeologist7,2026-09-28T22:44:19Z,karhutla_kalimantan,2026-09-29,18216476407349206,,False,5bd1c93951,dsruh take down ini ntr sama oemerintah,0,2026-09-29T04:56:28Z,
IGX_000791,instagram,Dd2SQsGB4Lm,https://www.instagram.com/p/Dd2SQsGB4Lm/,"Benarkah kondisi karhutla di Kalimantan masih bisa disebut normal? Coba lihat gambaran dari udara ini! Pada 23 September 2026, Kepala BNPB Suharyanto melaporkan dalam rapat terbatas bersama Presiden b",sumardionogeologist7,2026-09-28T22:44:19Z,karhutla_kalimantan,2026-09-29,17956596468250038,,False,b3b5addc70,fix pejabat tidak ada yang bisa dipercaya biarkan mereka mendapat balasannya,0,2026-09-29T04:54:23Z,
IGX_000792,instagram,Dd2SQsGB4Lm,https://www.instagram.com/p/Dd2SQsGB4Lm/,"Benarkah kondisi karhutla di Kalimantan masih bisa disebut normal? Coba lihat gambaran dari udara ini! Pada 23 September 2026, Kepala BNPB Suharyanto melaporkan dalam rapat terbatas bersama Presiden b",sumardionogeologist7,2026-09-28T22:44:19Z,karhutla_kalimantan,2026-09-29,18129445291811787,,False,513593647d,tunjukin aja bang biar dunia lihat,0,2026-09-29T04:47:42Z,
IGX_000793,instagram,Dd2SQsGB4Lm,https://www.instagram.com/p/Dd2SQsGB4Lm/,"Benarkah kondisi karhutla di Kalimantan masih bisa disebut normal? Coba lihat gambaran dari udara ini! Pada 23 September 2026, Kepala BNPB Suharyanto melaporkan dalam rapat terbatas bersama Presiden b",sumardionogeologist7,2026-09-28T22:44:19Z,karhutla_kalimantan,2026-09-29,18117706495942789,,False,ae4b284bc5,se tolol itu semua pejabat,0,2026-09-29T04:46:23Z,
IGX_000794,instagram,Dd2SQsGB4Lm,https://www.instagram.com/p/Dd2SQsGB4Lm/,"Benarkah kondisi karhutla di Kalimantan masih bisa disebut normal? Coba lihat gambaran dari udara ini! Pada 23 September 2026, Kepala BNPB Suharyanto melaporkan dalam rapat terbatas bersama Presiden b",sumardionogeologist7,2026-09-28T22:44:19Z,karhutla_kalimantan,2026-09-29,18116836969991154,,False,463c078dd7,pengen liat rudal iran nyasar ke gedung2 bkpb konoha,0,2026-09-29T04:44:06Z,
IGX_000795,instagram,Dd2SQsGB4Lm,https://www.instagram.com/p/Dd2SQsGB4Lm/,"Benarkah kondisi karhutla di Kalimantan masih bisa disebut normal? Coba lihat gambaran dari udara ini! Pada 23 September 2026, Kepala BNPB Suharyanto melaporkan dalam rapat terbatas bersama Presiden b",sumardionogeologist7,2026-09-28T22:44:19Z,karhutla_kalimantan,2026-09-29,18122832175713147,,False,0e165ef68e,nanti sama pejabat dan para buzzer peliharaannya mereka ini dibilang ai lagi,0,2026-09-29T04:42:18Z,
IGX_000796,instagram,Dd2SQsGB4Lm,https://www.instagram.com/p/Dd2SQsGB4Lm/,"Benarkah kondisi karhutla di Kalimantan masih bisa disebut normal? Coba lihat gambaran dari udara ini! Pada 23 September 2026, Kepala BNPB Suharyanto melaporkan dalam rapat terbatas bersama Presiden b",sumardionogeologist7,2026-09-28T22:44:19Z,karhutla_kalimantan,2026-09-29,17888899737682360,,False,482ece99bf,neraka api jahanam untuk kalian dan keluarga,0,2026-09-29T04:40:39Z,
IGX_000797,instagram,Dd2SQsGB4Lm,https://www.instagram.com/p/Dd2SQsGB4Lm/,"Benarkah kondisi karhutla di Kalimantan masih bisa disebut normal? Coba lihat gambaran dari udara ini! Pada 23 September 2026, Kepala BNPB Suharyanto melaporkan dalam rapat terbatas bersama Presiden b",sumardionogeologist7,2026-09-28T22:44:19Z,karhutla_kalimantan,2026-09-29,18019878551927471,,False,2637310ec7,bangun pak jangan di tipu informan mulu,0,2026-09-29T04:38:27Z,
IGX_000798,instagram,Dd2SQsGB4Lm,https://www.instagram.com/p/Dd2SQsGB4Lm/,"Benarkah kondisi karhutla di Kalimantan masih bisa disebut normal? Coba lihat gambaran dari udara ini! Pada 23 September 2026, Kepala BNPB Suharyanto melaporkan dalam rapat terbatas bersama Presiden b",sumardionogeologist7,2026-09-28T22:44:19Z,karhutla_kalimantan,2026-09-29,18056538629636420,,False,9ad8ee2ab6,mother fucker sawit,0,2026-09-29T04:38:03Z,
IGX_000799,instagram,Dd2SQsGB4Lm,https://www.instagram.com/p/Dd2SQsGB4Lm/,"Benarkah kondisi karhutla di Kalimantan masih bisa disebut normal? Coba lihat gambaran dari udara ini! Pada 23 September 2026, Kepala BNPB Suharyanto melaporkan dalam rapat terbatas bersama Presiden b",sumardionogeologist7,2026-09-28T22:44:19Z,karhutla_kalimantan,2026-09-29,18026343950873804,,False,28abe5f1fb,bentar lagi jadi gurun pasir,0,2026-09-29T04:35:24Z,
IGX_000800,instagram,Dd2SQsGB4Lm,https://www.instagram.com/p/Dd2SQsGB4Lm/,"Benarkah kondisi karhutla di Kalimantan masih bisa disebut normal? Coba lihat gambaran dari udara ini! Pada 23 September 2026, Kepala BNPB Suharyanto melaporkan dalam rapat terbatas bersama Presiden b",sumardionogeologist7,2026-09-28T22:44:19Z,karhutla_kalimantan,2026-09-29,17896738830395444,,False,4a81daf219,bangsat bajingan,0,2026-09-29T04:33:10Z,
IGX_000801,instagram,Dd2SQsGB4Lm,https://www.instagram.com/p/Dd2SQsGB4Lm/,"Benarkah kondisi karhutla di Kalimantan masih bisa disebut normal? Coba lihat gambaran dari udara ini! Pada 23 September 2026, Kepala BNPB Suharyanto melaporkan dalam rapat terbatas bersama Presiden b",sumardionogeologist7,2026-09-28T22:44:19Z,karhutla_kalimantan,2026-09-29,17969307195190012,,False,a519d8d1a9,ati ati bang di teror di suruh take down tuh video,0,2026-09-29T04:30:21Z,
IGX_000802,instagram,Dd2SQsGB4Lm,https://www.instagram.com/p/Dd2SQsGB4Lm/,"Benarkah kondisi karhutla di Kalimantan masih bisa disebut normal? Coba lihat gambaran dari udara ini! Pada 23 September 2026, Kepala BNPB Suharyanto melaporkan dalam rapat terbatas bersama Presiden b",sumardionogeologist7,2026-09-28T22:44:19Z,karhutla_kalimantan,2026-09-29,18116887747949500,,False,b7a44edeac,presiden nya juga asal laporan dari bawaan saya mendapatkan laporan asal bapak senang parah presiden sekarang,0,2026-09-29T04:21:22Z,
IGX_000803,instagram,Dd2SQsGB4Lm,https://www.instagram.com/p/Dd2SQsGB4Lm/,"Benarkah kondisi karhutla di Kalimantan masih bisa disebut normal? Coba lihat gambaran dari udara ini! Pada 23 September 2026, Kepala BNPB Suharyanto melaporkan dalam rapat terbatas bersama Presiden b",sumardionogeologist7,2026-09-28T22:44:19Z,karhutla_kalimantan,2026-09-29,18205877146367687,,False,ec54af9021,normal kepala bapak kau,0,2026-09-29T04:16:24Z,
IGX_000804,instagram,Dd2SQsGB4Lm,https://www.instagram.com/p/Dd2SQsGB4Lm/,"Benarkah kondisi karhutla di Kalimantan masih bisa disebut normal? Coba lihat gambaran dari udara ini! Pada 23 September 2026, Kepala BNPB Suharyanto melaporkan dalam rapat terbatas bersama Presiden b",sumardionogeologist7,2026-09-28T22:44:19Z,karhutla_kalimantan,2026-09-29,18099940304057462,,False,8ab6e101b3,orang tidak waras yang bilang normal geblek tidak punya otak abs mulutnya jahat mau cari aman untuk jabatan menjual penderitaan rakyat,0,2026-09-29T04:16:22Z,
IGX_000805,instagram,Dd2SQsGB4Lm,https://www.instagram.com/p/Dd2SQsGB4Lm/,"Benarkah kondisi karhutla di Kalimantan masih bisa disebut normal? Coba lihat gambaran dari udara ini! Pada 23 September 2026, Kepala BNPB Suharyanto melaporkan dalam rapat terbatas bersama Presiden b",sumardionogeologist7,2026-09-28T22:44:19Z,karhutla_kalimantan,2026-09-29,17936630676123169,,False,8e4387fa5c,normal buat ditanam sawit,0,2026-09-29T04:12:27Z,
IGX_000806,instagram,Dd2SQsGB4Lm,https://www.instagram.com/p/Dd2SQsGB4Lm/,"Benarkah kondisi karhutla di Kalimantan masih bisa disebut normal? Coba lihat gambaran dari udara ini! Pada 23 September 2026, Kepala BNPB Suharyanto melaporkan dalam rapat terbatas bersama Presiden b",sumardionogeologist7,2026-09-28T22:44:19Z,karhutla_kalimantan,2026-09-29,18021886130707105,,False,8e4387fa5c,drone nya langsung penuh debu pasti,0,2026-09-29T04:11:47Z,
IGX_000807,instagram,Dd2SQsGB4Lm,https://www.instagram.com/p/Dd2SQsGB4Lm/,"Benarkah kondisi karhutla di Kalimantan masih bisa disebut normal? Coba lihat gambaran dari udara ini! Pada 23 September 2026, Kepala BNPB Suharyanto melaporkan dalam rapat terbatas bersama Presiden b",sumardionogeologist7,2026-09-28T22:44:19Z,karhutla_kalimantan,2026-09-29,18179523016427102,,False,7d00da35a9,habis kebakaran muncullah sawit,0,2026-09-29T04:10:57Z,
IGX_000808,instagram,Dd2SQsGB4Lm,https://www.instagram.com/p/Dd2SQsGB4Lm/,"Benarkah kondisi karhutla di Kalimantan masih bisa disebut normal? Coba lihat gambaran dari udara ini! Pada 23 September 2026, Kepala BNPB Suharyanto melaporkan dalam rapat terbatas bersama Presiden b",sumardionogeologist7,2026-09-28T22:44:19Z,karhutla_kalimantan,2026-09-29,18492746011101722,,False,1b5831837e,sering terjadi dibanyak organisasi pemimpin yang tidak cakap akan dikelilingi anak buah penjilat karena mereka tahu pemimpinnya suka dijilat,0,2026-09-29T04:05:11Z,
IGX_000809,instagram,Dd2SQsGB4Lm,https://www.instagram.com/p/Dd2SQsGB4Lm/,"Benarkah kondisi karhutla di Kalimantan masih bisa disebut normal? Coba lihat gambaran dari udara ini! Pada 23 September 2026, Kepala BNPB Suharyanto melaporkan dalam rapat terbatas bersama Presiden b",sumardionogeologist7,2026-09-28T22:44:19Z,karhutla_kalimantan,2026-09-29,18166416565463109,,False,d7edcd825f,inimah di bakar bukan kebakaran,0,2026-09-29T03:50:35Z,
IGX_000810,instagram,Dd2SQsGB4Lm,https://www.instagram.com/p/Dd2SQsGB4Lm/,"Benarkah kondisi karhutla di Kalimantan masih bisa disebut normal? Coba lihat gambaran dari udara ini! Pada 23 September 2026, Kepala BNPB Suharyanto melaporkan dalam rapat terbatas bersama Presiden b",sumardionogeologist7,2026-09-28T22:44:19Z,karhutla_kalimantan,2026-09-29,18080196830397158,,False,1effc7e7ef,rugi nya punya persiden gaptek cuma mengandalkan laporan dan metri kehutanan belum di copot juga,0,2026-09-29T03:49:09Z,
IGX_000811,instagram,Dd2SQsGB4Lm,https://www.instagram.com/p/Dd2SQsGB4Lm/,"Benarkah kondisi karhutla di Kalimantan masih bisa disebut normal? Coba lihat gambaran dari udara ini! Pada 23 September 2026, Kepala BNPB Suharyanto melaporkan dalam rapat terbatas bersama Presiden b",sumardionogeologist7,2026-09-28T22:44:19Z,karhutla_kalimantan,2026-09-29,18013247222755910,,False,2b3ef0d994,normal aman dan siap ditanami sawit,0,2026-09-29T03:46:28Z,
IGX_000812,instagram,Dd2SQsGB4Lm,https://www.instagram.com/p/Dd2SQsGB4Lm/,"Benarkah kondisi karhutla di Kalimantan masih bisa disebut normal? Coba lihat gambaran dari udara ini! Pada 23 September 2026, Kepala BNPB Suharyanto melaporkan dalam rapat terbatas bersama Presiden b",sumardionogeologist7,2026-09-28T22:44:19Z,karhutla_kalimantan,2026-09-29,18139568218613301,,False,e7e571728f,normal kode sawit siap tancap gitu memang binatang,0,2026-09-29T03:45:17Z,
IGX_000813,instagram,Dd2SQsGB4Lm,https://www.instagram.com/p/Dd2SQsGB4Lm/,"Benarkah kondisi karhutla di Kalimantan masih bisa disebut normal? Coba lihat gambaran dari udara ini! Pada 23 September 2026, Kepala BNPB Suharyanto melaporkan dalam rapat terbatas bersama Presiden b",sumardionogeologist7,2026-09-28T22:44:19Z,karhutla_kalimantan,2026-09-29,18105993802953858,,False,69dd17fe05,bukan normal tapi terpaksa karena pembantu rakyatnya tidak becus sampai rakyat harus tetap aktivitas demi hidup dengan resiko sakit organ pernapasannya dzolim,0,2026-09-29T03:41:14Z,
IGX_000814,instagram,Dd2SQsGB4Lm,https://www.instagram.com/p/Dd2SQsGB4Lm/,"Benarkah kondisi karhutla di Kalimantan masih bisa disebut normal? Coba lihat gambaran dari udara ini! Pada 23 September 2026, Kepala BNPB Suharyanto melaporkan dalam rapat terbatas bersama Presiden b",sumardionogeologist7,2026-09-28T22:44:19Z,karhutla_kalimantan,2026-09-29,18107054783196273,,False,f2d0cc16ca,dipecat nnti kau disuruh klarifikasi bahwa semua itu hanya ai,0,2026-09-29T03:38:10Z,
IGX_000815,instagram,Dd2SQsGB4Lm,https://www.instagram.com/p/Dd2SQsGB4Lm/,"Benarkah kondisi karhutla di Kalimantan masih bisa disebut normal? Coba lihat gambaran dari udara ini! Pada 23 September 2026, Kepala BNPB Suharyanto melaporkan dalam rapat terbatas bersama Presiden b",sumardionogeologist7,2026-09-28T22:44:19Z,karhutla_kalimantan,2026-09-29,18106873727265297,,False,8686e1e397,betapa dzolim nya kepemimpinanmu pak,0,2026-09-29T03:37:50Z,
IGX_000816,instagram,Dd2SQsGB4Lm,https://www.instagram.com/p/Dd2SQsGB4Lm/,"Benarkah kondisi karhutla di Kalimantan masih bisa disebut normal? Coba lihat gambaran dari udara ini! Pada 23 September 2026, Kepala BNPB Suharyanto melaporkan dalam rapat terbatas bersama Presiden b",sumardionogeologist7,2026-09-28T22:44:19Z,karhutla_kalimantan,2026-09-29,17977230968917286,,False,f86b1287e7,pejabat skrng ketolong smua sama partai awal niatnya mau jdi pejabat negara yang baik giliran sudah jdi mahh masing mikirin kantong sendiri,0,2026-09-29T03:34:23Z,
IGX_000817,instagram,Dd2SQsGB4Lm,https://www.instagram.com/p/Dd2SQsGB4Lm/,"Benarkah kondisi karhutla di Kalimantan masih bisa disebut normal? Coba lihat gambaran dari udara ini! Pada 23 September 2026, Kepala BNPB Suharyanto melaporkan dalam rapat terbatas bersama Presiden b",sumardionogeologist7,2026-09-28T22:44:19Z,karhutla_kalimantan,2026-09-29,18096041171452500,,False,3c91192367,siapa yang menjaga alam kalimantan ditempel uang langsung diam kan,0,2026-09-29T03:32:20Z,
IGX_000818,instagram,Dd2SQsGB4Lm,https://www.instagram.com/p/Dd2SQsGB4Lm/,"Benarkah kondisi karhutla di Kalimantan masih bisa disebut normal? Coba lihat gambaran dari udara ini! Pada 23 September 2026, Kepala BNPB Suharyanto melaporkan dalam rapat terbatas bersama Presiden b",sumardionogeologist7,2026-09-28T22:44:19Z,karhutla_kalimantan,2026-09-29,17887033044685531,,False,abc748d24e,ini pasti yang nyebarin berita robot dan ai celetuk pejabat di sebuah negeri,0,2026-09-29T03:29:47Z,
IGX_000819,instagram,Dd2SQsGB4Lm,https://www.instagram.com/p/Dd2SQsGB4Lm/,"Benarkah kondisi karhutla di Kalimantan masih bisa disebut normal? Coba lihat gambaran dari udara ini! Pada 23 September 2026, Kepala BNPB Suharyanto melaporkan dalam rapat terbatas bersama Presiden b",sumardionogeologist7,2026-09-28T22:44:19Z,karhutla_kalimantan,2026-09-29,17932414173142287,,False,1ca23448ef,info bibit sawit nya dong pak pres,0,2026-09-29T03:29:45Z,
IGX_000820,instagram,Dd2SQsGB4Lm,https://www.instagram.com/p/Dd2SQsGB4Lm/,"Benarkah kondisi karhutla di Kalimantan masih bisa disebut normal? Coba lihat gambaran dari udara ini! Pada 23 September 2026, Kepala BNPB Suharyanto melaporkan dalam rapat terbatas bersama Presiden b",sumardionogeologist7,2026-09-28T22:44:19Z,karhutla_kalimantan,2026-09-29,18206442211366517,,False,56aded95b4,plenger,0,2026-09-29T03:27:02Z,
IGX_000821,instagram,Dd2SQsGB4Lm,https://www.instagram.com/p/Dd2SQsGB4Lm/,"Benarkah kondisi karhutla di Kalimantan masih bisa disebut normal? Coba lihat gambaran dari udara ini! Pada 23 September 2026, Kepala BNPB Suharyanto melaporkan dalam rapat terbatas bersama Presiden b",sumardionogeologist7,2026-09-28T22:44:19Z,karhutla_kalimantan,2026-09-29,18035837573841296,,False,be7cc270fd,indonesia rusak alamnya rusak ekonominya rusak mental pejabatnya,0,2026-09-29T03:21:42Z,
IGX_000822,instagram,Dd2SQsGB4Lm,https://www.instagram.com/p/Dd2SQsGB4Lm/,"Benarkah kondisi karhutla di Kalimantan masih bisa disebut normal? Coba lihat gambaran dari udara ini! Pada 23 September 2026, Kepala BNPB Suharyanto melaporkan dalam rapat terbatas bersama Presiden b",sumardionogeologist7,2026-09-28T22:44:19Z,karhutla_kalimantan,2026-09-29,18096965261535165,,False,b137252470,apakah p nya penjilat,0,2026-09-29T03:21:36Z,
IGX_000823,instagram,Dd2SQsGB4Lm,https://www.instagram.com/p/Dd2SQsGB4Lm/,"Benarkah kondisi karhutla di Kalimantan masih bisa disebut normal? Coba lihat gambaran dari udara ini! Pada 23 September 2026, Kepala BNPB Suharyanto melaporkan dalam rapat terbatas bersama Presiden b",sumardionogeologist7,2026-09-28T22:44:19Z,karhutla_kalimantan,2026-09-29,18412026985086043,,False,58e9b28426,tolol ko di pelihara normal dari mana separah itu,0,2026-09-29T03:12:47Z,
IGX_000824,instagram,Dd2SQsGB4Lm,https://www.instagram.com/p/Dd2SQsGB4Lm/,"Benarkah kondisi karhutla di Kalimantan masih bisa disebut normal? Coba lihat gambaran dari udara ini! Pada 23 September 2026, Kepala BNPB Suharyanto melaporkan dalam rapat terbatas bersama Presiden b",sumardionogeologist7,2026-09-28T22:44:19Z,karhutla_kalimantan,2026-09-29,18125235313857899,,False,f572da3608,berdampak tidak yah sama iklim kalau puluhan bahkan ratusan hektar hutan terbakar,0,2026-09-29T03:12:08Z,
IGX_000825,instagram,Dd2SQsGB4Lm,https://www.instagram.com/p/Dd2SQsGB4Lm/,"Benarkah kondisi karhutla di Kalimantan masih bisa disebut normal? Coba lihat gambaran dari udara ini! Pada 23 September 2026, Kepala BNPB Suharyanto melaporkan dalam rapat terbatas bersama Presiden b",sumardionogeologist7,2026-09-28T22:44:19Z,karhutla_kalimantan,2026-09-29,17887324587475467,,False,0506151143,normal untuk lahan sawit baru mksdnya atau normal gmna,0,2026-09-29T03:10:26Z,
IGX_000826,instagram,Dd2SQsGB4Lm,https://www.instagram.com/p/Dd2SQsGB4Lm/,"Benarkah kondisi karhutla di Kalimantan masih bisa disebut normal? Coba lihat gambaran dari udara ini! Pada 23 September 2026, Kepala BNPB Suharyanto melaporkan dalam rapat terbatas bersama Presiden b",sumardionogeologist7,2026-09-28T22:44:19Z,karhutla_kalimantan,2026-09-29,18114757097050734,,False,a9f21b6b9f,kalau pemimpin bohong jangan salahkan anak2 buah akan bohong semua gitu juga dengan omon2,0,2026-09-29T03:09:17Z,
IGX_000827,instagram,Dd2SQsGB4Lm,https://www.instagram.com/p/Dd2SQsGB4Lm/,"Benarkah kondisi karhutla di Kalimantan masih bisa disebut normal? Coba lihat gambaran dari udara ini! Pada 23 September 2026, Kepala BNPB Suharyanto melaporkan dalam rapat terbatas bersama Presiden b",sumardionogeologist7,2026-09-28T22:44:19Z,karhutla_kalimantan,2026-09-29,18135126274642148,,False,119f4f050f,sekelas aja sebut normal fungsi mereka itu apa oiya lupa mereka kan sekongkol,0,2026-09-29T03:06:43Z,
IGX_000828,instagram,Dd2SQsGB4Lm,https://www.instagram.com/p/Dd2SQsGB4Lm/,"Benarkah kondisi karhutla di Kalimantan masih bisa disebut normal? Coba lihat gambaran dari udara ini! Pada 23 September 2026, Kepala BNPB Suharyanto melaporkan dalam rapat terbatas bersama Presiden b",sumardionogeologist7,2026-09-28T22:44:19Z,karhutla_kalimantan,2026-09-29,18017057171943919,,False,bb5d30421a,presiden bloon purbaya sampai curhat karena pernah bawa laporan tentang masalah yang terjadi dan malah diomelin kata presiden lansia itu purbaya datang datang cuman ngasih laporan buruk aja,0,2026-09-29T03:06:23Z,
IGX_000829,instagram,Dd2SQsGB4Lm,https://www.instagram.com/p/Dd2SQsGB4Lm/,"Benarkah kondisi karhutla di Kalimantan masih bisa disebut normal? Coba lihat gambaran dari udara ini! Pada 23 September 2026, Kepala BNPB Suharyanto melaporkan dalam rapat terbatas bersama Presiden b",sumardionogeologist7,2026-09-28T22:44:19Z,karhutla_kalimantan,2026-09-29,18029070308888481,,False,2f8731dae5,benar benar bajingan biadab semoga masuk neraka jahanam,0,2026-09-29T03:05:40Z,
IGX_000830,instagram,Dd2SQsGB4Lm,https://www.instagram.com/p/Dd2SQsGB4Lm/,"Benarkah kondisi karhutla di Kalimantan masih bisa disebut normal? Coba lihat gambaran dari udara ini! Pada 23 September 2026, Kepala BNPB Suharyanto melaporkan dalam rapat terbatas bersama Presiden b",sumardionogeologist7,2026-09-28T22:44:19Z,karhutla_kalimantan,2026-09-29,18103630895260523,,False,d48380a7b2,tidak ada kayu bekas kebakaran minimal arang bs2 nya sebersih itu,0,2026-09-29T03:04:57Z,
IGX_000831,instagram,Dd2SQsGB4Lm,https://www.instagram.com/p/Dd2SQsGB4Lm/,"Benarkah kondisi karhutla di Kalimantan masih bisa disebut normal? Coba lihat gambaran dari udara ini! Pada 23 September 2026, Kepala BNPB Suharyanto melaporkan dalam rapat terbatas bersama Presiden b",sumardionogeologist7,2026-09-28T22:44:19Z,karhutla_kalimantan,2026-09-29,18096554417386837,,False,53a2e02079,beneran bnpb bilang gitu jgn2 selama ini yang punya salah besar di pemerintahan bukan presidennya tapi bawahan2nya yang bobrok,0,2026-09-29T03:04:56Z,
IGX_000832,instagram,Dd2SQsGB4Lm,https://www.instagram.com/p/Dd2SQsGB4Lm/,"Benarkah kondisi karhutla di Kalimantan masih bisa disebut normal? Coba lihat gambaran dari udara ini! Pada 23 September 2026, Kepala BNPB Suharyanto melaporkan dalam rapat terbatas bersama Presiden b",sumardionogeologist7,2026-09-28T22:44:19Z,karhutla_kalimantan,2026-09-29,18383653939229485,,False,2b1fe93e37,kenapa kita harus bohong ya untuk menjadi baik,0,2026-09-29T03:03:26Z,
IGX_000833,instagram,Dd2SQsGB4Lm,https://www.instagram.com/p/Dd2SQsGB4Lm/,"Benarkah kondisi karhutla di Kalimantan masih bisa disebut normal? Coba lihat gambaran dari udara ini! Pada 23 September 2026, Kepala BNPB Suharyanto melaporkan dalam rapat terbatas bersama Presiden b",sumardionogeologist7,2026-09-28T22:44:19Z,karhutla_kalimantan,2026-09-29,18137051713618487,,False,e96e2c6943,pokoke abs aja lah,0,2026-09-29T03:02:18Z,
IGX_000834,instagram,Dd2SQsGB4Lm,https://www.instagram.com/p/Dd2SQsGB4Lm/,"Benarkah kondisi karhutla di Kalimantan masih bisa disebut normal? Coba lihat gambaran dari udara ini! Pada 23 September 2026, Kepala BNPB Suharyanto melaporkan dalam rapat terbatas bersama Presiden b",sumardionogeologist7,2026-09-28T22:44:19Z,karhutla_kalimantan,2026-09-29,18111852803123258,,False,b9bef6f92b,wowo saya daoet laporan semuanya aman,0,2026-09-29T03:00:12Z,
IGX_000835,instagram,Dd2SQsGB4Lm,https://www.instagram.com/p/Dd2SQsGB4Lm/,"Benarkah kondisi karhutla di Kalimantan masih bisa disebut normal? Coba lihat gambaran dari udara ini! Pada 23 September 2026, Kepala BNPB Suharyanto melaporkan dalam rapat terbatas bersama Presiden b",sumardionogeologist7,2026-09-28T22:44:19Z,karhutla_kalimantan,2026-09-29,18124929679849364,,False,2f065b0e95,sawitnya mana biar normal,0,2026-09-29T03:00:02Z,
IGX_000836,instagram,Dd2SQsGB4Lm,https://www.instagram.com/p/Dd2SQsGB4Lm/,"Benarkah kondisi karhutla di Kalimantan masih bisa disebut normal? Coba lihat gambaran dari udara ini! Pada 23 September 2026, Kepala BNPB Suharyanto melaporkan dalam rapat terbatas bersama Presiden b",sumardionogeologist7,2026-09-28T22:44:19Z,karhutla_kalimantan,2026-09-29,18107836940178734,,False,3bd5f81f3b,normal buat sawit,0,2026-09-29T02:57:43Z,
IGX_000837,instagram,Dd2SQsGB4Lm,https://www.instagram.com/p/Dd2SQsGB4Lm/,"Benarkah kondisi karhutla di Kalimantan masih bisa disebut normal? Coba lihat gambaran dari udara ini! Pada 23 September 2026, Kepala BNPB Suharyanto melaporkan dalam rapat terbatas bersama Presiden b",sumardionogeologist7,2026-09-28T22:44:19Z,karhutla_kalimantan,2026-09-29,18116295883956508,,False,91fdc8f0f4,liat ini pak,0,2026-09-29T02:56:00Z,
IGX_000838,instagram,Dd2SQsGB4Lm,https://www.instagram.com/p/Dd2SQsGB4Lm/,"Benarkah kondisi karhutla di Kalimantan masih bisa disebut normal? Coba lihat gambaran dari udara ini! Pada 23 September 2026, Kepala BNPB Suharyanto melaporkan dalam rapat terbatas bersama Presiden b",sumardionogeologist7,2026-09-28T22:44:19Z,karhutla_kalimantan,2026-09-29,18142674727514408,,False,2a1a955f4d,kan ini sudah di inginkan,0,2026-09-29T02:55:29Z,
IGX_000839,instagram,Dd2SQsGB4Lm,https://www.instagram.com/p/Dd2SQsGB4Lm/,"Benarkah kondisi karhutla di Kalimantan masih bisa disebut normal? Coba lihat gambaran dari udara ini! Pada 23 September 2026, Kepala BNPB Suharyanto melaporkan dalam rapat terbatas bersama Presiden b",sumardionogeologist7,2026-09-28T22:44:19Z,karhutla_kalimantan,2026-09-29,18130385821748525,,False,9a01f14019,bentar lagi full s,0,2026-09-29T02:54:56Z,
IGX_000840,instagram,Dd2SQsGB4Lm,https://www.instagram.com/p/Dd2SQsGB4Lm/,"Benarkah kondisi karhutla di Kalimantan masih bisa disebut normal? Coba lihat gambaran dari udara ini! Pada 23 September 2026, Kepala BNPB Suharyanto melaporkan dalam rapat terbatas bersama Presiden b",sumardionogeologist7,2026-09-28T22:44:19Z,karhutla_kalimantan,2026-09-29,18078397028384668,,False,d41773abf8,tinggal cabut ijin denda t trus kasih gratis ke rakyat lahannya aturan baru yang bakar2 penjara seumur hidup itu aja ko repot,0,2026-09-29T02:54:56Z,
IGX_000841,instagram,Dd2SQsGB4Lm,https://www.instagram.com/p/Dd2SQsGB4Lm/,"Benarkah kondisi karhutla di Kalimantan masih bisa disebut normal? Coba lihat gambaran dari udara ini! Pada 23 September 2026, Kepala BNPB Suharyanto melaporkan dalam rapat terbatas bersama Presiden b",sumardionogeologist7,2026-09-28T22:44:19Z,karhutla_kalimantan,2026-09-29,18130084462891878,,False,93e51f9ed7,manusia serakah,1,2026-09-29T02:46:43Z,
IGX_000842,instagram,Dd2SQsGB4Lm,https://www.instagram.com/p/Dd2SQsGB4Lm/,"Benarkah kondisi karhutla di Kalimantan masih bisa disebut normal? Coba lihat gambaran dari udara ini! Pada 23 September 2026, Kepala BNPB Suharyanto melaporkan dalam rapat terbatas bersama Presiden b",sumardionogeologist7,2026-09-28T22:44:19Z,karhutla_kalimantan,2026-09-29,18559151638075542,,False,37a4c05085,presiden yang periode kali ini kebanyakan dikibulin sama para curut2 dibawah nya,0,2026-09-29T02:45:35Z,
IGX_000843,instagram,Dd2SQsGB4Lm,https://www.instagram.com/p/Dd2SQsGB4Lm/,"Benarkah kondisi karhutla di Kalimantan masih bisa disebut normal? Coba lihat gambaran dari udara ini! Pada 23 September 2026, Kepala BNPB Suharyanto melaporkan dalam rapat terbatas bersama Presiden b",sumardionogeologist7,2026-09-28T22:44:19Z,karhutla_kalimantan,2026-09-29,17981748779905515,,False,b3296ce6f2,namanya juga penjilat,0,2026-09-29T02:42:37Z,
IGX_000844,instagram,Dd2SQsGB4Lm,https://www.instagram.com/p/Dd2SQsGB4Lm/,"Benarkah kondisi karhutla di Kalimantan masih bisa disebut normal? Coba lihat gambaran dari udara ini! Pada 23 September 2026, Kepala BNPB Suharyanto melaporkan dalam rapat terbatas bersama Presiden b",sumardionogeologist7,2026-09-28T22:44:19Z,karhutla_kalimantan,2026-09-29,18132027655673053,,False,d8817e2677,asbun nya nglebihin gen alpha,0,2026-09-29T02:38:13Z,
IGX_000845,instagram,Dd2SQsGB4Lm,https://www.instagram.com/p/Dd2SQsGB4Lm/,"Benarkah kondisi karhutla di Kalimantan masih bisa disebut normal? Coba lihat gambaran dari udara ini! Pada 23 September 2026, Kepala BNPB Suharyanto melaporkan dalam rapat terbatas bersama Presiden b",sumardionogeologist7,2026-09-28T22:44:19Z,karhutla_kalimantan,2026-09-29,18127137332485777,,False,6082fe9006,karena presiden kita sudah berumur fisik dan umur mulai lemah mknya tidak prnh kelapangan jadi tidak salah stiap pidato mendapat laporan,0,2026-09-29T02:37:19Z,
IGX_000846,instagram,Dd2SQsGB4Lm,https://www.instagram.com/p/Dd2SQsGB4Lm/,"Benarkah kondisi karhutla di Kalimantan masih bisa disebut normal? Coba lihat gambaran dari udara ini! Pada 23 September 2026, Kepala BNPB Suharyanto melaporkan dalam rapat terbatas bersama Presiden b",sumardionogeologist7,2026-09-28T22:44:19Z,karhutla_kalimantan,2026-09-29,18120406804943781,,False,1f2c281234,kata wowo kalau sewa alat berat mahal bung bakar saja cuma modal korek bensin subsidi jadi lahan terbuka toh rugi kayu doang,0,2026-09-29T02:36:33Z,
IGX_000847,instagram,Dd2SQsGB4Lm,https://www.instagram.com/p/Dd2SQsGB4Lm/,"Benarkah kondisi karhutla di Kalimantan masih bisa disebut normal? Coba lihat gambaran dari udara ini! Pada 23 September 2026, Kepala BNPB Suharyanto melaporkan dalam rapat terbatas bersama Presiden b",sumardionogeologist7,2026-09-28T22:44:19Z,karhutla_kalimantan,2026-09-29,18128951116751830,,False,75981d8ace,bener2 rata dengan tanah pohon2 jaman kecil sudah hilang,0,2026-09-29T02:36:30Z,
IGX_000848,instagram,Dd2SQsGB4Lm,https://www.instagram.com/p/Dd2SQsGB4Lm/,"Benarkah kondisi karhutla di Kalimantan masih bisa disebut normal? Coba lihat gambaran dari udara ini! Pada 23 September 2026, Kepala BNPB Suharyanto melaporkan dalam rapat terbatas bersama Presiden b",sumardionogeologist7,2026-09-28T22:44:19Z,karhutla_kalimantan,2026-09-29,18130868450505860,,False,bb446bffb8,ajab kubur di kira bisa dihindari,0,2026-09-29T02:35:33Z,
IGX_000849,instagram,Dd2SQsGB4Lm,https://www.instagram.com/p/Dd2SQsGB4Lm/,"Benarkah kondisi karhutla di Kalimantan masih bisa disebut normal? Coba lihat gambaran dari udara ini! Pada 23 September 2026, Kepala BNPB Suharyanto melaporkan dalam rapat terbatas bersama Presiden b",sumardionogeologist7,2026-09-28T22:44:19Z,karhutla_kalimantan,2026-09-29,18190506898403967,,False,dcb9f38c07,arti kata normal pada kalimat bnpb siap ditanam sawit,0,2026-09-29T02:32:53Z,
IGX_000850,instagram,Dd2SQsGB4Lm,https://www.instagram.com/p/Dd2SQsGB4Lm/,"Benarkah kondisi karhutla di Kalimantan masih bisa disebut normal? Coba lihat gambaran dari udara ini! Pada 23 September 2026, Kepala BNPB Suharyanto melaporkan dalam rapat terbatas bersama Presiden b",sumardionogeologist7,2026-09-28T22:44:19Z,karhutla_kalimantan,2026-09-29,18070795526771277,,False,9275e1455a,normal buat nancapkn sawit mksdnya dy kak jdi matane picek,0,2026-09-29T02:29:02Z,
IGX_000851,instagram,Dd2SQsGB4Lm,https://www.instagram.com/p/Dd2SQsGB4Lm/,"Benarkah kondisi karhutla di Kalimantan masih bisa disebut normal? Coba lihat gambaran dari udara ini! Pada 23 September 2026, Kepala BNPB Suharyanto melaporkan dalam rapat terbatas bersama Presiden b",sumardionogeologist7,2026-09-28T22:44:19Z,karhutla_kalimantan,2026-09-29,17909403807307167,,False,f50c68d53a,kepala bnpb kontrol,0,2026-09-29T02:21:10Z,
IGX_000852,instagram,Dd2SQsGB4Lm,https://www.instagram.com/p/Dd2SQsGB4Lm/,"Benarkah kondisi karhutla di Kalimantan masih bisa disebut normal? Coba lihat gambaran dari udara ini! Pada 23 September 2026, Kepala BNPB Suharyanto melaporkan dalam rapat terbatas bersama Presiden b",sumardionogeologist7,2026-09-28T22:44:19Z,karhutla_kalimantan,2026-09-29,18028988246886786,,False,b05682b7f5,memang yang ngasih laporan ke presiden pejabat tolol dia,0,2026-09-29T02:13:33Z,
IGX_000853,instagram,Dd2SQsGB4Lm,https://www.instagram.com/p/Dd2SQsGB4Lm/,"Benarkah kondisi karhutla di Kalimantan masih bisa disebut normal? Coba lihat gambaran dari udara ini! Pada 23 September 2026, Kepala BNPB Suharyanto melaporkan dalam rapat terbatas bersama Presiden b",sumardionogeologist7,2026-09-28T22:44:19Z,karhutla_kalimantan,2026-09-29,18143130079517793,,False,861106b0da,tahun lagi menderitanya,0,2026-09-29T02:11:43Z,
IGX_000854,instagram,Dd2SQsGB4Lm,https://www.instagram.com/p/Dd2SQsGB4Lm/,"Benarkah kondisi karhutla di Kalimantan masih bisa disebut normal? Coba lihat gambaran dari udara ini! Pada 23 September 2026, Kepala BNPB Suharyanto melaporkan dalam rapat terbatas bersama Presiden b",sumardionogeologist7,2026-09-28T22:44:19Z,karhutla_kalimantan,2026-09-29,18346643821267933,,False,4fd8a8cc1d,bodohnya presiden d negara ini mau aja d bodoh2in sama bawahannya,0,2026-09-29T02:11:08Z,
IGX_000855,instagram,Dd2SQsGB4Lm,https://www.instagram.com/p/Dd2SQsGB4Lm/,"Benarkah kondisi karhutla di Kalimantan masih bisa disebut normal? Coba lihat gambaran dari udara ini! Pada 23 September 2026, Kepala BNPB Suharyanto melaporkan dalam rapat terbatas bersama Presiden b",sumardionogeologist7,2026-09-28T22:44:19Z,karhutla_kalimantan,2026-09-29,17981489844089201,,False,898f0099e7,do i lebih percaya laporan bukan fakta,0,2026-09-29T02:08:49Z,
IGX_000856,instagram,Dd2SQsGB4Lm,https://www.instagram.com/p/Dd2SQsGB4Lm/,"Benarkah kondisi karhutla di Kalimantan masih bisa disebut normal? Coba lihat gambaran dari udara ini! Pada 23 September 2026, Kepala BNPB Suharyanto melaporkan dalam rapat terbatas bersama Presiden b",sumardionogeologist7,2026-09-28T22:44:19Z,karhutla_kalimantan,2026-09-29,18236405077316886,,False,3476015211,kita buat gerakan serentak duduk manis d rmh,0,2026-09-29T02:06:47Z,
IGX_000857,instagram,Dd2SQsGB4Lm,https://www.instagram.com/p/Dd2SQsGB4Lm/,"Benarkah kondisi karhutla di Kalimantan masih bisa disebut normal? Coba lihat gambaran dari udara ini! Pada 23 September 2026, Kepala BNPB Suharyanto melaporkan dalam rapat terbatas bersama Presiden b",sumardionogeologist7,2026-09-28T22:44:19Z,karhutla_kalimantan,2026-09-29,17888921442654547,,False,784314e011,melaporkan ke pre prabo tidak pakai data visual cuma pakai data lisan,0,2026-09-29T02:05:45Z,
IGX_000858,instagram,Dd2SQsGB4Lm,https://www.instagram.com/p/Dd2SQsGB4Lm/,"Benarkah kondisi karhutla di Kalimantan masih bisa disebut normal? Coba lihat gambaran dari udara ini! Pada 23 September 2026, Kepala BNPB Suharyanto melaporkan dalam rapat terbatas bersama Presiden b",sumardionogeologist7,2026-09-28T22:44:19Z,karhutla_kalimantan,2026-09-29,18027848846855533,,False,5c943b261c,hidup sesukamu karena sungguh kamu akan mati,0,2026-09-29T02:04:01Z,
IGX_000859,instagram,Dd2SQsGB4Lm,https://www.instagram.com/p/Dd2SQsGB4Lm/,"Benarkah kondisi karhutla di Kalimantan masih bisa disebut normal? Coba lihat gambaran dari udara ini! Pada 23 September 2026, Kepala BNPB Suharyanto melaporkan dalam rapat terbatas bersama Presiden b",sumardionogeologist7,2026-09-28T22:44:19Z,karhutla_kalimantan,2026-09-29,17893561545609167,,False,7dd266fd98,kalau konten yang begini pada diem semua para penjilat penguasa,0,2026-09-29T02:01:54Z,
IGX_000860,instagram,Dd2SQsGB4Lm,https://www.instagram.com/p/Dd2SQsGB4Lm/,"Benarkah kondisi karhutla di Kalimantan masih bisa disebut normal? Coba lihat gambaran dari udara ini! Pada 23 September 2026, Kepala BNPB Suharyanto melaporkan dalam rapat terbatas bersama Presiden b",sumardionogeologist7,2026-09-28T22:44:19Z,karhutla_kalimantan,2026-09-29,18142322107579640,,False,7f0664404f,tuhan kalau mau kasih azab tolong jangan ke masyarakat yang terdampak ya kirim azabnya langsung ke orang2 dibalik layar bencana ini jangan jadikan masyarakat yang tidak bersalah jadi korbannya juga,0,2026-09-29T02:01:16Z,
IGX_000861,instagram,Dd2SQsGB4Lm,https://www.instagram.com/p/Dd2SQsGB4Lm/,"Benarkah kondisi karhutla di Kalimantan masih bisa disebut normal? Coba lihat gambaran dari udara ini! Pada 23 September 2026, Kepala BNPB Suharyanto melaporkan dalam rapat terbatas bersama Presiden b",sumardionogeologist7,2026-09-28T22:44:19Z,karhutla_kalimantan,2026-09-29,17995127238041671,,False,281f6cb0c6,gebleek itu hutan loh tdinyah knapa jadi pada savana,0,2026-09-29T01:58:22Z,
IGX_000862,instagram,Dd2SQsGB4Lm,https://www.instagram.com/p/Dd2SQsGB4Lm/,"Benarkah kondisi karhutla di Kalimantan masih bisa disebut normal? Coba lihat gambaran dari udara ini! Pada 23 September 2026, Kepala BNPB Suharyanto melaporkan dalam rapat terbatas bersama Presiden b",sumardionogeologist7,2026-09-28T22:44:19Z,karhutla_kalimantan,2026-09-29,18140569582526285,,False,fb5d7291bd,gatau tu orang ngapain aja,0,2026-09-29T01:57:36Z,
IGX_000863,instagram,Dd2SQsGB4Lm,https://www.instagram.com/p/Dd2SQsGB4Lm/,"Benarkah kondisi karhutla di Kalimantan masih bisa disebut normal? Coba lihat gambaran dari udara ini! Pada 23 September 2026, Kepala BNPB Suharyanto melaporkan dalam rapat terbatas bersama Presiden b",sumardionogeologist7,2026-09-28T22:44:19Z,karhutla_kalimantan,2026-09-29,18086829923283826,,False,dc30524332,kyk pemerintah di samping pemerintah ya dan wowo hanya dijadikan badut sirkus,0,2026-09-29T01:57:08Z,
IGX_000864,instagram,Dd2SQsGB4Lm,https://www.instagram.com/p/Dd2SQsGB4Lm/,"Benarkah kondisi karhutla di Kalimantan masih bisa disebut normal? Coba lihat gambaran dari udara ini! Pada 23 September 2026, Kepala BNPB Suharyanto melaporkan dalam rapat terbatas bersama Presiden b",sumardionogeologist7,2026-09-28T22:44:19Z,karhutla_kalimantan,2026-09-29,18117706627758022,,False,2e7325c263,sampai batam oiiìi,0,2026-09-29T01:55:29Z,
IGX_000865,instagram,Dd2SQsGB4Lm,https://www.instagram.com/p/Dd2SQsGB4Lm/,"Benarkah kondisi karhutla di Kalimantan masih bisa disebut normal? Coba lihat gambaran dari udara ini! Pada 23 September 2026, Kepala BNPB Suharyanto melaporkan dalam rapat terbatas bersama Presiden b",sumardionogeologist7,2026-09-28T22:44:19Z,karhutla_kalimantan,2026-09-29,17921542536222798,,False,b8e777a96f,kepala bnpb anjing semoga kau cepat mati binatang,0,2026-09-29T01:54:31Z,
IGX_000866,instagram,Dd2SQsGB4Lm,https://www.instagram.com/p/Dd2SQsGB4Lm/,"Benarkah kondisi karhutla di Kalimantan masih bisa disebut normal? Coba lihat gambaran dari udara ini! Pada 23 September 2026, Kepala BNPB Suharyanto melaporkan dalam rapat terbatas bersama Presiden b",sumardionogeologist7,2026-09-28T22:44:19Z,karhutla_kalimantan,2026-09-29,17869846131642771,,False,d4729046f3,abs,0,2026-09-29T01:53:06Z,
IGX_000867,instagram,Dd2SQsGB4Lm,https://www.instagram.com/p/Dd2SQsGB4Lm/,"Benarkah kondisi karhutla di Kalimantan masih bisa disebut normal? Coba lihat gambaran dari udara ini! Pada 23 September 2026, Kepala BNPB Suharyanto melaporkan dalam rapat terbatas bersama Presiden b",sumardionogeologist7,2026-09-28T22:44:19Z,karhutla_kalimantan,2026-09-29,18121078448317482,,False,cf0d924c1a,diambil perhutani sj atau buah buahan sudah mulai listrik mgkn bgtu,0,2026-09-29T01:45:17Z,
IGX_000868,instagram,Dd2SQsGB4Lm,https://www.instagram.com/p/Dd2SQsGB4Lm/,"Benarkah kondisi karhutla di Kalimantan masih bisa disebut normal? Coba lihat gambaran dari udara ini! Pada 23 September 2026, Kepala BNPB Suharyanto melaporkan dalam rapat terbatas bersama Presiden b",sumardionogeologist7,2026-09-28T22:44:19Z,karhutla_kalimantan,2026-09-29,18119875177737775,,False,8a55eb47aa,tidak lama bakal dtnamin sawit sama orang2 itu,0,2026-09-29T01:44:01Z,
IGX_000869,instagram,Dd2SQsGB4Lm,https://www.instagram.com/p/Dd2SQsGB4Lm/,"Benarkah kondisi karhutla di Kalimantan masih bisa disebut normal? Coba lihat gambaran dari udara ini! Pada 23 September 2026, Kepala BNPB Suharyanto melaporkan dalam rapat terbatas bersama Presiden b",sumardionogeologist7,2026-09-28T22:44:19Z,karhutla_kalimantan,2026-09-29,18149912989499273,,False,64977a623f,maksud nya normal bagi yang otak nya tidak normal kalau yang otak nya normal past bilang tidak normal cara memahami pejabat ya bgtu harus upnormal,0,2026-09-29T01:43:50Z,
IGX_000870,instagram,Dd2SQsGB4Lm,https://www.instagram.com/p/Dd2SQsGB4Lm/,"Benarkah kondisi karhutla di Kalimantan masih bisa disebut normal? Coba lihat gambaran dari udara ini! Pada 23 September 2026, Kepala BNPB Suharyanto melaporkan dalam rapat terbatas bersama Presiden b",sumardionogeologist7,2026-09-28T22:44:19Z,karhutla_kalimantan,2026-09-29,18143150836595244,,False,87bdfa1860,bentar lagi hijau lagi itu habis hutan tumbuhlah sawit kan sama sama pohon gitu aja tidak ngerti,0,2026-09-29T01:41:06Z,
IGX_000871,instagram,Dd2SQsGB4Lm,https://www.instagram.com/p/Dd2SQsGB4Lm/,"Benarkah kondisi karhutla di Kalimantan masih bisa disebut normal? Coba lihat gambaran dari udara ini! Pada 23 September 2026, Kepala BNPB Suharyanto melaporkan dalam rapat terbatas bersama Presiden b",sumardionogeologist7,2026-09-28T22:44:19Z,karhutla_kalimantan,2026-09-29,18076109936436424,,False,0c296f4bd3,memang pejabat negeri ini tahun terakhir kurang amanah mereka abs asal babeh senang,0,2026-09-29T01:38:40Z,
IGX_000872,instagram,Dd2SQsGB4Lm,https://www.instagram.com/p/Dd2SQsGB4Lm/,"Benarkah kondisi karhutla di Kalimantan masih bisa disebut normal? Coba lihat gambaran dari udara ini! Pada 23 September 2026, Kepala BNPB Suharyanto melaporkan dalam rapat terbatas bersama Presiden b",sumardionogeologist7,2026-09-28T22:44:19Z,karhutla_kalimantan,2026-09-29,17907114228484870,,False,c2edc75185,abs asal boss senang,0,2026-09-29T01:37:03Z,
IGX_000873,instagram,Dd2SQsGB4Lm,https://www.instagram.com/p/Dd2SQsGB4Lm/,"Benarkah kondisi karhutla di Kalimantan masih bisa disebut normal? Coba lihat gambaran dari udara ini! Pada 23 September 2026, Kepala BNPB Suharyanto melaporkan dalam rapat terbatas bersama Presiden b",sumardionogeologist7,2026-09-28T22:44:19Z,karhutla_kalimantan,2026-09-29,18129581890790864,,False,fe7d665a6c,kalau para pemimpin di konoha sehat dan waras pasti berbondong2 mengundurkan diri karena tidak sanggup bekerja dengan baik tapi apa dikata inilah negeri yang para pemimpinnya tidak py malu tidak py empati sedikitpun,0,2026-09-29T01:37:01Z,
IGX_000874,instagram,Dd2SQsGB4Lm,https://www.instagram.com/p/Dd2SQsGB4Lm/,"Benarkah kondisi karhutla di Kalimantan masih bisa disebut normal? Coba lihat gambaran dari udara ini! Pada 23 September 2026, Kepala BNPB Suharyanto melaporkan dalam rapat terbatas bersama Presiden b",sumardionogeologist7,2026-09-28T22:44:19Z,karhutla_kalimantan,2026-09-29,17881880394525205,,False,1f2ee4fcd4,budaya korupsi kolusi nepotisme bahkan abs ternyata masih ada bahkan lebih parah sudah terang2an semoga negara tetap aman dan berdaulat tpi tipis harapan sudah ditegur dengan musibah banjir gunung meletus kebakaran gempa bumi kriminal yang tinggi punahnya hewan2 na udzubillahi,0,2026-09-29T01:35:20Z,
IGX_000875,instagram,Dd2SQsGB4Lm,https://www.instagram.com/p/Dd2SQsGB4Lm/,"Benarkah kondisi karhutla di Kalimantan masih bisa disebut normal? Coba lihat gambaran dari udara ini! Pada 23 September 2026, Kepala BNPB Suharyanto melaporkan dalam rapat terbatas bersama Presiden b",sumardionogeologist7,2026-09-28T22:44:19Z,karhutla_kalimantan,2026-09-29,17972478969136352,,False,dec0a34d45,semua akan nyawit pada waktunya,0,2026-09-29T01:34:12Z,
IGX_000876,instagram,Dd2SQsGB4Lm,https://www.instagram.com/p/Dd2SQsGB4Lm/,"Benarkah kondisi karhutla di Kalimantan masih bisa disebut normal? Coba lihat gambaran dari udara ini! Pada 23 September 2026, Kepala BNPB Suharyanto melaporkan dalam rapat terbatas bersama Presiden b",sumardionogeologist7,2026-09-28T22:44:19Z,karhutla_kalimantan,2026-09-29,18626438407015526,,False,d78bc55702,tak beradab mmg,0,2026-09-29T01:32:22Z,
IGX_000877,instagram,Dd2SQsGB4Lm,https://www.instagram.com/p/Dd2SQsGB4Lm/,"Benarkah kondisi karhutla di Kalimantan masih bisa disebut normal? Coba lihat gambaran dari udara ini! Pada 23 September 2026, Kepala BNPB Suharyanto melaporkan dalam rapat terbatas bersama Presiden b",sumardionogeologist7,2026-09-28T22:44:19Z,karhutla_kalimantan,2026-09-29,18109802561144098,,False,d2fb892d98,kepala bnpb yang tidak normal,0,2026-09-29T01:31:48Z,
IGX_000878,instagram,Dd2SQsGB4Lm,https://www.instagram.com/p/Dd2SQsGB4Lm/,"Benarkah kondisi karhutla di Kalimantan masih bisa disebut normal? Coba lihat gambaran dari udara ini! Pada 23 September 2026, Kepala BNPB Suharyanto melaporkan dalam rapat terbatas bersama Presiden b",sumardionogeologist7,2026-09-28T22:44:19Z,karhutla_kalimantan,2026-09-29,18283921549294892,,False,5c07a2897e,u luwasnya ladang sawit tu,0,2026-09-29T01:30:30Z,
IGX_000879,instagram,Dd2SQsGB4Lm,https://www.instagram.com/p/Dd2SQsGB4Lm/,"Benarkah kondisi karhutla di Kalimantan masih bisa disebut normal? Coba lihat gambaran dari udara ini! Pada 23 September 2026, Kepala BNPB Suharyanto melaporkan dalam rapat terbatas bersama Presiden b",sumardionogeologist7,2026-09-28T22:44:19Z,karhutla_kalimantan,2026-09-29,17990543805106948,,False,d866f8e380,digaji dari pajak rakyat untuk membohongi rakyat,0,2026-09-29T01:29:17Z,
IGX_000880,instagram,Dd2SQsGB4Lm,https://www.instagram.com/p/Dd2SQsGB4Lm/,"Benarkah kondisi karhutla di Kalimantan masih bisa disebut normal? Coba lihat gambaran dari udara ini! Pada 23 September 2026, Kepala BNPB Suharyanto melaporkan dalam rapat terbatas bersama Presiden b",sumardionogeologist7,2026-09-28T22:44:19Z,karhutla_kalimantan,2026-09-29,18134564683635930,,False,0a6d3edad0,aneh aneh kalau nyomong ke ri mboh yang seada2nya presiden juga orang biasa dan menerima laporan2kan masa bawahan laporan tidak benar sih,0,2026-09-29T01:27:06Z,
IGX_000881,instagram,Dd2SQsGB4Lm,https://www.instagram.com/p/Dd2SQsGB4Lm/,"Benarkah kondisi karhutla di Kalimantan masih bisa disebut normal? Coba lihat gambaran dari udara ini! Pada 23 September 2026, Kepala BNPB Suharyanto melaporkan dalam rapat terbatas bersama Presiden b",sumardionogeologist7,2026-09-28T22:44:19Z,karhutla_kalimantan,2026-09-29,18139640155621186,,False,1e63f630cd,njirr normal,0,2026-09-29T01:26:58Z,
IGX_000882,instagram,Dd2SQsGB4Lm,https://www.instagram.com/p/Dd2SQsGB4Lm/,"Benarkah kondisi karhutla di Kalimantan masih bisa disebut normal? Coba lihat gambaran dari udara ini! Pada 23 September 2026, Kepala BNPB Suharyanto melaporkan dalam rapat terbatas bersama Presiden b",sumardionogeologist7,2026-09-28T22:44:19Z,karhutla_kalimantan,2026-09-29,18067251812598010,,False,703b105b11,gilak pejabat2 tidak berhenti2nya ngejilat tunggu aja sampai hancur semua sda atau nanti rakyat yang akan menagih janji,0,2026-09-29T01:25:07Z,
IGX_000883,instagram,Dd2SQsGB4Lm,https://www.instagram.com/p/Dd2SQsGB4Lm/,"Benarkah kondisi karhutla di Kalimantan masih bisa disebut normal? Coba lihat gambaran dari udara ini! Pada 23 September 2026, Kepala BNPB Suharyanto melaporkan dalam rapat terbatas bersama Presiden b",sumardionogeologist7,2026-09-28T22:44:19Z,karhutla_kalimantan,2026-09-29,17971618011139582,,False,28599fd927,prabowo tergantung laporan lapiran tinggal di rekayasa,0,2026-09-29T01:24:37Z,
IGX_000884,instagram,Dd2SQsGB4Lm,https://www.instagram.com/p/Dd2SQsGB4Lm/,"Benarkah kondisi karhutla di Kalimantan masih bisa disebut normal? Coba lihat gambaran dari udara ini! Pada 23 September 2026, Kepala BNPB Suharyanto melaporkan dalam rapat terbatas bersama Presiden b",sumardionogeologist7,2026-09-28T22:44:19Z,karhutla_kalimantan,2026-09-29,17990173101024310,,False,da4c429c8e,rakyat jadi saksi buat kebusukan kau di hari pembangkitan nanti pemimpin krup,0,2026-09-29T01:20:58Z,
IGX_000885,instagram,Dd2SQsGB4Lm,https://www.instagram.com/p/Dd2SQsGB4Lm/,"Benarkah kondisi karhutla di Kalimantan masih bisa disebut normal? Coba lihat gambaran dari udara ini! Pada 23 September 2026, Kepala BNPB Suharyanto melaporkan dalam rapat terbatas bersama Presiden b",sumardionogeologist7,2026-09-28T22:44:19Z,karhutla_kalimantan,2026-09-29,17975039847136492,,False,2a27689c7e,ada yang salah dengan negara ini,0,2026-09-29T01:16:12Z,
IGX_000886,instagram,Dd2SQsGB4Lm,https://www.instagram.com/p/Dd2SQsGB4Lm/,"Benarkah kondisi karhutla di Kalimantan masih bisa disebut normal? Coba lihat gambaran dari udara ini! Pada 23 September 2026, Kepala BNPB Suharyanto melaporkan dalam rapat terbatas bersama Presiden b",sumardionogeologist7,2026-09-28T22:44:19Z,karhutla_kalimantan,2026-09-29,17895567204412716,,False,bd22df4705,ya salah presiden pokoknya semua salah presiden pemda pemprov apalagi masyarakat tidak salah presiden kita kan superman bisa apa2 sendiri,0,2026-09-29T01:15:42Z,
IGX_000887,instagram,Dd2SQsGB4Lm,https://www.instagram.com/p/Dd2SQsGB4Lm/,"Benarkah kondisi karhutla di Kalimantan masih bisa disebut normal? Coba lihat gambaran dari udara ini! Pada 23 September 2026, Kepala BNPB Suharyanto melaporkan dalam rapat terbatas bersama Presiden b",sumardionogeologist7,2026-09-28T22:44:19Z,karhutla_kalimantan,2026-09-29,18021906023870631,,False,f483a97160,kan memang goblok beneran bukan pura2,0,2026-09-29T01:08:40Z,
IGX_000888,instagram,Dd2SQsGB4Lm,https://www.instagram.com/p/Dd2SQsGB4Lm/,"Benarkah kondisi karhutla di Kalimantan masih bisa disebut normal? Coba lihat gambaran dari udara ini! Pada 23 September 2026, Kepala BNPB Suharyanto melaporkan dalam rapat terbatas bersama Presiden b",sumardionogeologist7,2026-09-28T22:44:19Z,karhutla_kalimantan,2026-09-29,17896872585405093,,False,64b13aaed8,sudah tidak bisa ber word word lg untuk negeri ini,0,2026-09-29T01:08:01Z,
IGX_000889,instagram,Dd2SQsGB4Lm,https://www.instagram.com/p/Dd2SQsGB4Lm/,"Benarkah kondisi karhutla di Kalimantan masih bisa disebut normal? Coba lihat gambaran dari udara ini! Pada 23 September 2026, Kepala BNPB Suharyanto melaporkan dalam rapat terbatas bersama Presiden b",sumardionogeologist7,2026-09-28T22:44:19Z,karhutla_kalimantan,2026-09-29,18075388415464926,,False,41afcbc483,pemprov sama pemda tidak protes apa ya ke pemerintah,0,2026-09-29T01:06:38Z,
IGX_000890,instagram,Dd2SQsGB4Lm,https://www.instagram.com/p/Dd2SQsGB4Lm/,"Benarkah kondisi karhutla di Kalimantan masih bisa disebut normal? Coba lihat gambaran dari udara ini! Pada 23 September 2026, Kepala BNPB Suharyanto melaporkan dalam rapat terbatas bersama Presiden b",sumardionogeologist7,2026-09-28T22:44:19Z,karhutla_kalimantan,2026-09-29,17867197455661889,,False,8d3909bf9f,ganti sdm swiss,0,2026-09-29T01:00:46Z,
IGX_000891,instagram,Dd2SQsGB4Lm,https://www.instagram.com/p/Dd2SQsGB4Lm/,"Benarkah kondisi karhutla di Kalimantan masih bisa disebut normal? Coba lihat gambaran dari udara ini! Pada 23 September 2026, Kepala BNPB Suharyanto melaporkan dalam rapat terbatas bersama Presiden b",sumardionogeologist7,2026-09-28T22:44:19Z,karhutla_kalimantan,2026-09-29,18114617258084814,,False,1ecfc28afa,saya mendapat laporan,0,2026-09-29T00:58:01Z,
IGX_000892,instagram,Dd2SQsGB4Lm,https://www.instagram.com/p/Dd2SQsGB4Lm/,"Benarkah kondisi karhutla di Kalimantan masih bisa disebut normal? Coba lihat gambaran dari udara ini! Pada 23 September 2026, Kepala BNPB Suharyanto melaporkan dalam rapat terbatas bersama Presiden b",sumardionogeologist7,2026-09-28T22:44:19Z,karhutla_kalimantan,2026-09-29,17897761347607419,,False,3d6af319df,selama hujan belum turun,0,2026-09-29T00:57:39Z,
IGX_000893,instagram,Dd2SQsGB4Lm,https://www.instagram.com/p/Dd2SQsGB4Lm/,"Benarkah kondisi karhutla di Kalimantan masih bisa disebut normal? Coba lihat gambaran dari udara ini! Pada 23 September 2026, Kepala BNPB Suharyanto melaporkan dalam rapat terbatas bersama Presiden b",sumardionogeologist7,2026-09-28T22:44:19Z,karhutla_kalimantan,2026-09-29,18097950203562084,,False,65b87211d7,perusahan asing cuma dikenai sanksi sedengkan pelakumya dipenjarakan muka indonesia semprot tetangga warga nya kena asma dl,0,2026-09-29T00:52:45Z,
IGX_000894,instagram,Dd2SQsGB4Lm,https://www.instagram.com/p/Dd2SQsGB4Lm/,"Benarkah kondisi karhutla di Kalimantan masih bisa disebut normal? Coba lihat gambaran dari udara ini! Pada 23 September 2026, Kepala BNPB Suharyanto melaporkan dalam rapat terbatas bersama Presiden b",sumardionogeologist7,2026-09-28T22:44:19Z,karhutla_kalimantan,2026-09-29,18097640432552147,,False,0710cd3db6,pejabat pd goblk,0,2026-09-29T00:52:09Z,
IGX_000895,instagram,Dd2SQsGB4Lm,https://www.instagram.com/p/Dd2SQsGB4Lm/,"Benarkah kondisi karhutla di Kalimantan masih bisa disebut normal? Coba lihat gambaran dari udara ini! Pada 23 September 2026, Kepala BNPB Suharyanto melaporkan dalam rapat terbatas bersama Presiden b",sumardionogeologist7,2026-09-28T22:44:19Z,karhutla_kalimantan,2026-09-29,17911013664550363,,False,8051471ce6,lhah itu normal yang g normal yang banyak pohonya,0,2026-09-29T00:51:29Z,
IGX_000896,instagram,Dd2SQsGB4Lm,https://www.instagram.com/p/Dd2SQsGB4Lm/,"Benarkah kondisi karhutla di Kalimantan masih bisa disebut normal? Coba lihat gambaran dari udara ini! Pada 23 September 2026, Kepala BNPB Suharyanto melaporkan dalam rapat terbatas bersama Presiden b",sumardionogeologist7,2026-09-28T22:44:19Z,karhutla_kalimantan,2026-09-29,18112085600159551,,False,0677763a74,pejabat penjilat munafik,0,2026-09-29T00:47:22Z,
IGX_000897,instagram,Dd2SQsGB4Lm,https://www.instagram.com/p/Dd2SQsGB4Lm/,"Benarkah kondisi karhutla di Kalimantan masih bisa disebut normal? Coba lihat gambaran dari udara ini! Pada 23 September 2026, Kepala BNPB Suharyanto melaporkan dalam rapat terbatas bersama Presiden b",sumardionogeologist7,2026-09-28T22:44:19Z,karhutla_kalimantan,2026-09-29,17990391117100238,,False,86eb6ca120,pemimpin zolim,0,2026-09-29T00:46:31Z,
IGX_000898,instagram,Dd2SQsGB4Lm,https://www.instagram.com/p/Dd2SQsGB4Lm/,"Benarkah kondisi karhutla di Kalimantan masih bisa disebut normal? Coba lihat gambaran dari udara ini! Pada 23 September 2026, Kepala BNPB Suharyanto melaporkan dalam rapat terbatas bersama Presiden b",sumardionogeologist7,2026-09-28T22:44:19Z,karhutla_kalimantan,2026-09-29,17885951205486915,,False,78e5daaa55,tolong liat pa,0,2026-09-29T00:45:24Z,
IGX_000899,instagram,Dd2SQsGB4Lm,https://www.instagram.com/p/Dd2SQsGB4Lm/,"Benarkah kondisi karhutla di Kalimantan masih bisa disebut normal? Coba lihat gambaran dari udara ini! Pada 23 September 2026, Kepala BNPB Suharyanto melaporkan dalam rapat terbatas bersama Presiden b",sumardionogeologist7,2026-09-28T22:44:19Z,karhutla_kalimantan,2026-09-29,18123298352484354,,False,7a3a3ecd59,ada yang salah dengan pemerintahan prabowo,0,2026-09-29T00:42:53Z,
IGX_000900,instagram,Dd2SQsGB4Lm,https://www.instagram.com/p/Dd2SQsGB4Lm/,"Benarkah kondisi karhutla di Kalimantan masih bisa disebut normal? Coba lihat gambaran dari udara ini! Pada 23 September 2026, Kepala BNPB Suharyanto melaporkan dalam rapat terbatas bersama Presiden b",sumardionogeologist7,2026-09-28T22:44:19Z,karhutla_kalimantan,2026-09-29,18096768677108052,,False,67fffc8c2e,warga bisa hidup normal karena memaklumi kondisi agar masih bisa beraktifitas bukan berati senang dengan kondisi ini wahai pejabat plenger,0,2026-09-29T00:39:28Z,
IGX_000901,instagram,Dd2SQsGB4Lm,https://www.instagram.com/p/Dd2SQsGB4Lm/,"Benarkah kondisi karhutla di Kalimantan masih bisa disebut normal? Coba lihat gambaran dari udara ini! Pada 23 September 2026, Kepala BNPB Suharyanto melaporkan dalam rapat terbatas bersama Presiden b",sumardionogeologist7,2026-09-28T22:44:19Z,karhutla_kalimantan,2026-09-29,17891764752615336,,False,10861ee945,negara kalau yang lola agak2 otak nya ya gini,0,2026-09-29T00:36:54Z,
IGX_000902,instagram,Dd2SQsGB4Lm,https://www.instagram.com/p/Dd2SQsGB4Lm/,"Benarkah kondisi karhutla di Kalimantan masih bisa disebut normal? Coba lihat gambaran dari udara ini! Pada 23 September 2026, Kepala BNPB Suharyanto melaporkan dalam rapat terbatas bersama Presiden b",sumardionogeologist7,2026-09-28T22:44:19Z,karhutla_kalimantan,2026-09-29,18030897482677549,,False,7397a0b193,coba setelahnya negara bikin program reboisasi dengan tanaman endemik situ berani tidak ya atau sawitisasi,0,2026-09-29T00:22:12Z,
IGX_000903,instagram,Dd2SQsGB4Lm,https://www.instagram.com/p/Dd2SQsGB4Lm/,"Benarkah kondisi karhutla di Kalimantan masih bisa disebut normal? Coba lihat gambaran dari udara ini! Pada 23 September 2026, Kepala BNPB Suharyanto melaporkan dalam rapat terbatas bersama Presiden b",sumardionogeologist7,2026-09-28T22:44:19Z,karhutla_kalimantan,2026-09-29,18095625485432495,,False,cb74d76612,sudah gx bisa disebut hutan,0,2026-09-29T00:18:54Z,
IGX_000904,instagram,Dd2SQsGB4Lm,https://www.instagram.com/p/Dd2SQsGB4Lm/,"Benarkah kondisi karhutla di Kalimantan masih bisa disebut normal? Coba lihat gambaran dari udara ini! Pada 23 September 2026, Kepala BNPB Suharyanto melaporkan dalam rapat terbatas bersama Presiden b",sumardionogeologist7,2026-09-28T22:44:19Z,karhutla_kalimantan,2026-09-29,18409140235084855,,False,2785fbed9b,pera pejabatnya penjilat abs asal bapak senang,0,2026-09-29T00:15:35Z,
IGX_000905,instagram,Dd2SQsGB4Lm,https://www.instagram.com/p/Dd2SQsGB4Lm/,"Benarkah kondisi karhutla di Kalimantan masih bisa disebut normal? Coba lihat gambaran dari udara ini! Pada 23 September 2026, Kepala BNPB Suharyanto melaporkan dalam rapat terbatas bersama Presiden b",sumardionogeologist7,2026-09-28T22:44:19Z,karhutla_kalimantan,2026-09-29,18148419400556810,,False,9cf1fa77bd,apakah mesti viral dulu seperti lapas cibining,0,2026-09-28T23:49:22Z,
IGX_000906,instagram,Dd2SQsGB4Lm,https://www.instagram.com/p/Dd2SQsGB4Lm/,"Benarkah kondisi karhutla di Kalimantan masih bisa disebut normal? Coba lihat gambaran dari udara ini! Pada 23 September 2026, Kepala BNPB Suharyanto melaporkan dalam rapat terbatas bersama Presiden b",sumardionogeologist7,2026-09-28T22:44:19Z,karhutla_kalimantan,2026-09-29,17964001523979922,,False,1f77a84fd3,di keruk habis2an tanah kalimantan oligarki pemerintah yang merangkap pengusaha dan pemberi izin tambang hutan dan perkebunan,0,2026-09-28T23:46:28Z,
IGX_000907,instagram,Dd2SQsGB4Lm,https://www.instagram.com/p/Dd2SQsGB4Lm/,"Benarkah kondisi karhutla di Kalimantan masih bisa disebut normal? Coba lihat gambaran dari udara ini! Pada 23 September 2026, Kepala BNPB Suharyanto melaporkan dalam rapat terbatas bersama Presiden b",sumardionogeologist7,2026-09-28T22:44:19Z,karhutla_kalimantan,2026-09-29,17976861758924850,,False,0bb147e750,besok sawit tumbuh,0,2026-09-28T23:42:14Z,
IGX_000908,instagram,Dd2SQsGB4Lm,https://www.instagram.com/p/Dd2SQsGB4Lm/,"Benarkah kondisi karhutla di Kalimantan masih bisa disebut normal? Coba lihat gambaran dari udara ini! Pada 23 September 2026, Kepala BNPB Suharyanto melaporkan dalam rapat terbatas bersama Presiden b",sumardionogeologist7,2026-09-28T22:44:19Z,karhutla_kalimantan,2026-09-29,17947651191323282,,False,41028add62,kebiasaan abs,0,2026-09-28T23:36:34Z,
IGX_000909,instagram,Dd2SQsGB4Lm,https://www.instagram.com/p/Dd2SQsGB4Lm/,"Benarkah kondisi karhutla di Kalimantan masih bisa disebut normal? Coba lihat gambaran dari udara ini! Pada 23 September 2026, Kepala BNPB Suharyanto melaporkan dalam rapat terbatas bersama Presiden b",sumardionogeologist7,2026-09-28T22:44:19Z,karhutla_kalimantan,2026-09-29,18092371790652432,,False,c2a1063db7,boti tidak peduli,0,2026-09-28T23:24:22Z,
IGX_000910,instagram,Dd2SQsGB4Lm,https://www.instagram.com/p/Dd2SQsGB4Lm/,"Benarkah kondisi karhutla di Kalimantan masih bisa disebut normal? Coba lihat gambaran dari udara ini! Pada 23 September 2026, Kepala BNPB Suharyanto melaporkan dalam rapat terbatas bersama Presiden b",sumardionogeologist7,2026-09-28T22:44:19Z,karhutla_kalimantan,2026-09-29,18123860647910064,,False,07195157c2,pulau paling kasihan kalimantan,0,2026-09-28T23:22:29Z,
IGX_000911,instagram,Dd2SQsGB4Lm,https://www.instagram.com/p/Dd2SQsGB4Lm/,"Benarkah kondisi karhutla di Kalimantan masih bisa disebut normal? Coba lihat gambaran dari udara ini! Pada 23 September 2026, Kepala BNPB Suharyanto melaporkan dalam rapat terbatas bersama Presiden b",sumardionogeologist7,2026-09-28T22:44:19Z,karhutla_kalimantan,2026-09-29,18100172291052657,,False,07195157c2,ngeri kalimantan pulau terkasihan,0,2026-09-28T23:22:02Z,
IGX_000912,instagram,Dd2SQsGB4Lm,https://www.instagram.com/p/Dd2SQsGB4Lm/,"Benarkah kondisi karhutla di Kalimantan masih bisa disebut normal? Coba lihat gambaran dari udara ini! Pada 23 September 2026, Kepala BNPB Suharyanto melaporkan dalam rapat terbatas bersama Presiden b",sumardionogeologist7,2026-09-28T22:44:19Z,karhutla_kalimantan,2026-09-29,18009101456771621,,False,b08aeec9d1,bangsat banget pejabat indo ini kebanyakan makan uang haram,0,2026-09-28T23:08:29Z,
IGX_000913,instagram,Dd2SQsGB4Lm,https://www.instagram.com/p/Dd2SQsGB4Lm/,"Benarkah kondisi karhutla di Kalimantan masih bisa disebut normal? Coba lihat gambaran dari udara ini! Pada 23 September 2026, Kepala BNPB Suharyanto melaporkan dalam rapat terbatas bersama Presiden b",sumardionogeologist7,2026-09-28T22:44:19Z,karhutla_kalimantan,2026-09-29,18151967593535366,,False,fbfab8abc7,tumben punya presiden segoblok ini,0,2026-09-28T23:07:13Z,
